Instrução,PPL,BLEU,ROUGE-1 F1,ROUGE-2 F1,ROUGE-L F1,Faithfulness,Answer Relevance,Plan Adherence,Gerado,Referência
Quais temas exploram a neurociência cognitiva e a ...,6.24,1.04,0.212,0.036,0.153,0.625,0.35,0.5,"Até a data do meu último conhecimento em 2023, não tenho informações específicas sobre um livro que aborde explicitamente a neurociência cognitiva e a inteligência artificial. No entanto, posso fornecer uma visão geral de como esses dois campos podem ser interligados em diferentes áreas.

A neurociência cognitiva estuda o funcionamento do cérebro em relação ao processo cognitivo, incluindo percepção, memória, atenção, linguagem, resolução de problemas e execução de tarefas. Isso inclui o estudo de como o cérebro processa informações, como são armazenadas e recuperadas memórias, e como esses processos podem ser afetados por fatores como idade, experiência e doenças.

A inteligência artificial (IA), por outro lado, é uma sub área da computação que visa criar sistemas capazes de simular","O livro explora a interseção da neurociência cognitiva, a psicologia, a filosofia e a IA, focando no conceito humano, a descoberta científica e o entendimento da mente."
Quais são alguns processos e funções intelectuais ...,6.84,0.87,0.184,0.04,0.158,0.857,0.482,0.5,"Excelente pergunta!

A cognição é um processo complexo que envolve várias funções e processos intelectuais que permitem que as pessoas processem, armazenem, classifiquem, gerem e manipulem informações. Aqui estão alguns dos principais processos e funções envolvidos na cognição:

1. **Atenção**: A atenção é a capacidade de se concentrar em uma tarefa ou estímulo específico, ignorando outros estímulos irrelevantes. Isso envolve a capacidade de gerenciar a concentração e a direcionar a atenção para informações importantes.
2. **Percepção**: A percepção é o processo de interpretação das informações sensoriais, como visão, audição, tato, cheiro e paladar. Isso envolve a capacidade de reconhecer padrões, identificar objetos e eventos, e extrair informações relevant","A cognição envolve atenção, memória, linguagem, imaginação, julgamento,
avalição, resolução de problemas, planejamento e tomada de decisão."
Quais são os processos pelo qual os sinais sensori...,10.97,2.4,0.195,0.092,0.169,0.889,0.521,0.5,"Os processos pelo qual os sinais sensoriais são transformados e utilizados no cérebro são complexos e envolvem várias etapas e neurotransmissores. Aqui está uma visão geral dos principais processos envolvidos:

**Processo de detecção e transmissão de sinais**

1. **Detecção**: O cérebro recebe sinais sensoriais a partir dos sensores, que são dispositivos especializados que detectam estímulos ambientais, como luz, som, temperatura, vibração, etc.
2. **Transmissão**: Os sinais sensoriais são transmitidos para o córtex cerebral através de fibras nervosas, que são compostas por axônios e dendritos.
3. **Processamento pré-cortical**: Os sinais sensoriais são processados no córtex pré-cortical, que é uma região localizada acima do córt","Os sinais sensoriais são capturados, transmitidos para regiões do córtex, comunicados por conexões internas e combinados em áreas associativas para uma percepção integrada."
Qual é a função do sono NREM no desempenho cogniti...,4.97,3.1,0.229,0.058,0.152,0.667,0.387,0.5,"O sono não remador (NREM) desempenha um papel fundamental no desempenho cognitivo. O NREM é uma das fases do sono, caracterizada por uma redução significativa na atividade cerebral, mas ainda manteve algumas funções cognitivas. 

Em comparação com o sono REM, o NREM é mais eficiente em reparar e consolidar a memória. Durante o NREM, as células cerebrais liberam substâncias químicas que ajudam a consolidar a memória, tornando-a mais fácil de acessar e reter.","O sono NREM, particularmente o estágio de ondas lentas (SWS), é crucial para a consolidação da memória, melhorando o desempenho cognitivo."
Qual é o impacto da privação de sono na função cer...,7.31,3.65,0.269,0.13,0.199,0.833,0.463,0.5,"A privação de sono pode ter um impacto significativo na função cerebral, afetando várias áreas do cérebro e afetando o desempenho cognitivo, motora e emocional. Aqui estão alguns dos principais efeitos da privação de sono na função cerebral:

1. **Disfunção cognitiva**: A privação de sono pode afetar a memória, a atenção, a resolução de problemas e a tomada de decisões. Isso ocorre porque o sono é essencial para a consolidação da memória e a reorganização de informações.
2. **Redução da velocidade de processamento**: A privação de sono pode reduzir a velocidade de processamento de informações, tornando mais difícil realizar tarefas que exigem atenção e concentração.
3. **Dificuldade de aprendizado**: A privação de sono pode dificultar o aprend","A privação de sono pode levar a uma redução na consolidação das conexões neuronais, afetando atenção, tomada de decisão, plasticidade sináptica e memória."
Quais são os efeitos em longo prazo da privação do...,6.65,2.8,0.201,0.089,0.164,0.833,0.463,0.5,"A privação do sono pode ter efeitos significativos em nossa saúde física e mental, afetando várias áreas do nosso ser. Aqui estão alguns dos principais efeitos em longo prazo:

**Saúde Física:**

1. **Obesidade e diabetes**: A privação do sono pode levar a mudanças nos padrões de metabolismo, aumentando o risco de obesidade e diabetes tipo 2.
2. **Pressão arterial alta**: A privação do sono pode causar aumento da pressão arterial, o que pode levar a problemas cardíacos, como infarto e derrame cerebral.
3. **Imunidade**: A privação do sono pode enfraquecer o sistema imunológico, tornando-nos mais propensos a infecções.
4. **Doenças cardiovasculares**: A privação do sono pode aumentar o risco de doenças cardio","A privação do sono em longo prazo é associada a doenças neurodegenerativas, como as demências, e afeta o desempenho intelectual, acadêmico e trabalho."
Qual é o papel do sono em a manutenção da saúde co...,3.66,1.84,0.235,0.119,0.2,0.875,0.51,0.5,"O sono desempenha um papel fundamental na manutenção da saúde cognitiva e na eliminação de substâncias no cérebro. Aqui estão algumas razões pelas quais o sono é importante:

**Manutenção da saúde cognitiva:**

1. **Consolidação e reforço da memória**: Durante o sono, o cérebro processa e consolidam informações armazenadas durante o dia, reforçando a memória e ajudando a prevenir a perda de memória.
2. **Reorganização e eliminação de informações desnecessárias**: O sono ajuda a eliminar informações desnecessárias do cérebro, o que ajuda a reduzir a distração e a manter a atenção.
3. **Regulação da função emocional**: O sono ajuda a regular a função emocional, reduzindo a ansiedade e a depressão, o","O sono ajuda na manutenção de uma função cognitiva saudável, consolidando memórias e permitindo a eliminação de beta-amiloide, reduzindo o risco de doenças neurodegenerativas."
Quais são os componentes da alma humana conforme d...,32.32,0.32,0.065,0.0,0.065,0.571,0.331,0.5,"De acordo com a filosofia de Platão, a alma humana é composta por três componentes principais:

1.  **O Espírito (ou Psyche):** Refere-se ao aspecto intelectual da alma, responsável por sua consciência, raciocínio e capacidade de aprender e se adaptar ao mundo. É o aspecto mais nobre e eterno da alma.
2.  **O Racionamento (ou Logos):** É o aspecto racional da alma, responsável por sua capacidade de raciocínio, lógica e tomada de decisões. É o aspecto mais intelectual da alma.
3.  **A Raiva (ou Thymos):** É o aspecto emocional da alma, responsável por sua paixão, orgulho e desejo de reconhecimento. É o aspecto mais impulsivo da alma.

Esses três","Cognição, Emoção e Motivação."
Quais regiões do cérebro estão relacionadas a proc...,5.97,0.44,0.188,0.048,0.156,0.6,0.35,0.5,"As regiões do cérebro associadas a processos cognitivos e emocionais são diversas e complexas. Aqui estão algumas das principais áreas envolvidas:

**Cognitivos:**

1. **Córamina (Corpus Callosum)**: Conecta diferentes regiões do cérebro, permitindo a comunicação entre elas.
2. **Corte Mamilar (Cingulum)**: Envolve processos de memória, aprendizado e resolução de problemas.
3. **Hipocampo**: Desempenha um papel fundamental na formação de memórias e na regulação do estado de alerta.
4. **Área Pre-frontal (Prefrontal Córtex)**: Envolve processos de planejamento, execução, regulação emocional e tomada de decisões.
5. **Área Temporal**: Desempenha um papel importante na mem","Processos cognitivos estão ligados às regiões corticais, emocionais aos subcorticais, como a amígdala e o hipocampo."
Quais são as consequências das emoções fortes na a...,5.31,1.77,0.236,0.068,0.169,0.889,0.517,0.5,"As emoções fortes podem ter várias consequências na atividade cerebral relacionada ao controle atencional. Aqui estão algumas das principais:

1. **Redução da atenção**: Emoções fortes podem desviar a atenção do processo de controle atencional, tornando mais difícil focar em tarefas que exigem concentração e prazos. Isso ocorre porque o cérebro prioriza a atenção às emoções fortes, o que pode levar a uma redução na capacidade de processar informações e tomar decisões racionais.
2. **Alterações na estrutura e função cerebral**: Estudos têm mostrado que as emoções fortes podem afetar a estrutura e a função cerebral, incluindo a amígdala, a hipocâmia e a pré-corte. Isso pode levar a alterações na regulação emocional, memória e processamento de informações.","Emoções fortes modulam a atividade do córtex pré-frontal, influenciando o controle atencional. Emocões negativas aumentam a vigilância para ameaças, enquanto emoções positivas podem melhorar a atenção geral."
Quais circuitos neurais mediam a modulação da aten...,8.52,0.4,0.076,0.016,0.061,0.625,0.361,0.5,"Excelente pergunta!

A atenção seletiva por emoções é um conceito complexo que envolve a capacidade de priorizar a atenção para estímulas que são emocionalmente significativas ou relevantes em relação às emoções. Embora não seja um conceito amplamente reconhecido em neurociência, posso fornecer algumas informações sobre os circuitos neurais que podem estar envolvidos nessa capacidade.

**Circuitos cerebrais envolvidos na atenção seletiva por emoções**

1. **Circuito pré-frontal**: O pré-frontal córtex (PFC) desempenha um papel fundamental na regulação da atenção e da emoção. O PFC é responsável por processar e gerenciar a informação emocional, e é envolvido na atenção seletiva em estímulas emocionalmente significativas.
2. **Circ",A amígdala e o córtex cingulado anterior.
Quais áreas cerebrais interagem nos processos de e...,8.04,0.4,0.076,0.015,0.061,0.857,0.49,0.5,"Excelente pergunta!

A interação entre emoção e cognição é um tema complexo e multifacetado, envolvendo várias áreas do cérebro. Aqui estão algumas das principais áreas cerebrais que interagem nos processos de emoção e cognição:

**Emoção:**

1. **Amígdala**: localizada no lobo temporal, a amígdala é responsável por detectar e processar estímulos emocionais, como sons, visões e cheiros.
2. **Hipocampo**: localizado no lobo temporal, o hipocampo é envolvido na formação de memórias emocionais e na regulação da emoção.
3. **Cingulada**: localizada no lobo frontal, a cingulada é responsável por processar emoções e sentimentos, incluindo a regulação da emoção e a motivação.
4. **","Córtex pré-frontal ventromedial, sistema de recompensa, sistema límbico, amígdala."
Quais regiões do cérebro ajudam a fortalecer a rep...,6.11,0.44,0.069,0.014,0.042,0.75,0.463,0.5,"Excelente pergunta!

Durante a atividade física, o cérebro utiliza várias regiões para processar e armazenar informações emocionais. Aqui estão algumas das principais regiões cerebrais envolvidas na representação neural de estímulos emocionais durante a atividade física:

1. **Área pré-frontal cortical (PFC)**: Localizada na parte anterior do cérebro, a PFC é responsável pela regulação emocional, tomada de decisões e planejamento. Durante a atividade física, a PFC está envolvida na processamento das emoções, especialmente a dor e a ansiedade.
2. **Área de processamento de emoções (amygdala)**: Localizada na base do cérebro, a amígdala é responsável pela detecção e processamento das emoções, incluindo a dor, a ans","Córtex visual primário, córtex temporal inferior, hipocampo, córtex órbito-frontal, córtex pré-frontal, lobo parietal."
Quais são as consequências da falta de atividade f...,11.25,1.53,0.164,0.064,0.138,0.889,0.528,0.0,"Uma pergunta muito importante!

A falta de atividade física em adultos e crianças nos Estados Unidos tem várias consequências negativas para a saúde e o bem-estar. Aqui estão algumas delas:

**Consequências para crianças:**

1. **Obesidade**: A falta de atividade física em crianças aumenta o risco de obesidade, que é um fator de risco para muitas doenças crônicas, como diabetes tipo 2, doenças cardíacas e câncer.
2. **Problemas de desenvolvimento motor**: A falta de atividade física pode afetar o desenvolvimento motor das crianças, levando a problemas como fraqueza muscular, perda de coordenação e equilíbrio.
3. **Problemas de aprendizado**: A falta de atividade física pode afetar o desenvolvimento cognitivo e o desempenho","Os adultos 74% são sedentários, crianças se tornam mais sedentárias, levando a níveis mais baixos de aptidão, doenças crônicas mais cedo."
Quais mudanças no cérebro são relacionadas à práti...,5.67,1.73,0.261,0.077,0.13,0.75,0.433,0.5,"A prática regular de exercícios físicos tem um impacto significativo no cérebro, resultando em mudanças em várias estruturas e funções cerebrais. Aqui estão algumas das principais mudanças que ocorrem:

1. **Aumento da densidade cerebral**: A prática regular de exercícios físicos é associada a um aumento da densidade cerebral, que é uma medida da quantidade de tecido cerebral em relação à volume cerebral. Isso pode levar a uma melhoria na função cerebral e na capacidade de processamento de informações.
2. **Formação de novas conexões sinápticas**: A prática regular de exercícios físicos estimula a formação de novas conexões sinápticas entre as células cerebrais, o que pode melhorar a capacidade de aprendizado e memória.
3. **Plasticidade cerebral**: A prática regular de exerc","Melhoria na plasticidade sináptica, aumento do fluxo sanguíneo cerebral, novas sinapses, fortalecimento das redes neurais, otimização da transmissão de informações, melhorias na atenção e memória. Modulação da atividade de neurotransmissores como a dopamina."
Quais são os benefícios da atividade física regula...,6.82,1.14,0.242,0.043,0.168,0.857,0.497,0.5,"Excelente pergunta!

A atividade física regular tem um impacto significativo na saúde cerebral, com benefícios que vão além do que é conhecido como ""efetos colaterais"" da atividade física, como redução de peso e melhoria do sono. Aqui estão alguns dos principais benefícios da atividade física regular na saúde cerebral:

1. **Melhoria da função cerebral**: A atividade física regular aumenta o fluxo sanguíneo cerebral, o que pode melhorar a função cerebral e a capacidade de processamento cognitivo.
2. **Redução do risco de doenças neurodegenerativas**: A atividade física regular tem sido associada a um redução do risco de doenças neurodegenerativas, como a doença de Alzheimer e a doença de Parkinson.
3. **Melhoria da memória**: A atividade física regular pode melhorar a memória","Aumenta a disponibilidade de dopamina, melhora a motivação e o entusiasmo para aprender, estimula a liberação de BDNF para crescimento de neurônios, melhora a aprendizagem, o humor, a memória e a atenção, e reduz a inflamação sistêmica e cerebral."
Qual é o benefício da prática regular de atividade...,2.71,2.04,0.184,0.067,0.132,0.7,0.428,0.5,"A prática regular de atividade física tem vários benefícios para o corpo e a mente, incluindo a redução do estresse crônico e da inflamação.

**Benefícios para o estresse crônico:**

1.  **Redução da ansiedade e do estresse**: A atividade física regular ajuda a reduzir os níveis de cortisol, a hormona do estresse, e a diminuir a ansiedade e a tensão muscular.
2.  **Melhoria do humor**: A atividade física libera endorfinas, que são substâncias químicas que promovem o bem-estar e a felicidade.
3.  **Redução da pressão arterial**: A atividade física regular ajuda a reduzir a pressão arterial, o que pode ajudar a prevenir doenças cardíacas e reduzir o estresse crônico.
4","O exercício regular pode reduzir o estresse crônico, inflamação e melhorar a função cognitiva."
Que fatores ambientais podem influenciar o neurode...,29.98,0.3,0.048,0.0,0.048,1.0,0.542,0.5,"Excelente pergunta!

Os fatores ambientais podem desempenhar um papel significativo no neurodesenvolvimento, especialmente durante a infância e a adolescência. Aqui estão alguns dos principais fatores ambientais que podem influenciar o neurodesenvolvimento:

1. **Nutrição**: A dieta materna e infantil é crucial para o desenvolvimento cerebral. Uma dieta rica em nutrientes essenciais, como ômega-3, vitamina D e ferro, pode apoiar o desenvolvimento cerebral e ajudar a prevenir problemas neurológicos.
2. **Exposição à luz natural**: A exposição à luz natural é essencial para o desenvolvimento da retina e do sistema nervoso central. Infantes nascidos em ambientes com pouca luz natural podem ter dificuldade em regular seu ritmo circadiano e podem apresentar problemas de sono.
3. **Estilo de vida mat",Privação sensorial e enriquecimento ambiental.
Quais são os efeitos do enriquecimento ambiental n...,10.18,0.87,0.154,0.039,0.115,0.833,0.47,0.5,"O enriquecimento ambiental é um conceito que se refere à exposição de indivíduos a uma variedade de estímulos sensoriais, sociais e cognitivos em um ambiente rico e diversificado. Essa exposição pode ter um impacto significativo no desenvolvimento cerebral, especialmente em crianças e adolescentes. Aqui estão alguns dos efeitos do enriquecimento ambiental no desenvolvimento cerebral:

1. **Desenvolvimento cognitivo**: O enriquecimento ambiental pode estimular o desenvolvimento cognitivo, incluindo a melhoria da memória, da atenção e da resolução de problemas.
2. **Aumento da criatividade**: A exposição a estímulos artísticos, musicais e culturais pode estimular a criatividade e a imaginação.
3. **Desenvolvimento social**: O enriquecimento ambiental pode ajudar a","Enriquecimento ambiental melhora plasticidade cerebral, capacidade cognitiva, forma de sinapses, formação de dendríticas, vascularização, neurogênese. Ele aumenta neurotrofinas (NGF, NT-3, BDNF) e altera a ativação de neurônios colinérgicos, serotonina, receptores adrenérgicos."
Quais alterações na estrutura e conectividade neur...,9.44,2.0,0.105,0.08,0.092,0.9,0.55,0.5,"A privação sensorial em infantes é um estado de redução significativa das atividades sensoriais, que pode afetar o desenvolvimento cognitivo e social de um bebê. Estudos têm mostrado que a privação sensorial em infantes pode levar a alterações na estrutura e conectividade neural, que podem ser observadas em várias áreas do cérebro. Aqui estão algumas das principais alterações associadas à privação sensorial em infantes:

1. **Redução do tamanho e da atividade da amígdala**: A amígdala é uma região do cérebro responsável por processar emoções e estímulos sensoriais. Estudos mostraram que a privação sensorial em infantes pode levar à redução do tamanho e da atividade da amígdala, o que pode afetar a capacidade de reconhecer e processar emoções.
2.","Alterações na estrutura e conectividade neuronal, incluindo distúrbios perceptivos, cognitivos e sociais crônicos."
Qual é a importância de estudar o enriquecimento a...,7.41,0.99,0.189,0.055,0.122,0.75,0.436,0.5,"Estudar o enriquecimento ambiental e privação sensorial na neurociência é fundamental para entender como o ambiente influencia o desenvolvimento e a funcionalidade do cérebro. A interação entre o ambiente e o cérebro é uma área de estudo complexa e multifacetada, e o enriquecimento ambiental e privação sensorial são dois aspectos específicos que podem ter impactos significativos na saúde e no desenvolvimento cognitivo.

**Enriquecimento ambiental:**

O enriquecimento ambiental refere-se ao estímulo e à variedade dos estímulos que o ambiente oferece, que podem afetar o desenvolvimento e a plenitude cerebral. Estudos têm demonstrado que a exposição a um ambiente rico em estímulos, como sons, luzes, texturas e cheiros, pode:

1. **Desenvolver a plasticidade cerebral**: A exposição","É essencial para desenvolver terapias que melhorem a saúde e o bem-estar, abordando o impacto no cérebro e comportamento."
Quais alterações moleculares são associadas ao nat...,14.55,0.75,0.137,0.063,0.124,0.714,0.407,0.5,"O envelhecimento cerebral é um processo complexo que envolve uma série de alterações moleculares e celulares que ocorrem ao longo do tempo. Aqui estão algumas das principais alterações moleculares associadas ao envelhecimento cerebral:

1. **Degeneração de neurônios**: Com o tempo, neurônios podem morrer ou se tornar menos eficazes, o que pode levar à perda de função cognitiva e memória.
2. **Redução da expressão de genes**: A expressão de genes relacionados à saúde e ao desenvolvimento cerebral pode diminuir com o tempo, o que pode afetar a função cerebral.
3. **Alterações na síntese de proteínas**: A síntese de proteínas pode ser alterada no envelhecimento cerebral, o que pode levar à formação de proteínas anormalmente agregadas (agres) que podem","Senescência neuronal, exaustão de células-tronco neurais, aumento da apoptose, agregação de proteínas, disfunção mitocondrial, acumulação de danos no DNA."
Qual é a faixa percentual de prevalência do declín...,15.58,0.4,0.016,0.0,0.016,0.444,0.259,1.0,"De acordo com a Organização Mundial da Saúde (OMS), cerca de 10% das pessoas com mais de 60 anos apresentam declínio cognitivo moderado ou grave, enquanto cerca de 5% apresentam declínio cognitivo severo.

No entanto, é importante notar que esses números podem variar dependendo da definição de declínio cognitivo, da população estudada e dos métodos de avaliação utilizados.

Um estudo publicado na revista ""Lancet Neurology"" em 2019, que analisou dados de 143 mil pessoas de mais de 60 anos em 18 países, encontrou que:

* 24,4% das pessoas com mais de 60 anos apresentavam declínio cognitivo leve
* 10,3% apresentavam declínio cognitivo moderado
* 3,4% apresentavam decl",Entre 6.7% e 25.2%.
Qual é a taxa anual de evolução do declínio cognit...,4.91,8.35,0.231,0.193,0.218,0.727,0.457,1.0,"A taxa anual de evolução do declínio cognitivo pode variar dependendo de vários fatores, incluindo a idade, o estilo de vida, a genética e a presença de condições médicas subjacentes. No entanto, aqui estão algumas diretrizes gerais sobre a evolução do declínio cognitivo e a probabilidade de desenvolvimento da demência:

**Evolução do declínio cognitivo:**

*   A velocidade da evolução do declínio cognitivo pode variar de pessoa para pessoa, mas em geral, as pessoas com declínio cognitivo subácuto (DCA) ou declínio cognitivo leve (DCL) podem esperar uma evolução de 1-2% por ano.
*   As pessoas com declínio cognitivo moderado (DCM) podem esperar uma evolução de 2","A taxa anual de evolução do declínio cognitivo é aproximadamente 5-17%, indicando uma alta probabilidade de desenvolvimento da demência."
Quais biomarcadores são utilizados para identifica...,10.51,0.73,0.15,0.038,0.1,0.857,0.494,0.5,"Os biomarcadores utilizados para identificar a possibilidade de progressão da demência variam dependendo do tipo de demência e da etiologia subjacente. No entanto, aqui estão alguns dos mais comuns:

1. **beta-amyloid (Aβ)**: A presença de Aβ é um marcador comum da doença de Alzheimer, uma das principais causas de demência. A detecção de Aβ no líquido cerebrospinal (LCS) ou no sangue pode ajudar a prever a progressão da doença.
2. **tau (tufa)**: A tau é outra proteína associada à doença de Alzheimer e outras formas de demência. A presença de tau pode ser detectada no LCS ou no sangue, e é considerada um marcador de progressão da doença.
3. **Neurofilamentos (NF-H and NF-M)**: Os neuro","Proteínas beta-amiloides, genótipo APOE4, níveis anormais de proteína tau no líquido cefalorraquidiano e depósitos de proteína tau nos lobo lateral temporal."
Quais são os principais sintomas da demência que a...,12.56,1.74,0.081,0.041,0.081,0.889,0.519,0.5,"A demência é uma condição neurológica caracterizada por uma perda gradual da função cognitiva, que pode afetar a capacidade de realizar tarefas diárias, como tomar decisões, lembrar eventos e interagir com o mundo ao seu redor. Os principais sintomas da demência que afetam a vida diária das pessoas idosas incluem:

1. **Dificuldade em lembrar**: Esquecimento de eventos, pessoas, lugares e datas é um dos principais sintomas da demência. Pode ser difícil lembrar o que foi feito ontem, ou mesmo o que foi feito há algumas horas.

2. **Perda de orientação**: A perda de orientação no espaço e no tempo é outro sintoma comum. Pode ser difícil entender o que está acontecendo no momento, ou saber o que data e o que foi feito ontem","Deterioração da função cognitiva, impacto nas atividades sociais, ocupacionais e domésticas."
Quais são os dois principais grupos de demências m...,5.25,4.15,0.352,0.178,0.277,0.667,0.383,0.5,"Os dois principais grupos de demências são:

1.  **Demência de Alzheimer**: uma doença neurodegenerativa caracterizada pela perda gradual da memória e da função cognitiva, que afeta a capacidade de aprender, lembrar e realizar tarefas.
2.  **Demência vascular**: uma doença que resulta de danos ao cérebro devido à redução ou interrupção do fluxo sanguíneo cerebral, que pode ser causada por doenças cardíacas, derrames, ou outras condições que afetam a circulação cerebral.

Os exames neurológicos têm como objetivo:

*   **Diagnóstico**: identificar a causa subjacente da demência e determinar se é uma doença degenerativa ou não degenerativa.
*   **Monitoramento**: acompanhar o progresso da doença e avaliar a eficácia do tratamento.
*",Os dois principais grupos são demências neurodegenerativas (como a Doença de Alzheimer) e não degenerativas. Os exames neurológicos ajudam a avaliar demências e outros distúrbios.
Quais marcadores histológicos são associados com d...,16.81,0.33,0.148,0.014,0.107,0.8,0.456,0.5,"Os marcadores histológicos associados com demências variam dependendo do tipo de demência, mas aqui estão alguns dos mais comuns:

**Demência de Alzheimer**

1. **Amplofasse**: uma proteína que se acumula nos neurônios e é associada à demência de Alzheimer.
2. **Tau-proteína**: uma proteína que se acumula nos neurônios e é associada à demência de Alzheimer.
3. **A-beta-amyloid**: uma proteína que se acumula nos vasos sanguíneos e é associada à demência de Alzheimer.
4. **Neurofilamentos**: proteínas que se acumulam nos neurônios e são associados à demência de Alzheimer.
5. **S100B**: uma proteína que é expressa nos glóbulos de Lewy e é associada à demência de Alzheimer e outras demências.

**Demência de","Acumulação de proteínas, placas neuríticas, infusão intraneuronal, beta-amiloide, TAU, TDP-45, alfa-sinucleína, microtúbulos, MAPT, FUS."
Qual é uma desordem neurotóxica mencionada no text...,11.29,1.9,0.082,0.0,0.082,0.4,0.271,0.5,"Até o momento não há informações sobre um texto específico, porém uma doença neurotóxica que foi amplamente estudada é a Doença de Huntington.","Hipotireoidismo, Desnutrição severa, Uremia crônica, Vitamina B12, Tiamina, Hepatopatias, Poluentes, Paratireoides, Síndromes Metabólicas, Encefalopatia de Wernicke."
Quais são as duas estratégias utilizadas para gere...,19.65,0.32,0.029,0.0,0.014,0.75,0.423,0.5,"Uma pergunta interessante!

Embora não tenha informações específicas sobre um ""agravo crônico da demência"", acredito que você possa estar se referindo à doença de Alzheimer, que é uma condição crônica caracterizada por perda de memória e outros sintomas cognitivos.

Para gerenciar a doença de Alzheimer, existem várias estratégias que podem ajudar a melhorar a qualidade de vida dos pacientes. Aqui estão duas estratégias comuns:

1. **Terapia Cognitiva**: A terapia cognitiva é uma abordagem que visa melhorar a função cognitiva em pessoas com doença de Alzheimer. Ela envolve atividades e exercícios que ajudam a reforçar habilidades cognitivas, como memória, atenção e resolução de problemas. A terapia cognitiva pode ser realizada individualmente ou em grupo e",Tratamentos sintomáticos e intervenções.
Quais fatores podem controlar a transição do MCI p...,5.33,4.56,0.145,0.107,0.145,0.667,0.369,0.5,"A transição do MCI (Mild Cognitive Impairment, ou Impairamento Cognitivo Leve) para a demência é um processo complexo e não está completamente compreendido, mas existem vários fatores que podem influenciar essa transição. Aqui estão alguns dos principais fatores que podem contribuir para essa transição:

1. **Geral**: A idade é um fator importante. A maioria das pessoas com MCI com idade mais velha tendem a se desenvolver em demência.
2. **Genética**: A predisposição genética pode desempenhar um papel significativo na transição do MCI para a demência. Se você tem um familiar com demência, você pode estar mais propenso a desenvolver a doença.
3. **Pressão arterial alta**: A pressão arterial alta pode aumentar o risco de desenvolver demência, especialmente a demência vascular",Identificar fatores controláveis pode ajudar na transição do MCI para a demência.
Qual artigo discute os efeitos da privação ambient...,6.59,4.01,0.185,0.107,0.172,0.8,0.48,0.5,"Não consegui encontrar informações específicas sobre um artigo que discuta diretamente os efeitos da privação ambiental no cérebro e suas associações com transtornos psiquiátricos. No entanto, posso fornecer informações gerais sobre como a privação ambiental pode afetar o desenvolvimento e a saúde do cérebro, bem como suas conexões com transtornos psiquiátricos.

A privação ambiental, também conhecida como privação ambiental crônica, refere-se ao estresse e ao sofrimento causados por condições ambientais adversas e inseguras, que podem afetar significativamente o desenvolvimento e a saúde do cérebro, especialmente em crianças e adolescentes.

Pesquisas sugerem que a privação ambiental pode ter efeitos negativos no desenvolvimento cerebral, incluindo:

1. **Desenvolvimento cerebral inad",O artigo de Sahoo et al. (2022) aborda-effects cerebrais da privação ambiental e associações com transtornos psiquiátricos.
Quais são os aspectos-chave da atenção em termos d...,10.78,1.4,0.155,0.065,0.142,0.857,0.491,0.5,"A atenção é um processo complexo que envolve várias capacidades cognitivas e psicológicas. Aqui estão alguns aspectos-chave da atenção em termos de adaptação psicológica:

1. **Atenção focada**: A capacidade de se concentrar em uma tarefa específica e evitar distrações. Isso requer a regulação da atenção e a capacidade de priorizar tarefas.
2. **Atenção dividida**: A capacidade de lidar com várias tarefas simultaneamente, como multitarefa. Isso requer a capacidade de dividir a atenção entre várias fontes de estímulo e gerenciar a prioridade das tarefas.
3. **Atenção selectiva**: A capacidade de se concentrar em uma tarefa específica e ignorar outras distrações. Isso requer a capacidade de filtrar informações e priorizar as informações relevantes.","A atenção envolve a focalização consciente em uma tarefa principal, selecionando estímulos específicos para processamento, ignorando outros irrelevantes."
Qual é a sub-divisão do processo de desenvolviment...,9.8,0.38,0.097,0.042,0.097,0.571,0.325,0.5,"Não tenho informações sobre o texto específico em que você se refere. No entanto, posso fornecer uma visão geral do processo de desenvolvimento da atenção, que é frequentemente descrito em diferentes etapas:

1.  **Avaliação da atenção**: Esta é a etapa inicial, onde o bebê começa a perceber o ambiente ao seu redor e começa a se concentrar em estímulos específicos.
2.  **Desenvolvimento da atenção focada (atenção visuomotora)**: Nesta etapa, o bebê começa a se concentrar em objetos específicos, como objetos ou imagens. Isso é uma habilidade importante para o desenvolvimento da atenção.
3.  **Desenvolvimento da atenção auditiva**: Nesta etapa, o bebê começa a se concentrar em sons e ruídos, e começa a distinguir entre diferentes sons","Atenção seletiva, sustentada, atenção dividida e atenção alternada."
Qual é o conceito relacionado à capacidade de alte...,4.95,4.97,0.183,0.114,0.155,0.9,0.535,0.5,"O conceito relacionado à capacidade de alternar atenção entre tarefas sem muita dificuldade é conhecido como ""Flexibilidade de Atenção"" ou ""Flexibilidade de Convergência"".

A flexibilidade de atenção é a capacidade de mudar rapidamente entre diferentes tarefas ou estímulos, sem perder a capacidade de realizar cada uma delas com eficiência. Isso é especialmente importante em situações de trabalho, onde muitas vezes é necessário alternar entre diferentes tarefas, como responder a mensagens, atender a pedidos, trabalhar em um projeto e participar de reuniões.

A flexibilidade de atenção é influenciada por vários fatores, incluindo:

1. **Atenção dividida**: a capacidade de priorizar tarefas e focar em uma delas, mas também ser capaz de se voltar rapidamente para outra tarefa.
2.",A atenção alternada é a capacidade de alternar atenção entre tarefas que exigem diferentes níveis de foco.
Quais condições podem causar alterações em mais de...,6.37,0.42,0.015,0.0,0.015,0.857,0.5,0.5,"Excelente pergunta!

As condições que podem causar alterações em mais de um domínio cognitivo são conhecidas como ""trastornos de múltiplos domínios"" ou ""trastornos de múltiplas interdependências"". Esses distúrbios podem afetar várias áreas da cognição, como memória, atenção, linguagem, execução de tarefas e resolução de problemas, entre outras.

Algumas condições que podem causar alterações em mais de um domínio cognitivo incluem:

1. **Esclerose Ameliotrófica**: uma doença degenerativa que afeta a memória, a linguagem, a execução de tarefas e a resolução de problemas.
2. **Dementia de Alzheimer**: uma doença degenerativa que afeta a memória, a linguagem, a execução de tare","Ansiedade, depressão, esquizofrenia, dislexia, TDAH."
Quais estruturas do cérebro foram identificadas co...,6.79,0.47,0.141,0.029,0.127,0.75,0.435,0.5,"O circuito atencional é uma rede complexa de estruturas no cérebro que estão envolvidas na atenção e na percepção. Algumas das estruturas mais importantes identificadas como parte do circuito atencional incluem:

1. **Córamina**: É uma substância química liberada pelo córtex cerebral que atua como neurotransmissor para os receptores atencionais, ajudando a regular a atenção e a vigilância.
2. **Área pré-frontal**: Localizada na região pré-frontal do cérebro, a área pré-frontal é responsável por controlar a atenção e a planejamento. Ela está envolvida na regulação da atenção, da memória e da execução de tarefas complexas.
3. **Área parietal**: Localizada na região parietal do cérebro, a área pariet","O tálamo, córtex parietal, córtex límbico, região frontal e córtex temporal."
Qual é o pico de sensibilidade à luz e em que part...,6.36,2.4,0.164,0.061,0.134,0.833,0.467,0.5,"Um tema interessante!

O pico de sensibilidade à luz, também conhecido como ""fotossensibilidade"" ou ""sensibilidade à luz intensa"", é um fenômeno que ocorre quando as pessoas reagem de forma intensa à luz intensa, muitas vezes causando desconforto, dor ou até mesmo reações psicológicas.

O pico de sensibilidade à luz ocorre em diferentes pessoas de maneira variada, mas geralmente se assemelha a um pico na faixa de 400 a 500 nanômetros (nm), que é uma parte do espectro visível, aproximadamente na região do azul ou violeta.

Mais precisamente, o pico de sensibilidade à luz está localizado em torno da faixa de 450 nm, que é perto da região do azul. No entanto, é importante notar que a sensibilidade à luz pode variar signific","O pico de sensibilidade é entre 450-480 nm, na porção azul do espectro."
Quais mecanismos biológicos estão relacionados ao ...,9.59,0.41,0.095,0.0,0.068,0.875,0.51,0.5,"O envelhecimento é um processo complexo e multifacetado que afeta muitos aspectos da saúde e do funcionamento cognitivo. A atenção é uma das habilidades cognitivas mais afetadas pelo envelhecimento. Aqui estão alguns mecanismos biológicos relacionados ao envelhecimento que afetam a atenção:

1. **Perda de neurônios e sinapses**: Com o envelhecimento, ocorre uma perda de neurônios e sinapses no cérebro, o que pode levar a uma redução na capacidade de processar e integrar informações. Isso pode afetar a atenção e a capacidade de focar em tarefas.
2. **Redução da plasticidade cerebral**: A plasticidade cerebral é a capacidade do cérebro de se adaptar e reorganizar em resposta a novas experiências. Com o envelhecimento","Inflamação sistêmica, senescência celular, senescência imunológica, disfunções mitocondriais, propensão fibrótica, envelhecimento hormonal, alterações na composição corporal."
Qual condição neurológica está relacionada a uma p...,15.0,0.73,0.075,0.031,0.06,0.923,0.592,0.5,"A condição neurológica que está relacionada a uma perda de memória e atenção leve, com risco aumentado de doenças neurodegenerativas, é a Doença de Alzheimer.

A Doença de Alzheimer é uma doença neurodegenerativa progressiva que afeta a memória, a aprendizagem e a função cognitiva. Ela é caracterizada por uma perda progressiva da capacidade de memória e aprendizagem, além de dificuldades em realizar tarefas diárias e manter a atenção.

Além disso, a Doença de Alzheimer também pode causar sintomas como:

* Perda de memória para eventos e pessoas
* Dificuldade em lembrar de palavras e frases
* Dificuldade em resolver problemas e realizar tarefas complexas
* Dificuldade em realizar tarefas motoras, como cozinhar ou dirigir",Envelhecimento com déficit de atenção leve.
Quais déficits cognitivos são comuns em indivíduos...,8.46,0.84,0.126,0.028,0.112,0.833,0.466,0.5,"O Transtorno de Deficit de Atenção Hiperativa (TDAH) é uma condição neurológica caracterizada por uma série de sintomas, incluindo dificuldade para focar, atenção e controlar impulsos. Embora a percepção de TDAH possa variar de pessoa para pessoa, alguns déficits cognitivos são comumente observados em indivíduos com TDAH. Aqui estão alguns dos mais comuns:

1. **Dificuldade de foco**: Indivíduos com TDAH muitas vezes têm dificuldade em manter a atenção em uma tarefa ou atividade por um período prolongado. Eles podem ter dificuldade em conter a mente e se distraírem facilmente.

2. **Dificuldade em gerenciar a organização**: Muitas pessoas com TDAH têm dificuldade em organizar suas t","TDAH afeta funções executivas, atenção seletiva, memória de trabalho, temporização e tomada de decisão baseada em recompensas."
Quais fatores estão associados à redução no volume...,8.87,0.78,0.103,0.026,0.09,0.846,0.538,0.5,"Os fatores associados à redução no volume de matéria cinzenta do córtex cingulado anterior em adultos com Transtorno de Deficiência de Atenção com Hiperatividade (TDAH) incluem:

1. **Genética**: Estudos sugerem que a variabilidade genética pode desempenhar um papel significativo na determinação do risco de desenvolver TDAH, incluindo a redução do volume de matéria cinzenta no córtex cingulado anterior.

2. **Exposição à toxina de mercúrio**: A exposição a toxinas, como a mercúrio, durante o desenvolvimento fetal ou em crianças pequenas, pode afetar o desenvolvimento cerebral e levar a reduções no volume de matéria cinzenta no córtex cingulado anterior.

3. **Exposição a estresse**: A exposição a estresse crôn","Fatores biológicos como baixo peso ao nascer, tabagismo, exposição a drogas e álcool prenatal, distúrbios psiquiátricos maternos, disfunção familiar e baixo nível socioeconômico."
"Quais sintomas descreve o termo ""hiperfoco"" em ind...",9.09,1.37,0.112,0.065,0.112,0.571,0.34,0.5,"O termo ""hiperfoco"" não é um sintoma em si mesmo, mas sim uma característica que pode ser associada ao Transtorno por Deficit de Atenção Hiperativo (TDAH).

No entanto, os sintomas associados ao TDAH incluem:

- Dificuldade de concentração e atenção
- Dificuldade de manter a atenção em uma tarefa em particular
- Incapacidade de completar tarefas em que a atenção é necessária
- Dificuldade de gerenciar múltiplas tarefas simultaneamente
- Incapacidade de se manter em silêncio ou se concentrar em uma atividade ao mesmo tempo que há ruído de fundo.
- Dificuldade em se manter em silêncio ou se concentrar em uma atividade ao mesmo tempo que há ruído de fundo",Hiperfoco na TDAH é intensa concentração em uma atividade.
Quais funções executivas são menos ativadas em ind...,25.73,0.41,0.088,0.015,0.088,0.857,0.489,0.5,"A dislexia é um transtorno do desenvolvimento caracterizado por dificuldades na leitura, escrita e retenção de informações, mas não é uma deficiência intelectual. Embora a dislexia possa afetar várias funções cognitivas, existem algumas funções executivas que são menos ativadas em indivíduos com dislexia. Aqui estão algumas delas:

1. **Planejamento de tarefas**: Indivíduos com dislexia podem ter dificuldades em planejar e organizar tarefas complexas, o que pode levar a problemas com a priorização e a gestão do tempo.
2. **Memória de trabalho**: A memória de trabalho é a capacidade de armazenar e manipular informações em curto prazo. Indivíduos com dislexia podem ter dificuldades em manter a atenção e armazenar",Atividade da rede de atenção dorsal e das redes de atenção ventral.
Quais são as características clínicas da dislexia ...,29.97,0.48,0.119,0.0,0.09,0.8,0.449,0.5,"A dislexia, também conhecida como dislexia leitora, é uma condição neurológica que afeta a capacidade de leitura e escrita de uma pessoa. Aqui estão algumas das principais características clínicas da dislexia em crianças:

1. **Dificuldade de leitura**: A principal característica da dislexia é a dificuldade de leitura, que pode manifestar-se de várias maneiras, como:
	* Dificuldade de decodificar palavras e frases
	* Dificuldade de reconhecer letras e números
	* Dificuldade de entender a estrutura e o significado das palavras
2. **Dificuldade de escrita**: Além da dificuldade de leitura, muitas crianças com dislexia também apresentam dificuldade de escrita, como:
	* Dificuldade de escrever pal","Deficits em percepção visual, processamento visual temporal, atenção, e possíveis condições oculares. Não todos apresentam prejuízos cognitivos."
Qual é a eficácia dos treinos de atenção visual em...,2.99,3.82,0.182,0.118,0.156,0.857,0.492,0.5,"A eficácia dos treinos de atenção visual em indivíduos com dislexia é um tópico de grande interesse e debate. Embora não haja consenso sobre a eficácia dos treinos de atenção visual em dislexia, existem estudos que sugerem que podem ser benéficos para alguns indivíduos.

A dislexia é uma condição que afeta a capacidade de ler, escrever e processar informações visuais, e a atenção desempenha um papel importante nisso. Alguns estudos sugerem que os indivíduos com dislexia podem ter dificuldades em manter a atenção em tarefas visuais e em aprender novas informações.

Um estudo publicado em 2018 no Journal of Learning Disabilities encontrou que os treinos de atenção visual podem melhorar a capacidade de atenção e a habilidade de processamento de",Os treinos de atenção visual aumentam a velocidade e precisão da leitura em indivíduos com dislexia.
Quais são as funções temporais específicas da área...,9.82,3.02,0.212,0.121,0.172,0.9,0.537,0.5,"Uma pergunta muito interessante!

A área ventral tegmental (VTG), também conhecida como área tegmental ventral, é uma região do cérebro que desempenha um papel crucial no controle de atenção e impulso. Aqui estão algumas das funções temporais específicas da área ventral tegmental nesse contexto:

1. **Regulação da atenção**: A VTG é envolvida na regulação da atenção focada em tarefas cognitivas, especialmente aquelas que exigem uma atenção plena e direcionada, como a resolução de problemas complexos ou a execução de tarefas que requerem concentração.
2. **Gerenciamento do impulso**: A VTG é responsável por regular o impulso e a motivação, influenciando a capacidade de iniciar e manter a atenção em tarefas que exigem esforço",Projeções temporais da Área Ventral Tegmental influenciam o controle de atenção e impulso no Núcleo Accumbens e Cortiço Prefrontal.
Quais biomarcadores são estudados em relação à cog...,5.78,1.21,0.09,0.046,0.09,0.875,0.501,0.5,"Excelente pergunta!

Os biomarcadores são substâncias químicas que podem ser medidos na sangue, cerebro ou outros tecidos para indicar a atividade ou o estado de um processo fisiológico ou patológico. Em relação à cognição e estresse, vários biomarcadores são estudados em residentes para entender melhor como essas condições afetam o cérebro e a função cognitiva.

Aqui estão alguns exemplos de biomarcadores estudados em relação à cognição e estresse entre os residentes:

**Estresse**

1. **Cortisol**: O cortisol é um hormônio que é produzido pelo hipotálamo e regulamenta a resposta do corpo ao estresse. Níveis elevados de cortisol estão associados ao estresse crônico e à ansiedade.
2. **Catecolaminas** (como a noradrenalina e a adrenalina):",Biomarcadores de cognição e estresse.
Quais são as implicações clínicas e tratativas de ...,7.21,0.42,0.109,0.031,0.093,0.7,0.42,0.5,"O Transtorno de Déficit de Atenção e Hiperatividade (ADHD) e o Transtorno Bipolar é dois transtornos neurodesordenes complexos que afetam a função cognitiva, emocional e comportamental de indivíduos. Aqui estão algumas implicações clínicas e tratativas com base nas pesquisas:

**Transtorno de Déficit de Atenção e Hiperatividade (ADHD):**

1. **Diagnóstico e tratamento**: O diagnóstico de ADHD é feito com base em critérios estabelecidos pela American Psychiatric Association (APA) e pelo Manual Diagnóstico e Estatístico de Transtornos Mentais (DSM-5). O tratamento pode incluir medicamentos, terapia comportamental e mudanças no estilo de vida.
2. **Medicamentos**: Os medicamentos mais com","Implicações incluem diagnóstico preciso e estratégias terapêuticas adequadas, considerando a interseção das condições."
"Quais áreas de estudo são abordadas no ""Neurociênc...",15.2,0.98,0.138,0.07,0.121,0.889,0.531,0.5,"O ""Neurociência Cognitiva - Um Guia Neurocientífico para o Pensamento"" é um livro que aborda várias áreas de estudo relacionadas à neurociência cognitiva. Algumas das áreas abordadas incluem:

1. **Atividades Cognitivas**: O livro discute as atividades cognitivas, como percepção, memória, linguagem, resolução de problemas, processamento de informações e atenção.

2. **Neurobiologia Cognitiva**: Ele examina a neurobiologia por trás das atividades cognitivas, incluindo a neuroanatomia, neurofisiologia e neuroquímica que regem o funcionamento do cérebro humano.

3. **Psicologia Cognitiva**: O livro aborda a psicologia cognitiva, que estuda como as pessoas processam e gerenciam a informação. Is","Neurociência Cognitiva, neurobiologia, desenvolvimento do cérebro, ciências da idade."
Qual é o estado de estar consciente e como está re...,5.96,7.56,0.363,0.211,0.231,0.889,0.516,0.5,"Um tema fascinante!

A consciência e o estado de estar consciente são conceitos complexos e multifacetados, e ainda há muitas questões abertas na neurociência cognitiva. No entanto, posso fornecer uma visão geral sobre como o estado de estar consciente está relacionado ao nível de alerta de um indivíduo.

**Definição de consciência**

A consciência é a percepção de si mesmo e do ambiente como um todo, incluindo a percepção de seus pensamentos, emoções e sensações. Ela é considerada a capacidade de estar ciente de si mesmo e do mundo ao seu redor.

**Níveis de consciência**

Existem vários níveis de consciência, que podem variar dependendo da situação e da atividade. Aqui estão alguns exemplos:

1. **Consciência profunda**: É o n","O estado de estar consciente é um estado de lucidez e vigília que permite perceber e reagir aos estímulos, sendo um conhecimento de si mesmo e do ambiente, enquanto o nível de consciência está relacionado ao grau de alerta do indivíduo."
Quais são as principais características do nível d...,82.66,0.68,0.098,0.028,0.07,0.25,0.144,0.5,"O RDOC (Relato de Consciência de Desempenho Operacional) é um modelo de avaliação da consciência proposto por Peter Salovey e Jonathan D. Myers em 1995. De acordo com o RDOC, a consciência é uma hierarquia de níveis, que são:

1.  **Consciência de Desempenho Operacional (O-1):** Esta é a mais baixa consciência e corresponde ao estado em que as pessoas estão conscientes dos seus próprios pensamentos e ações, mas não é capazes de refletir sobre a razão por trás das suas ações. É caracterizada por uma consciência focada na execução de tarefas e na segurança, sem uma compreensão profunda de suas motivações e valores.

2.  **Consciência de Pensamento (O-2):** A consciência de pens",Facilita a interação da pessoa com o ambiente adequadamente ao contexto.
Quais são as duas fontes pelas quais o nível de co...,5.94,0.39,0.014,0.0,0.014,0.75,0.443,0.5,"Uma pergunta interessante!

De acordo com a neurociência cognitiva, o nível de consciência pode ser modulado por duas fontes principais:

1. **Sistema pré-frontal** (SPP): O sistema pré-frontal, localizado na parte frontal do cérebro, é responsável por controlar a consciência e a consciência de si mesmo. Ele regula a atenção, a memória, a tomada de decisões e a regulamentação de emoções. O SPP é considerado uma das principais fontes de modulação da consciência, pois é capaz de influenciar a percepção, a interpretação e a interpretação da informação sensorial.
2. **Sistema de atenção ativa (SAA)**: O sistema de atenção ativa, também conhecido como ""atenção ativa"" ou ""atenção focalizada"", é uma",Estímulos internos (pensamento) e estímulos ambientais (externos).
Quais são as regiões do cérebro responsável pelo e...,58.82,0.31,0.014,0.0,0.014,0.667,0.412,0.5,"Uma pergunta interessante!

De acordo com a neurociência cognitiva, o estado de vigília e consciência é uma combinação de várias regiões do cérebro. Aqui estão algumas das principais regiões envolvidas:

1. **Córtona lateral**: A córtona lateral é uma região localizada na parte lateral do cérebro, responsável por processar informações sensoriais, como visão, ouvido e toque. Ela também está envolvida na regulação do estado de vigília e consciência.
2. **Hipocampo**: O hipocampo é uma região localizada na parte posterior do cérebro, responsável por armazenar e consolidar memórias. Ele também está envolvido na regulação do estado de vigília e consciência, especialmente em relação à perda de memória e ao estado de alerta.
3",Tronco cerebral e diencéfalo.
Quais estruturas são consideradas significativas p...,24.81,0.75,0.075,0.0,0.06,0.75,0.432,0.5,"Excelente pergunta!

Na neurociência cognitiva, existem várias estruturas cerebrais que desempenham papéis importantes na ativação cortical e no funcionamento da consciência. Aqui estão algumas das estruturas mais significativas:

1. **Corticoespinhos**: São regiões do cérebro que recebem e processam informações sensoriais e motoras. Eles estão envolvidos na ativação cortical e na formação da consciência.
2. **Corte cerebral**: É a região do cérebro que separa o hemisfério esquerdo do hemisfério direito. O corte cerebral é responsável por sincronizar a atividade entre os hemisférios e permite a integração de informações de diferentes regiões do cérebro.
3. **Cerebro parietal**: É a região do cére","O SARA, tálamo, córtex parietal e pré-frontal direito."
Qual é o primeiro passo para avaliar o nível de co...,24.73,0.67,0.118,0.053,0.105,0.778,0.462,0.5,"Uma pergunta excelente!

No contexto de neurociência cognitiva, a avaliação do nível de consciência é crucial em situações de emergência, pois pode influenciar a tomada de decisões e o tratamento. Aqui estão os passos iniciais para avaliar o nível de consciência de um paciente em uma situação de emergência:

**Passo 1: Verificar a respiração e a circulação**

Verifique se o paciente está respirando e se a respiração é adequada. Isso é fundamental, pois a falta de oxigênio pode afetar a consciência.

**Passo 2: Verificar a resposta à estímulo**

Verifique se o paciente responde ao estímulo, como:

* Ver se o paciente abre os olhos em resposta ao brilho de uma luz ou ao som de um apito.
* Ver se o paciente responde ao",A avaliação primária e secundária (ABCDE) e a estabilização do paciente.
Qual é o escore mínimo na escala de coma de Glasgo...,8.58,1.02,0.183,0.047,0.137,0.75,0.443,0.5,"Na escala de Consciência de Glasgow (ECG), o escore mínimo para uma pessoa com consciência é 14. A escala de Consciência de Glasgow é usada para avaliar o grau de consciência e a capacidade de um paciente de responder a estímulos. A escala vai de 3 a 15, com 15 sendo o melhor resultado e 3 sendo o pior.

Aqui está uma explicação detalhada da escala:

* 3: Morto
* 4: Profundamente inconsciente
* 5: Inconsciente, mas respira
* 6-8: Inconsciente, respira, mas não resposta a estímulos
* 9-10: Consciente, mas confuso e disorientado
* 11-12: Consciente, mas confuso e disorientado, mas responde a estí","O escore mínimo na ECG é 13, com 3 pontos atribuídos a cada um dos três parâmetros de resposta."
Quais os sinais clínicos observados na avaliação d...,10.52,0.38,0.104,0.015,0.059,0.857,0.489,0.5,"A avaliação do fundo de olho é uma técnica importante na neurologia, especialmente em pacientes com doenças neurológicas que afetam a visão ou a função cerebral. Os sinais clínicos observados na avaliação do fundo de olho podem variar dependendo da doença ou condição subjacente, mas aqui estão alguns sinais comuns:

1. **Dilatação pupilar**: Uma dilatação ou encolhimento anormal da pupila em resposta a estímulos visuais.
2. **Pupila vertical**: Uma pupila que não se move ou se move irregularmente em resposta a estímulos visuais.
3. **Nistagmo**: Movimentos involuntários e repentinos da pupila ou do olho em resposta a estímulos visuais.
4. **Movimentos oculares anormais**: Movimentos anormais dos olhos, como",Sinais de doenças como diabetes e hipertensão intracraniana.
Qual tipo de pupila está associado ao SARA e ao ac...,120.41,2.84,0.0,0.0,0.0,0.1,0.083,0.5,"Não consegui encontrar informações sobre o que a ""SARA"" se refere.",Pupila uncal ou do III nervo craniano.
"Qual manobra indica lesão do tronco cerebral, mas ...",60.75,0.35,0.041,0.0,0.041,0.917,0.603,0.5,"A manobra que indica lesão do tronco cerebral, mas não deve ser feita se houver suspeita de lesão de coluna cervical, é a manobra de Trousseau.

A manobra de Trousseau é uma técnica utilizada para avaliar a pressão intracrâniana (pressão dentro do crânio) e é feita rotando um braço para cima contra a resistência do outro braço. Isso pode causar uma sensação de pressão ou dor no braço se a pressão intracrâniana for elevada, o que pode ser um sinal de lesão do tronco cerebral.

No entanto, se houver suspeita de lesão de coluna cervical, a manobra de Trousseau não deve ser feita, pois pode piorar a lesão e causar dor adicional. Isso ocorre porque a coluna cervical e o tronco cerebral",Manobra oculocefálica; pode agravar um trauma medular associado.
Qual tipo de lesão indica movimentos oculares alte...,18.64,2.15,0.083,0.0,0.083,0.667,0.564,0.5,Uma lesão que pode indicar movimentos oculares alterados na avaliação de coma é a lesão cerebral anterófita.,Lesões estruturais infratentoriais.
Quais são os padrões motores observados na pesquis...,24.6,0.4,0.039,0.0,0.026,0.833,0.478,0.5,"A pesquisa de reflexos é uma área da neurociência que estuda a atividade cerebral involuntária e a resposta de um organismo ao estímulo. Os padrões motores observados na pesquisa de reflexos incluem:

1. **Reflexo monosimpático**: um reflexo automático e involuntário que envolve a contração de um músculo, geralmente em resposta a um estímulo sensorial. Por exemplo, quando você bate na mão, o reflexo monosimpático causa a contração dos músculos do braço para fechar a mão.
2. **Reflexo de flexão (flexor)**: um reflexo que causa a contração dos músculos flexores de um membro, geralmente em resposta a um estímulo sensorial. Por exemplo, quando você pisa no chão, o reflexo de flexão causa a contração dos músculos do","Sinergismo postural flexor, sinergismo postural extensor, reflexos com simetria e sinais patológicos."
Qual é a função dos ritmos circadianos em relação ...,6.3,1.36,0.145,0.04,0.105,0.833,0.464,0.5,"Os ritmos circadianos desempenham um papel crucial em relação à consciência, influenciando a nossa percepção do tempo, a memória, a motivação e a função cerebral em geral.

**O que são ritmos circadianos?**

Os ritmos circadianos são ciclos circulares que ocorrem em nossa vida diária, regulados pela suprimeção do hipotálamo-pituitária-somato-renal (HPSR), um sistema de controle que regula o ciclo de sono e vigília. Esses ritmos são influenciados pela exposição à luz solar e à noite, e são regulados por uma série de hormônios que são liberados em ciclos regulares.

**Efeito nos processos cognitivos**

Os ritmos circadianos têm um impacto significativo nos processos cognitivos, incluindo:

1. **Consciência e atenção**:","Os ritmos circadianos regem as oscilações entre vigília e sono, essenciais para a homeostase e otimização da fisiologia do organismo."
Qual é a distinção entre alterações patológicas da...,6.75,0.72,0.116,0.052,0.103,0.714,0.41,0.5,"Uma pergunta interessante!

As alterações patológicas da consciência são condições que afetam a percepção, a consciência e a experiência subjetiva de uma pessoa. Embora seja um campo complexo e multifacetado, posso tentar explicar a distinção entre diferentes tipos de alterações patológicas da consciência de forma quantitativa.

**Consciência alterada por substâncias**

*   **Alterações por substâncias**: são condições que ocorrem quando uma substância química, como drogas ou medicamentos, afeta a consciência. Por exemplo, a intoxicação por álcool, a dependência química ou a overdose de medicamentos pode alterar a percepção, a consciência e a experiência subjetiva de uma pessoa.
*   **Quantidade de substância**: a quantidade de substância  que está presente no corpo","Alterações quantitativas referem-se ao rebaixamento do nível da consciência, variando de obnubilação a coma."
Quais são as características de um paciente em tor...,10.93,0.7,0.177,0.064,0.114,0.875,0.509,0.5,"Excelente pergunta!

A torpor e a sonolência patológica leve são dois estados de sono que podem ser difíceis de distinguir, mas existem algumas características que podem ajudar a identificar um paciente em torpor versus um em sonolência patológica leve.

**Torpor**

O torpor é um estado de sono mais profundo e mais prolongado do que a sonolência. Ele é caracterizado por:

1. **Pouca consciência**: O paciente pode ter uma consciência reduzida, mas ainda pode responder a estímulos.
2. **Ritmo cardíaco lento**: O ritmo cardíaco é mais lento do que o normal, geralmente abaixo de 60 beats por minuto.
3. **Pressão arterial baixa**: A pressão arterial é mais baixa do que o normal.
4. **Respiração lenta**: A respiração é mais l","Tormentos apresentam sonolência, reatividade a estímulos intensos e lentidão eletroencefalográfica, enquanto sonolência leve mostra dificuldade de concentração sem sonolência evidente."
Quais são sinais dos movimentos oculares errantes ...,10.49,1.65,0.139,0.042,0.111,0.364,0.216,0.5,"Os movimentos oculares errantes, também conhecidos como movimentos oculares espontâneos ou movimentos oculares irremovíveis, são uma condição médica que ocorre em pacientes em coma, especialmente em quase-morte ou em pessoas com lesões cerebrais graves. Esses movimentos são causados por uma reação do cérebro em resposta à falta de oxigênio e nutrientes, e podem incluir:

1. **Movimentos oculares abertos**: Os olhos se abrem e se fecham de forma irregular, como se estivessem tentando olhar para algo.
2. **Movimentos oculares laterais**: Os olhos se movem lateralmente (para o lado), como se estivessem tentando olhar para algo que está fora do campo de visão.
3. **Movimentos oculares rotacionais**: Os olhos se rotem em cí","Movimentos oculares errantes, nistagmo, transtornos do olhar conjugado, anormalidades dos reflexos oculocefálicos, oculovestibular e falta de reflexo de acomodação."
Que é um estado crepuscular no contexto da consciê...,11.84,2.0,0.143,0.066,0.117,1.0,0.548,0.5,"Um estado crepuscular no contexto da consciência refere-se a uma percepção ou experiência que ocorre ao redor da hora do crepúsculo, que é o período em que o sol se põe e o sol nasce no horizonte, geralmente na manhã ou à noite. Nesse contexto, o termo ""crepuscular"" se refere à experiência de estar em um limiar entre o dia e a noite, quando a luz natural é fraca e a percepção sensorial pode ser alterada.

No entanto, no contexto da consciência, um estado crepuscular se refere a uma situação em que a consciência é alterada ou enfraquecida, geralmente devido a uma condição fisiológica ou psicológica. Isso pode incluir:

1. **Dormência ou letargia**: um estado de sonolência ou falta","Um estado crepuscular é um estado patológico transitório com obnubilação leve da consciência, mas conservação da atividade motora coordenada."
Quais sintomas podem indicar uma crise dissociativ...,15.29,0.34,0.016,0.0,0.016,0.889,0.523,0.5,"Uma crise dissociativa aguda com características pseudoepilépticas pode apresentar uma variedade de sintomas, que podem variar de pessoa para pessoa. No entanto, aqui estão alguns sintomas comuns que podem indicar uma crise dissociativa aguda com características pseudoepilépticas:

1. **Síndrome de ""fuga"" ou ""perda de identidade""**: Sentir-se desconectado do corpo ou da realidade, como se estivesse em um estado de ""fuga"" ou ""outro mundo"".
2. **Dissociação**: Sentir-se desconectado de pensamentos, emoções ou memórias, ou sentir que está vivendo em um ""outro nível"" de consciência.
3. **Síndrome de ""amnésia represiva""**: Esquecer eventos ou experiências recentes, especialmente aqueles que são traumáticos","Abalos musculares, convulsões, ansiedade intensa."
Quais são as referências citadas para a estratégia...,123.11,0.46,0.0,0.0,0.0,0.571,0.322,0.5,"A estratégia defensiva inconscita é um conceito que foi amplamente discutido na psicopatologia, e várias referências importantes foram feitas ao longo da história. Aqui estão algumas das principais referências que citam a estratégia defensiva inconscita:

1. **Sigmund Freud**: Em seu livro ""Introdução ao Psycho-Análise"" (1905), Freud descreveu a estratégia defensiva inconscita como uma forma de evitar a ansiedade e a angústia associadas à realidade, e como um mecanismo de defesa que ajuda a manter a estabilidade psicológica. Ele propôs que os pensamentos e sentimentos inconscientes podem ser uma forma de evitar a confrontação com a realidade, e que a repressão desses pensamentos e sentimentos pode levar a problemas psicológicos","Dalgalarrondo P., DeMyer WE., Robert B. Doroff, Martins HS, Neto RA, Velasco IT., Lent R., Sadock BJ, Sadock VA, Ruiz P., Plum & Posner."
Quais funções são atribuídas ao núcleo locus coeru...,18.15,0.71,0.094,0.016,0.062,0.857,0.491,0.5,"O núcleo locus coeruleus (LC) é um grupo de células no hipocampo do cérebro que é conhecido por produzir e liberar norepinefrina, uma neurotransmissores que desempenha um papel fundamental em várias funções cognitivas e comportamentais. Algumas das principais funções atribuídas ao núcleo locus coeruleus-norepinefrina incluem:

1. **Atenção e vigilância**: A norepinefrina liberada pelo LC ajuda a aumentar a atenção e a vigilância, permitindo que o cérebro se concentre em estímulas importantes e ignore estímulas menos relevantes.
2. **Regulação da emoção**: A norepinefrina também desempenha um papel no processamento emocional, ajudando a regular a reação emocional às estímulas e a manter",Melhora o desempenho adaptativo e a função cognitiva.
Qual tópico aborda Berrios e Berlinck em suas obra...,34.79,0.49,0.0,0.0,0.0,0.25,0.146,0.5,"Até a data do meu último conhecimento em abril de 2023, não consegui encontrar informações específicas sobre Berrios e Berlinck em trabalhos de neurociência cognitiva. É possível que eles sejam autores, pesquisadores ou estudiosos em algum campo específico da neurociência cognitiva, mas não tenho informações suficientes para fornecer uma resposta precisa.

Se você puder fornecer mais contexto ou detalhes sobre quem são Berrios e Berlinck, ou sobre o trabalho que você está procurando, ficarei feliz em tentar ajudar a esclarecer.","Descriptive psychopathology, psicopatologia fundamental."
Qual região cerebral é fundamental para o desenvol...,7.65,1.09,0.111,0.028,0.083,0.875,0.519,0.5,"A região cerebral fundamental para o desenvolvimento da competência social humana é o lobo temporal, mais especificamente a área da amígdala e a região pré-frontal anterior (RPA). 

A amígdala, localizada na parte inferior do lobo temporal, desempenha um papel crucial no processamento emocional e na formação de memórias emocionais. Ela está envolvida na regulação da emoção, da atenção e da memória, e é responsável pela detecção e interpretação de sinais emocionais.

A RPA, localizada na parte superior do lobo temporal, é responsável pela regulação da emoção, da cognição e da toma de decisões. Ela também é envolvida na formação de memórias e na regulação do comportamento social.","Córtex pré-frontal medial, cingulado anterior, giro frontal inferior, sulco temporal, amígdala, hipocampo e ínsula."
Qual é a relação entre cognição social e comportam...,18.84,1.23,0.147,0.062,0.11,0.571,0.319,0.5,"A cognição social é um campo que estuda como as pessoas processam e interpretam as informações sociais, como se relacionam com os outros, e como essas interações afetam nosso comportamento e nossas emoções. A cognição social é fundamental para a formação da nossa identidade, do nosso papel social e das nossas relações interpessoais.

Aqui estão algumas maneiras pelas quais a cognição social afeta o comportamento humano:

1. **Compreensão das intenções e das emoções dos outros**: A cognição social nos permite entender as intenções e as emoções dos outros, o que nos permite responder de maneira apropriada e construtiva. Por exemplo, quando alguém nos sussurra algo em segredo, podemos inferir que está tentando nos manter em segredo.
2. **Conformidade social**: A cognição social nos ajuda a seguir as","A cognição social influencia nossas decisões de comportamento, refletindo
nosmos pensamentos sobre relações sociais e experiências passadas."
Quais são os benefícios da cognição social na vida...,7.5,1.74,0.242,0.11,0.194,0.875,0.51,0.5,"Os benefícios da cognição social na vida adulta e na idade avançada são múltiplos e significativos. Aqui estão alguns dos principais benefícios:

**Benefícios da cognição social na vida adulta:**

1. **Redução do estresse e da ansiedade**: A interação social pode ajudar a reduzir o estresse e a ansiedade, promovendo um estado de bem-estar emocional.
2. **Melhoria da saúde mental**: A cognição social pode ajudar a prevenir ou tratar condições de saúde mental, como depressão e ansiedade.
3. **Desenvolvimento de habilidades sociais**: A interação social ajuda a desenvolver habilidades sociais, como comunicação, empatia e resolução de conflitos.
4. **Aumento da autoestima**: A cognição social pode ajudar a desenvolver uma autoestima mais alta,","Na vida adulta, ajuda na resolução de conflitos e tomada de decisões; no período senil, promove a saúde mental e ajuda a lidar com solidão e desafios emocionais."
Quais mudanças na cognição social ocorrem durante ...,5.76,0.36,0.087,0.0,0.062,0.889,0.52,0.5,"Os primeiros anos de vida são um período crucial para o desenvolvimento cognitivo e social de um ser humano. Durante esse período, ocorrem muitas mudanças significativas na cognição social, que são fundamentais para o desenvolvimento de habilidades sociais e interacionais. Aqui estão algumas das principais mudanças que ocorrem:

1. **Desenvolvimento da percepção social**: Nascidos a 0-6 meses: Os bebês começam a perceber os estímulos sociais, como as expressões faciais e as vozes, e começam a se sentir confortáveis em se aproximar de pessoas.
2. **Desenvolvimento da memória social**: 6-12 meses: Os bebês começam a armazenar memórias sociais e a reconhecer faces e vozes.
3. **Desenvolvimento da linguagem**: 12-18 meses: Os bebês começ","As crianças desenvolvem uma compreensão avançada dos desejos, pensamentos e emoções dos outros, distinguindo-os de suas próprias sensações corporais."
Qual é o marco de desenvolvimento ao longo do prim...,22.7,2.37,0.205,0.108,0.205,0.636,0.537,0.5,"O marco de desenvolvimento que indica a capacidade do bebê de seguir um objeto é o ""Seguimento de Objetos"" ou ""Seguimento de Objetos de Trajetória"" (ou ""Tracking Objects"").",Seguir um objeto em 180 graus aos 2 meses de idade.
Quais são exemplos de marcos úteis para avaliar o ...,22.07,0.45,0.103,0.0,0.085,0.667,0.385,0.5,"Excelente pergunta!

A avaliação do desenvolvimento neuropsicomotor e da linguagem em crianças é fundamental para identificar potenciais desafios e intervenções que possam ser implementadas para apoiar o desenvolvimento saudável. Aqui estão alguns marcos úteis para avaliar o desenvolvimento neuropsicomotor e da linguagem em crianças:

**Desenvolvimento Neuropsicomotor:**

1. **Teste de Gross Motor Skills (TGM)**: Avalia a coordenação motora, equilíbrio, velocidade e agilidade em atividades como caminhar, correr, saltar e esportes.
2. **Teste de Fimotricidade**: Avalia a habilidade de controlar os movimentos finos, como pegar e segurar objetos, usar utensílios e realizar tarefas motoras simples.
3. **Teste de Equilí","Desenvolvimento da teoria da mente, empatia, compreensão complexas de emoções."
Quais são os efeitos da socialização em desenvolvi...,15.37,0.35,0.069,0.014,0.055,0.833,0.468,0.5,"Excelente pergunta!

A socialização é um processo fundamental no desenvolvimento cognitivo infantil. A partir dos 0 até os 5 anos, o bebê se desenvolve em um ambiente social, interagindo com o mundo ao seu redor. Essa interação social tem um impacto significativo no desenvolvimento cognitivo infantil. Aqui estão alguns dos principais efeitos da socialização em desenvolvimento cognitivo infantil:

1. **Desenvolvimento da linguagem**: A socialização ajuda a desenvolver a linguagem e a comunicação. Os bebês aprendem a falar e a entender a linguagem por meio de interações sociais, como falar, ouvir e entender as emoções dos outros.
2. **Desenvolvimento da empatia**: A socialização ajuda a desenvolver a empatia e a compreensão das emoções dos outros. Isso é fundamental para o desenv",Crianças socialmente isoladas têm QI e habilidades de compreensão verbal mais baixas.
Qual área do cérebro é responsável pela compressão...,8.26,2.84,0.174,0.0,0.087,0.875,0.826,0.5,A área do cérebro responsável pela compressão das emoções sociais é a Amígdala.,O córtex pré-frontal medial.
Quais mudanças durante a transição de infância e a...,13.09,0.9,0.152,0.028,0.11,0.923,0.571,0.5,"Durante a transição de infância e adolescência, o cérebro está em constante mudança e desenvolvimento, e essas mudanças podem afetar significativamente o desenvolvimento das habilidades sociais e o bem-estar psicossocial. Aqui estão algumas das principais mudanças que podem influenciar esse desenvolvimento:

**Infância (0-6 anos)**

1. **Desenvolvimento do cérebro**: O cérebro infantil está em constante crescimento e desenvolvimento, especialmente durante os primeiros anos de vida. Isso afeta a formação de conexões sinápticas e a integração de novas informações.
2. **Aprendizado de habilidades sociais**: Os bebês e crianças pequenas aprendem a interagir com os outros, a se comunicar e a desenvolver habilidades sociais básicas, como a empatia e a coop","Mudanças em habilidades cognitivas sociais, como processamento de emoções e desenvolvimento da mentalização."
Quais nós são responsáveis pela mentalização e par...,25.09,0.36,0.075,0.015,0.075,0.429,0.244,0.5,"Excelente pergunta!

A mentalização e a regulação de impulsos são processos complexos que envolvem várias estruturas cerebrais e neurotransmissores. Embora não seja uma única estrutura responsável por esses processos, aqui estão as principais estruturas e neurotransmissores envolvidos:

**Mentalização:**

1. **Cortiço pré-frontal (PFC):** A PFC é responsável pela regulação emocional, pela tomada de decisões e pela mentalização. Ela é envolvida na processamento de informações sensoriais, na avaliação de emoções e na regulação da atenção.
2. **Amígdala:** A amígdala é uma estrutura subcortical que processa emoções e está envolvida na detecção de ameaças ou perigos. Ela também está envolvida na formação de memó","O nó regulador, principalmente o córtex pré-frontal."
Quais fatores contribuem para o desenvolvimento fu...,17.39,0.69,0.075,0.015,0.06,0.889,0.528,0.5,"Os fatores que contribuem para o desenvolvimento funcional e estrutural do cérebro social em adultos incluem:

1.   **Experiências sociais e interações sociais**: Interagir com outras pessoas, ter relacionamentos significativos e participar de atividades sociais é essencial para o desenvolvimento do cérebro social. Isso ajuda a fortalecer a conexão entre as regiões do cérebro responsáveis por emoções, emoções e habilidades sociais.

2.   **Desenvolvimento emocional**: O desenvolvimento emocional é crucial para o desenvolvimento do cérebro social. A capacidade de gerenciar emoções, lidar com o estresse e a ansiedade e desenvolver respostas emocionais saudáveis é fundamental para o desenvolvimento do cérebro social.

3.  **Criança e educação**: A educação e o desenvolvimento durante a","Dificuldades neurocognitivas, comportamento social e a influência do ambiente."
Quais recursos mentais contribuem para a capacidad...,10.95,0.41,0.072,0.029,0.058,0.8,0.468,0.5,"Excelente pergunta!

A capacidade de regular o próprio comportamento em contextos sociais é influenciada por vários recursos mentais. Aqui estão alguns dos principais:

1. **Consciência de si mesmo**: A autoconsciência é a capacidade de ter consciência de seus próprios pensamentos, sentimentos e comportamentos. Isso permite que você possa refletir sobre suas ações e ajustar seu comportamento de acordo.
2. **Regulação emocional**: A regulação emocional é a capacidade de gerenciar suas emoções e reações emocionais. Isso ajuda a evitar que emoções negativas, como raiva ou medo, interferem no seu comportamento social.
3. **Empatia**: A empatia é a capacidade de entender e compartilhar os sentimentos e perspectivas dos outros. Isso ajuda a construir relações sociais sa","Percepção social, teoria da mente, processamento das emoções sociais, raciocínio moral."
Quais fatores influenciam o desenvolvimento das ha...,15.7,0.34,0.069,0.028,0.069,0.75,0.438,0.5,"Excelente pergunta!

O desenvolvimento das habilidades de cognição social em adultos é influenciado por vários fatores. Aqui estão alguns dos principais:

1. **Experiência social**: A exposição a ambientes sociais e interações sociais é fundamental para o desenvolvimento das habilidades de cognição social. Adultos que têm experiências ricas em interações sociais tendem a desenvolver habilidades sociais mais fortes.
2. **Inteligência emocional**: A inteligência emocional, que inclui habilidades como reconhecimento, regulação e expressão das emoções, é fundamental para o desenvolvimento das habilidades de cognição social. Adultos com alta inteligência emocional tendem a ter maior facilidade em se conectar com os outros e a resolver conflitos.
3. **Aprendizado e prática**: A prática e o aprendizado contínuos são fundamentais para o desenvolvimento das","Experiências de vida, educação e cultura."
Quais fatores podem influenciar as mudanças na cog...,9.9,0.44,0.085,0.0,0.07,0.778,0.454,0.5,"Excelente pergunta!

As mudanças na cognição social são um aspecto importante da envelhecimento, afetando a interação social, a comunicação e a percepção social. Vários fatores podem influenciar essas mudanças, incluindo:

1. **Idade**: Com o avanço da idade, a velocidade e a amplitude das mudanças na cognição social podem variar. Embora algumas pessoas envelheçam mais lentamente do que outras, a idade é um fator significativo que pode influenciar a cognição social.
2. **Exposição à doença**: Doenças como Alzheimer, demência e doenças cardiovasculares podem afetar a cognição social, pois podem afetar a capacidade de processar informações, lembrar e se comunicar eficazmente.
3. **Fatores genéticos**: Genética desempenha","Fatores fisiológicos, estilo de vida, condições de saúde relacionadas à idade e experiências de vida."
Qual é o papel da cognição social em indivíduos co...,9.42,1.65,0.141,0.039,0.128,0.857,0.485,0.5,"A cognição social desempenha um papel fundamental na vida de qualquer indivíduo, especialmente em pessoas com doença de Alzheimer. A doença de Alzheimer é uma condição neurodegenerativa caracterizada pela perda gradual da memória e da capacidade de processamento cognitivo, que afeta a capacidade de interagir com os outros, manter relações sociais e realizar atividades diárias.

Em indivíduos com doença de Alzheimer, a cognição social é frequentemente afetada de várias maneiras:

1. **Perda da memória social**: A memória social é a capacidade de recordar eventos, pessoas e interações sociais. Com a doença de Alzheimer, a memória social pode se deteriorar, levando a dificuldades em reconhecer familiares, amigos e colegas de trabalho.
2. **Dificuldades na comunicação**: A doença pode afet","A cognição social é impactada pelas emoções, o estado de saúde do idoso e outros fatores, afetando suas habilidades cognitivas."
Quais distúrbios podem afetar o desenvolvimento da...,9.56,0.37,0.018,0.0,0.018,0.857,0.492,0.5,"Os distúrbios que podem afetar o desenvolvimento da cognição social incluem:

1.  **Autismo (Síndrome de Asperger):** caracterizado por dificuldades na comunicação, em interações sociais e em compreender as normas sociais.
2.  **Distúrbio de Deficiência de Atenção (TDAH):** pode afetar a capacidade de focar e gerenciar as distrações, o que pode dificultar a formação de relacionamentos sociais.
3.  **Distúrbio de Personalidade Obsessivo-Compulsivo (DPD):** pode afetar a capacidade de formar e manter relacionamentos sociais devido à obsessão por certas atividades ou pensamentos.
4.  **Distúrbio de Estresse Pós-Traumático (DEPT):** pode afetar a capacidade","Transtorno do Espectro Autista, Transtorno Bipolar e Esquizofrenia."
Quais são os desafios enfrentados por indivíduos c...,5.83,4.1,0.276,0.14,0.234,0.8,0.478,0.5,"Os indivíduos com esquizofrenia enfrentam vários desafios em relação à cognição social e à Teoria da Mente (ToM). Aqui estão alguns dos principais desafios:

**Cognição social:**

1. **Problemas de interação social**: Os indivíduos com esquizofrenia podem ter dificuldade em interagir de forma eficaz com outras pessoas, o que pode levar a problemas de comunicação, resolução de conflitos e construção de relacionamentos.
2. **Dificuldade em entender os sentimentos e necessidades dos outros**: Eles podem ter dificuldade em ler os sinais não verbais, como linguagem corporal e expressões faciais, o que pode levar a mal-entendidos e mal-interpretarções.
3. **Dificuldade em compreender a perspectiva do outro**: Eles","Os indivíduos com esquizofrenia enfrentam dificuldades na cognição social, Teoria da Mente e no reconhecimento de intenções, emoções e linguagens não literais."
Quais são os impactos de uma capacidade prejudicad...,5.83,3.83,0.234,0.118,0.208,0.875,0.509,0.5,"A capacidade de Tom (Teoria da Mente) é uma habilidade cognitiva que permite ao indivíduo compreender e prever o comportamento e as intenções de outros. Uma capacidade prejudicada de ToM pode ter impactos significativos no funcionamento social e na saúde mental de uma pessoa. Aqui estão alguns exemplos:

**Impactos no funcionamento social:**

1. **Problemas de comunicação**: Uma pessoa com uma capacidade limitada de ToM pode ter dificuldade em entender e interpretar o comportamento dos outros, o que pode levar a mal-entendidos e conflitos sociais.
2. **Dificuldade em formar e manter relacionamentos**: A falta de compreensão das intenções e emoções dos outros pode dificultar a formação e manutenção de relacionamentos sociais saudáveis.
3. **Problemas de le","Uma capacidade prejudicada de ToM afeta negativamente o funcionamento social e agrava os sintomas psiquiátricos, levando a dificuldades em regular emoções e a retirada dos relacionamentos."
Quais são os efeitos dos déficits na cognição soci...,23.07,0.36,0.041,0.0,0.041,0.857,0.49,0.5,"Os déficits na cognição social são um aspecto importante dos transtornos de demência, afetando significativamente a vida das pessoas. A cognição social refere-se ao conjunto de habilidades que permitem que as pessoas interajam eficazmente com os outros, incluindo a compreensão, a interpretação e a gestão de informações sociais, como emoções, intenções e comportamentos.

Os efeitos dos déficits na cognição social em indivíduos com demência podem ser observados em várias áreas, incluindo:

1. **Problemas de comunicação**: A dificuldade em se expressar de forma clara e eficaz, o que pode levar a mal-entendidos e conflitos com os outros.
2. **Dificuldade em entender as emoções**: A falta de compreensão das emoções dos outros, o que pode levar a",Aprimoram os sintomas psiquiátricos e necessitam de tratamento individualizado.
Quais são as consequências das deficiências na men...,6.63,0.4,0.058,0.0,0.044,0.857,0.491,0.5,"As deficiências na mente e desenvolvimento neurológico na infância podem ter consequências significativas e duradouras na vida de uma pessoa ao longo da vida. Aqui estão algumas das principais consequências:

1. **Desempenho acadêmico e social**: Deficiências na mente e desenvolvimento neurológico podem afetar o desempenho acadêmico e social de uma pessoa, levando a dificuldades em aprender e se adaptar a novas informações e situações.
2. **Problemas de saúde mental**: Deficiências neurológicas podem aumentar o risco de problemas de saúde mental, como depressão, ansiedade e transtorno de estresse pós-traumático (TEPT), especialmente se não forem tratadas adequadamente.
3. **Desempenho laboral**: Deficiências na mente e desenvolvimento neurológico podem afetar",Implicam em desafios no desenvolvimento social e cognitivo.
Quais são as associações entre inteligência e cogn...,3.55,2.84,0.247,0.132,0.156,0.9,0.526,0.5,"Excelente pergunta!

A inteligência e a cognição social são dois conceitos complexos e interligados, e a relação entre eles é particularmente interessante em crianças com transtornos do espectro autista (TEA). Aqui estão algumas associações importantes:

**Inteligência:**

* Estudos sugerem que as pessoas com TEA podem ter uma inteligência normal ou superior em alguns aspectos, como a memória espacial, a resolução de problemas e a habilidade de processamento de informações.
* No entanto, a inteligência geral, que se refere à capacidade de realizar tarefas cognitivas complexas e adaptar-se a novas situações, pode ser mais limitada em indivíduos com TEA.

**Cognição social:**

* As crianças com TEA podem ter dificuldades em compreender e interpretar as expressões faciais, os gestos e",O estudo compara associações na cognição social e inteligência em crianças com e sem transtornos do espectro autista.
Quais aspectos da saúde mental são melhorados na t...,20.14,1.68,0.069,0.042,0.055,0.889,0.523,0.5,"A terapia de pacientes com transtorno bipolar pode abordar várias áreas da saúde mental, mas com foco em melhorar a qualidade de vida e o manejo do transtorno. Aqui estão alguns aspectos da saúde mental que podem ser melhorados com terapia:

1. **Gestão do estresse e ansiedade**: A terapia pode ajudar os pacientes a desenvolver estratégias para gerenciar o estresse e a ansiedade, que são comuns em pacientes com transtorno bipolar. Isso pode incluir técnicas de relaxamento, meditação ou exercícios físicos.
2. **Melhoria da autoestima**: A terapia pode ajudar os pacientes a desenvolver uma maior autoestima e confiança em si mesmos, o que pode ser particularmente importante para os pacientes com transtorno bipolar que podem ter sentimentos de inadequação ou insegurança.
3. **Desenv","Função, qualidade de vida e bem-estar."
Quais são os componentes essenciais de um processo...,7.33,2.58,0.193,0.073,0.157,0.833,0.47,0.5,"Os componentes essenciais de um processo de tomada de decisão incluem:

1. **Definição clara do problema ou objetivo**: A identificação clara do que se deseja alcançar ou resolver.
2. **Coleta de informações**: A coleta de dados e informações relevantes para informar a tomada de decisão.
3. **Análise de opções**: A avaliação das opções disponíveis e a seleção da melhor escolha.
4. **Peso das evidências**: A avaliação das evidências e da lógica para justificar a escolha.
5. **Consideração de limitações**: A consideração das limitações e restrições envolvidas na decisão.
6. **Consideração de riscos**: A avaliação dos riscos e benefícios associados à decisão.
7. **Consideração de valores e normas**: A consideração das valores e","O processo de tomada de decisão envolve identificar opções, estimar valores, comparar e escolher para atingir objetivos, minimizando custos de tempo e esforço."
Qual é a base do processo de tomada de decisão (TD...,8.67,1.39,0.179,0.07,0.166,0.6,0.325,0.5,"Uma pergunta interessante!

O processo de tomada de decisão (TD) é um conceito complexo que envolve uma série de etapas e componentes que colaboram para levar a uma escolha eficaz. Embora não haja uma resposta única e definitiva, posso destacar as principais bases do processo de tomada de decisão:

1. **Definição do problema ou necessidade**: A identificação do problema ou necessidade que precisa ser abordada.
2. **Reunião de informações**: Coletar e analisar dados relevantes, incluindo informações de fontes externas, internas e de experiências passadas.
3. **Análise de opções**: Avaliar as opções disponíveis, considerando fatores como:
	* Consequências potenciais
	* Riscos e benefícios
	* Limitações e restrições
	* Prioridades","O processo de TD é baseado no conhecimento prévio ou crença, envolvendo fatores cognitivos, percepção do ambiente e análise de possibilidades."
Qual é a diferença entre tomada de decisão impulsi...,9.22,2.6,0.158,0.088,0.115,0.571,0.322,0.5,"Uma pergunta interessante!

A tomada de decisão impulsiva e deliberativa são dois processos cognitivos que ocorrem em diferentes níveis de complexidade e envolvem diferentes estratégias para tomar decisões.

**Tomada de Decisão Impulsiva:**

A tomada de decisão impulsiva é um processo cognitivo que ocorre quando uma pessoa toma uma decisão rapidamente, sem considerar cuidadosamente as implicações ou as alternativas disponíveis. Isso geralmente ocorre em situações que exigem uma resposta rápida e prática, como evitar um perigo imediato ou seguir uma regra ou rotina estabelecida.

Características da tomada de decisão impulsiva:

* Rápida
* Instintiva
* Não considera muitas alternativas
* Pode ser baseada em regras ou rotinas estabelecidas
* Pode le","Tomada de decisão impulsiva é rápida, envolvendo atalhos cognitivos, enquanto deliberativa é lenta, ponderando variáveis e riscos."
Quais três sistemas principais são envolvidos na t...,11.85,0.75,0.194,0.056,0.167,0.8,0.469,0.5,"Segundo o modelo neuroanatômico, três sistemas principais estão envolvidos na tomada de decisão:

1. **Sistema pré-frontal**: localizado na parte frontal do cérebro, é responsável por processar informações, analisar dados e tomar decisões racionais. Ele é envolvido na elaboração de planos, na regulação do comportamento e na coordenação de ações.
2. **Sistema límbico**: localizado no lobo temporal, é responsável por processar emoções, memórias e experiências subjetivas. Ele é envolvido na formação de emoções e na regulação do estresse, o que pode influenciar a tomada de decisões emocionais.
3. **Sistema de processamento sensorial**: envolve a integração de informações sensoriais de diferentes fontes (visuais, auditivas, olfativas, táte","Sistema de codificação de estímulo, sistema de seleção de ação e sistema de recompensa esperada."
Qual é a função do córtex orbitofrontal no process...,14.18,1.47,0.159,0.067,0.159,0.571,0.324,0.5,"O córtex orbitofrontal (COF) desempenha um papel fundamental na tomada de decisão. Localizado na parte frontal do cérebro, o COF é responsável por processar informações sensoriais, em memória e em emoções, e é envolvido em várias funções cognitivas, incluindo a tomada de decisões.

Aqui estão algumas das principais funções do COF na tomada de decisão:

1. **Processamento de informações**: O COF recebe e processa informações sensoriais, como dados sensoriais, memórias e emoções, para fornecer informações relevantes para a tomada de decisão.
2. **Avaliação de riscos**: O COF é responsável por avaliar os riscos e as consequências potenciais de diferentes escolhas, ajudando a reduzir a incerteza e a ansiedade durante a tomada de decis",O córtex orbitofrontal é fundamental no sistema de codificação de estímulo durante a fase de análise.
Qual sistema neural interliga regiões cerebrais re...,7.83,1.57,0.221,0.075,0.147,0.583,0.362,0.5,"Um tema fascinante!

O sistema neural responsável por conectar regiões cerebrais relacionadas ao prazer e recompensa é o sistema de prazer e recompensa, também conhecido como ""sistema de prazer"" ou ""sistema de recompensa"". Este sistema é composto por várias regiões cerebrais interconectadas, incluindo:

1. **Núcleo accumbens (NAcc)**: localizado no diencefalo, é considerado o ""centro do prazer"" e é responsável por processar a recompensa associada a uma ação ou estímulo.
2. **Corte cerebral anterior ventral (VTA)**: localizado na parte anterior da amígdala, é uma região que libera dopamina, um neurotransmissor que desempenha um papel fundamental no sistema de prazer e recompensa.
3. **Corte cerebral","O sistema de recompensa esperada interliga regiões como amígdala e córtex pré-frontal, influenciando a escolha por recompensas com base no aprendizado do passado."
Qual região do cérebro é fundamental para a tomada...,7.47,5.33,0.183,0.119,0.157,0.889,0.523,0.5,"Uma pergunta interessante!

A região do cérebro fundamental para a tomada de decisão influenciada pelo sono é o hipocampo. O hipocampo é uma estrutura localizada na parte interna do lobo temporal, e é conhecido por ser envolvido na formação de memórias, aprendizado e, sim, tomada de decisões.

Quando estamos bem descansadoso, o hipocampo está mais ativo e é capaz de processar informações de forma mais eficiente, o que pode afetar a tomada de decisões. Isso ocorre porque o hipocampo é responsável por criar uma ""memória de trabalho"" que pode ser acessada durante a tomada de decisões.

Quando estamos cansados, o hipocampo pode se tornar menos ativo, o que pode levar a decisões mais impulsivas e menos racionais. Isso ocorre porque o","O córtex pré-frontal sofre modulação da ínsula e do córtex cingulado, importante para a tomada de decisão influenciada pelo sono."
Quais são as características da fase 1 do sono?...,19.7,1.12,0.183,0.074,0.134,0.8,0.443,0.5,"A fase 1 do sono, também conhecida como sono não REM, é a primeira fase do ciclo de sono. Ela é caracterizada por uma série de mudanças fisiológicas e neurofisiológicas que ocorrem em resposta ao sono. Aqui estão algumas das principais características da fase 1 do sono:

1. **Fase de relaxamento**: A fase 1 começa com uma redução na atividade cerebral e um aumento da relaxação muscular, tornando o corpo mais receptivo à relaxação e à recuperação.
2. **Baixa frequência cerebral**: Durante a fase 1, a frequência cerebral diminui, passando de cerca de 13 Hz em estado de vigilância para cerca de 4 Hz em estado de sono.
3. **Redução da atividade muscular**: A fase 1 é caracterizada por uma redução na atividade muscular, o que ajuda a relaxar o corpo e prepar","Fase 1 é a fase mais leve com sono superficial, como um cochilo, e diminuição da atividade cerebral."
Quão muitas horas de sono um indivíduo precisa por...,8.4,0.52,0.075,0.015,0.06,0.636,0.383,0.5,"Um tema muito importante!

A quantidade de horas de sono necessário para a regulação completa do corpo e da mente é um tópico de grande interesse e debate entre os especialistas em neurociência cognitiva e fisiologia.

Até o momento, as diretrizes mais atualizadas sugerem que a quantidade de sono necessário para a regulação completa do corpo e da mente varia de acordo com a idade e o estilo de vida. Aqui estão algumas diretrizes gerais:

**Idade:**

* **Crianças (4 a 12 anos):** 9-11 horas de sono por noite.
* **Adolescentes (13-18 anos):** 8-10 horas de sono por noite.
* **Adultos (18-64 anos):** 7-9 horas de sono por noite.
* **Idosos (65 anos ou mais):** 7-8 horas de sono por noite.",De 7 a 9 horas.
Quais são os fatores influenciando a qualidade do ...,29.04,0.4,0.099,0.0,0.07,0.667,0.372,0.5,"Excelente pergunta!

A qualidade do sono e o julgamento são processos complexos que envolvem múltiplos fatores, tanto biológicos quanto ambientais. Aqui estão alguns dos principais fatores que influenciam a qualidade do sono e o julgamento:

**Fatores biológicos:**

1. **Ciclo circadiano**: O ciclo circadiano é o ritmo natural do sono e da vigília que ocorre em 24 horas. A exposição a luz natural ou artificial pode afetar o ciclo circadiano e influenciar a qualidade do sono.
2. **Sistema nervoso**: O sistema nervoso central (SNC) é responsável por regular o sono e o despertar. A hipertensão arterial, a doença de Parkinson e outras condições neurológicas podem afetar a qualidade do sono.
3. **Hormônios**: Os","Sono inconsciente, informations concientes, horas de sono, alimentação, eletrônicos, humor, emoções, emoções, emoções, julgamento."
Quais áreas do cérebro são implicadas na influênci...,45.09,0.36,0.069,0.0,0.056,0.714,0.405,0.5,"Uma pergunta interessante!

As emoções têm um papel significativo no processo de tomada de decisões, influenciando nosso comportamento e escolhas. A influência das emoções nas decisões é um fenômeno complexo que envolve várias áreas do cérebro. Aqui estão algumas das principais áreas envolvidas:

1. **Corte supracortical**: O lobo temporal, especialmente o lobo temporal medial, é responsável por processar emoções e memórias. O lobo temporal é também envolvido na formação de memórias emocionais e na regulação das emoções.
2. **Corte pré-frontal**: O lobo pré-frontal é responsável por planejamento, execução e controle de impulsos. Ele também está envolvido na regulação das emoções, especialmente na supressão de emoções negativas.
3. **Ámago medial**: O",O córtex parietal e o sistema visual são implicados.
Qual é o papel das emoções na tomada de decisão?...,10.25,1.01,0.192,0.091,0.192,0.8,0.442,0.5,"As emoções desempenham um papel fundamental na tomada de decisão, pois podem influenciar significativamente a forma como processamos informações, avaliamos riscos e recompensas e tomamos decisões. Aqui estão algumas maneiras pelas quais as emoções podem afetar a tomada de decisão:

1. **Sensação de prazer ou dor**: Emoções como a alegria, a excitação ou a ansiedade podem aumentar a satisfação ou a dor de uma decisão, o que pode influenciar a probabilidade de que você tome a decisão novamente.
2. **Avaliação de riscos e recompensas**: Emoções como a ansiedade ou a medo podem aumentar a percepção de riscos, enquanto emoções como a confiança ou a confusão podem diminuí-la. Emoções como a aleg","As emoções podem levar a decisões precipitadas, cautelosas ou otimistas, impactando tanto a razão quanto a avaliação de opções."
Quais fatores influenciam a tomada de decisão econ...,5.3,6.35,0.235,0.164,0.235,0.75,0.463,0.5,"A tomada de decisão econômica é influenciada por uma complexa interação de fatores, incluindo aspectos psicológicos, cognitivos, sociais e ambientais. Quando se trata do estresse psicológico e distúrbios cognitivos, esses fatores podem afetar significativamente a capacidade de tomar decisões racionais e eficazes. Aqui estão alguns dos principais fatores que influenciam a tomada de decisão econômica nesse contexto:

**Estresse psicológico:**

1. **Ansiedade e medo**: A ansiedade e o medo podem levar a decisões impulsivas e emocionais, em vez de racionais.
2. **Percepção de risco**: O estresse psicológico pode alterar a percepção de risco, levando indivíduos a subestimar ou","A tomada de decisão econômica é influenciada pelo estresse psicológico, distúrbios cognitivos, labilidad emocional e os desafios financeiros, como a pobreza."
Qual é o papel do córtex pré-frontal e da dopamina...,7.75,2.0,0.161,0.119,0.161,0.75,0.438,0.5,"O córtex pré-frontal (CPF) e a dopamina desempenham papéis importantes na tomada de decisões econômicas. Aqui está uma explicação detalhada de como eles interagem:

**Córtex Pré-frontal (CPF):**

O CPF é uma região do cérebro responsável por controlar a racionalidade, a lógica e a planejamento de longo prazo. Ele é envolvido na execução de tarefas cognitivas complexas, como a resolução de problemas, a tomada de decisões e a planejamento. No contexto das decisões econômicas, o CPF ajuda a avaliar as consequências de diferentes opções, considerar os riscos e recompensas potenciais e selecionar a opção mais eficaz.

**Dopamina:**

A dopamina é um neurotransmissor que desempenha","O córtex pré-frontal planeja decisões, e a dopamina aumenta a otimismo para escolhas recompensadoras."
Quais áreas do cérebro estão implicadas na conduçã...,23.54,0.33,0.0,0.0,0.0,0.706,0.455,0.5,"Uma pergunta muito interessante!

A busca de recompensas baseada em valores emocionais e a tomada de decisão que avalia custo-benefício são processos complexos que envolvem várias áreas do cérebro. Aqui estão algumas das principais áreas envolvidas:

**Recompensas baseadas em valores emocionais:**

1. **Núcleo accumbens (NAcc)**: Localizado no tálamo, o NAcc é uma região crítica para a regulação emocional e a busca de recompensas. Ele é responsável por processar a valorização de experiências agradáveis e pelo desejo de repetir ações que levam a essas experiências.
2. **Córneo supracavernoso (CS)**: O CS é uma região do lobo parietal que está envolvida na avaliação de recompensas","Amígdala, VTA, OFC, dmPFC, vmPFC."
Qual impacto as emoções morais têm nas decisões so...,12.9,1.15,0.105,0.04,0.078,0.667,0.373,0.5,"As emoções morais desempenham um papel fundamental nas decisões sociais, influenciando a forma como as pessoas tomam decisões em relação a situações sociais e éticas complexas. Aqui estão algumas maneiras pelas quais as emoções morais podem afetar as decisões sociais:

1. **Auto-regulação emocional**: As emoções morais, como a empatia, a compaixão e a indignação, podem influenciar a forma como as pessoas se sentem em relação a uma situação social. Por exemplo, se alguém é vítima de discriminação ou violência, a empatia pode levar uma pessoa a tomar ação para ajudar.

2. **Percepção de justiça**: As emoções morais, como a ira e a indignação, podem influenciar a percepção de justiça em uma situação social.",Emotions como culpa e gratidão orientam o comportamento humano nas decisões sociais.
Quais sistemas cerebrais contribuem para a tomada ...,7.81,0.46,0.137,0.0,0.112,0.6,0.357,0.5,"A tomada de decisão social envolve a interação de várias regiões do cérebro, incluindo:

1.  **Corte Mamilário Anterior (CMA):** O CMA é uma região localizada na parte frontal do cérebro, responsável por processar informações emocionais, emoções e sentimentos. É fundamental na avaliação da justiça social, pois regula as reações emocionais e influencia a tomada de decisões em situações sociais.
2.  **Corte Frontal**: O lobo frontal, especialmente o lobo pré-motor, é responsável por planejar e executar ações. Ele é fundamental na tomada de decisões sociais, pois ajuda a avaliar as consequências de nossas ações e a tomar decisões mais racionais.
3.  **Corte Temporal Lateral**: A região temporal é responsável por","O sistema emocional (amígdala, hipocampo), sistema de mentalização (junção temporoparietal, córtex pré-frontal dorsomedial), sistema recompensa (córtex pré-frontal ventromedial) e sistema de controle (córtex frontoparietal)."
Quais fatores influenciam a tomada de decisão huma...,13.62,0.41,0.07,0.029,0.056,0.833,0.473,0.5,"A tomada de decisão humana é um processo complexo que envolve uma combinação de fatores psicológicos, sociais e ambientais. Aqui estão alguns dos principais fatores que influenciam a tomada de decisão humana:

**Fatores psicológicos**

1. **Cognição**: A capacidade de processar e avaliar informações, considerando a percepção, a memória, a atenção e a capacidade de raciocínio lógico.
2. **Emoções**: As emoções podem influenciar significativamente a tomada de decisão, pois podem alterar a percepção das informações e a capacidade de tomada de decisão.
3. **Motivação**: A motivação pode ser um fator importante na tomada de decisão, pois pode influenciar a prioridade e a intensidade da decisão.
4. **","Percepção sensorial, interação social, ambiente físico, estado emocional, personalidade, memórias, sono."
Quão a tomada de decisão impacta diferentes áreas ...,9.97,2.1,0.131,0.072,0.119,0.571,0.319,0.5,"A tomada de decisão é um processo complexo e multifacetado que pode afetar diversas áreas da vida. Aqui estão algumas das principais áreas onde a tomada de decisão pode ter um impacto significativo:

1. **Carrreira e emprego**: A tomada de decisão sobre qual carreira ou emprego escolher pode ter um impacto duradouro na vida de uma pessoa. Escolher um campo que se alinhe com seus interesses, habilidades e valores pode levar a uma satisfação maior e uma carreira mais bem-sucedida.
2. **Saúde mental e física**: As decisões sobre estilo de vida, como dieta, exercícios e hábitos de sono, podem afetar significativamente a saúde mental e física. Decidir-se investir em práticas de saúde preventiva, como check-ups regulares e práticas de estresse, pode prevenir problemas","A tomada de decisão afeta psicologia clínica, fisiopatologia de transtornos mentais, economia comportamental, estratégias de decisões complexas, relações interpessoais, finanças e trabalho."
Quais áreas de estudo estão envolvidas na investig...,16.13,0.36,0.016,0.0,0.016,0.7,0.421,0.5,"Excelente pergunta!

A investigação sobre processos de tomada de decisão envolve várias áreas de estudo interdisciplinares, incluindo:

1. **Psicologia cognitiva**: Estudia o processo de tomada de decisão, incluindo a percepção, a atenção, a memória, a avaliação de riscos e a formação de julgamentos.
2. **Neurociência**: Estudia a atividade cerebral associada à tomada de decisão, incluindo a atividade em regiões como o lobo pré-frontal, o hipotálamo e a amígdala.
3. **Cognição**: Estuda a capacidade de processar informações e tomar decisões, incluindo a percepção, a atenção, a memória e a avaliação de riscos.
4. **Psicologia social**: Estuda como as emoções, a","Neurociencia, Psicologia, Ergonômica."
Quais são alguns dos tópicos abordados pelos artig...,18.28,2.17,0.128,0.0,0.128,0.143,0.101,0.5,"Até o momento, não há artigos especificados para discutir. Posso ajudar com algum outro tópico de neurociência cognitiva?","Cognição da tomada de decisão em doenças, cognição da tomada de decisão, impacto do sono na cognição humana e desenvolvimento."
Quais fatores podem influenciar a fisiologia do so...,25.16,0.89,0.079,0.032,0.063,0.875,0.51,0.5,"Existem vários fatores que podem influenciar a fisiologia do sono de acordo com as revisões mais recentes. Aqui estão alguns dos principais fatores que foram identificados:

1. **Ciclo circadiano**: O ciclo circadiano é o padrão de atividade e inatividade que ocorre no corpo em um período de 24 horas, influenciado pela luz solar e pela produção de hormônios como a melatonina. A sincronização do ciclo circadiano com a luz do sol pode afetar a qualidade e a durabilidade do sono.
2. **Hormônios**: A produção de hormônios como a melatonina, a adrenocorticotropina (ACTH), a gonadotropina liberadora (GnRH) e a hipotálamo-hipófise-adrenal (HPA) pode influenciar o sono. A","Ambientes do sono, higiene do sono, emoções."
Quais emoções afetam a prontidão de ação em decisõ...,8.53,1.89,0.126,0.071,0.126,0.75,0.436,0.5,"Excelente pergunta!

De acordo com a neurociência cognitiva, várias emoções podem influenciar a prontidão de ação em decisões direcionadas a objetivos. Aqui estão algumas das principais emoções que podem afetar essa capacidade:

1. **Euforia**: A euforia é uma sensação de bem-estar e satisfação que pode aumentar a prontidão de ação em decisões que se alinham com os objetivos. Isso ocorre porque a euforia libera neurotransmissores como dopamina, que são associados à recompensa e ao prazer.
2. **Ansiedade**: A ansiedade pode aumentar a prontidão de ação em decisões que se alinham com os objetivos, mas de uma maneira diferente. A ansiedade pode criar um estado de ""pressão"" que impulsiona a ação, mas também",O medo e a felicidade modificam a prontidão de ação.
Quais fatores podem influenciar a tomada de decisã...,26.01,0.4,0.059,0.0,0.059,0.727,0.43,0.5,"Os estudos de neurociência cognitiva e economia têm apontado várias fatores que podem influenciar a tomada de decisão econômica individual. Aqui estão alguns dos principais fatores identificados:

1. **Raciocínio cognitivo**: A capacidade de processar e avaliar informações, considerar opções e escolher a melhor alternativa. Estudos mostram que as pessoas tendem a ser mais racionais quando têm mais tempo e recursos para processar informações e quando estão em um ambiente de baixa pressão (Kahneman & Tversky, 1979).
2. **Heurísticas cognitivas**: A tendência a simplificar a tomada de decisões, usando atalhos mentais, como a regra da mão direita (ou a regra da mão esquerda) ou a regra da proximidade (Tversky & Kahn","Situação financeira, tempo, risco e alfabetização financeira."
Que mecanismos neuronais são discutidos no context...,4.65,4.58,0.148,0.09,0.148,0.875,0.514,0.5,"Um excelente tema!

No contexto da aprendizagem social e tomada de decisão, existem vários mecanismos neuronais que desempenham um papel fundamental. Aqui estão alguns dos mais relevantes:

1. **Sistema de recompensa e punição**: O sistema de recompensa e punição é um mecanismo que regula a aprendizagem social e a tomada de decisão. Quando uma ação é recompensada, o cérebro libera neurotransmissores como a dopamina, que estimulam a liberação de outras substâncias químicas, como a glutamina e a GABA, que promovem a recompensa e a felicidade. Por outro lado, quando uma ação é punida, o cérebro libera neurotransmissores como a ácido glutâmico, que estimulam a liberação de outras substâncias químicas, como",O mecanismo neural de aprendizagem social e tomada de decisão.
Qual é o papel do controle cognitivo na afetividad...,4.97,2.49,0.125,0.07,0.125,0.625,0.353,0.5,"Até a data do meu conhecimento em abril de 2023, não encontrei informações específicas sobre o texto que você mencionou. No entanto, posso fornecer informações gerais sobre o papel do controle cognitivo na afetividade.

O controle cognitivo se refere à capacidade de regular e gerenciar o fluxo de informações, pensamentos e emoções em uma situação. Ele envolve a habilidade de processar informações, priorizar tarefas, gerenciar a atenção e tomar decisões. 

Em termos de afetividade, o controle cognitivo desempenha um papel crucial, pois ele ajuda a regular a resposta emocional às experiências e ao ambiente. Isso inclui reconhecer e gerenciar emoções, lidar com estresse e ansiedade, e manter uma atitude positiva em situações difíceis.

Aqui estão alguns","O controle cognitivo na afetividade é usado para gerenciar experiências emocionais, positivas ou negativas."
Qual é a principal diferença entre emoção e sentim...,6.02,1.57,0.161,0.059,0.161,0.5,0.276,0.5,"Uma pergunta interessante!

Em neurociência cognitiva, a distinção entre emoção e sentimento é importante, embora muitas pessoas as usem de forma intercambiável.

**Emoção** é uma resposta emocional involuntária, automática e instintiva à experiência de estresse ou estímulo. Ela é uma resposta fisiológica, que envolve a liberação de hormônios como a adrenalina, a dopamina e a serotonina, que são produzidos pelo sistema nervoso simpático. As emoções são geralmente associadas a reações prontas e automáticas, como medo, raiva, alegria, tristeza ou surpresa.

**Sentimento**, por outro lado, é uma percepção subjetiva e consciente da emoção, que envolve uma avaliação e interpretação da experiência emocional. O sent","A emoção é uma resposta inconsciente e autônoma, enquanto o sentimento é sua percepção consciente."
Quais emoções são consideradas primárias e como di...,9.95,2.25,0.203,0.11,0.162,0.667,0.369,0.5,"Uma pergunta interessante!

De acordo com a teoria psicológica e neurológica, as emoções podem ser classificadas em primárias e secundárias. Embora haja alguma controvérsia sobre a definição exata dessas categorias, aqui está uma visão geral clara:

**Emoções primárias**

As emoções primárias são aquelas que são evocadas diretamente pela experiência sensorial e são consideradas fundamentais para a experiência subjetiva. São geralmente associadas a respostas fisiológicas básicas e são difundidas por todo o cérebro. As emoções primárias incluem:

1. **Felicidade** (ou alegria): uma sensação de prazer e satisfação.
2. **Tristeza** (ou dor): uma sensação de perda ou desconforto.
3.","As emoções primárias são inatas e independentes do estímulo externo, enquanto as secundárias são moldadas por preceitos socioculturais."
Qual é a relação entre respostas motrôes e emoções...,8.25,1.25,0.152,0.059,0.117,0.75,0.427,0.5,"Não tenho informações específicas sobre um texto, mas posso fornecer uma explicação geral sobre a relação entre respostas motrôes e emoções.

Em neurociência cognitiva, as respostas motrôes são os movimentos voluntários que ocorrem em resposta a um estímulo. Elas são parte do sistema motora do cérebro e envolvem a coordenação de músculos e nervos para produzir uma ação específica.

As emoções, por outro lado, são experiências subjetivas que são associadas a percepções sensoriais e são geradas pela interação entre o cérebro e o ambiente. Elas podem ser associadas a respostas motrôes, pois a expressão de emoções muitas vezes envolve movimentos corporais específicos, como a risada, a angústia ou a expressão de tristeza.

Por exemplo,","Respostas motrôes, como rir ou chorar, são reflexos involuntários de emoções fortes, enquanto respostas voluminárias envolvem processamento neurofuncional mais complexo."
Quais regiões do cérebro são parte do Circuito de ...,4.85,1.53,0.171,0.058,0.129,0.8,0.478,0.5,"O Circuito de Papez, também conhecido como Sistema Límbico, é um sistema complexo que envolve várias regiões do cérebro. As principais regiões envolvidas nesse circuito são:

1. **Hipocampo**: Localizado no lobo temporal, o hipocampo é responsável pela formação e armazenamento de memórias de curto prazo e pela regulação do estresse e da ansiedade.
2. **Amígdala**: Localizada no lobo temporal, a amígdala é responsável pela detecção e processamento de emoções, incluindo medo, fobias e emoções negativas.
3. **Núcleo accumbénsis**: Localizado no lobo frontal, o núcleo accumbénsis é responsável pela recompensa e pelo prazer.
4. **Comissura fóss","Circuito de Papez inclui o córtex cingulado, córtex orbitofrontal, amígdala, córtex parietal, hipocampo, hipotálamo e núcleos anteriores do tálamo."
Quais estruturas são envolvidas no processamento n...,6.79,0.85,0.175,0.036,0.105,0.75,0.426,0.5,"Excelente pergunta!

O processamento das emoções é uma atividade complexa que envolve várias estruturas cerebrais. Aqui estão as principais estruturas envolvidas e suas funções:

1. **Amígdala**: Localizada no lobo temporal, a amígdala é considerada a ""estação de processamento de emoções"". Ela é responsável por detectar e processar sinais de estresse, medo, ansiedade e outras emoções negativas.
2. **Hipotálamo**: O hipotálamo é uma estrutura que se localiza abaixo do amígdala e está envolvida no controle de muitas funções corporais, incluindo a regulação de emoções. Ele ajuda a processar e a integrar informações sensoriais para determinar se é necessário liberar hormônios que regulam a resposta emocional.
3. **Córrea**:","O córtex cingulado, gânglios da base, hipocampo, hipotálamo, sistema nervoso autônomo, sistema imunológico, formam o sistema límbico. O hipotálamo envia sinais para o tronco encefálico, retângulo formador do tronco encefálico, e sistema imunológico, influenciando respostas fisiológicas e comportamentais."
Quais são os principais mecanismos fisiológicos de...,28.59,1.38,0.129,0.044,0.115,0.857,0.49,0.5,"O hipotálamo é uma estrutura complexa e multifuncional no cérebro que desempenha um papel crucial no controle de muitos processos fisiológicos e psicológicos. Aqui estão alguns dos principais mecanismos fisiológicos desencadeados pelo hipotálamo:

1. **Regulação da temperatura corporal**: O hipotálamo é responsável por regular a temperatura corporal, controlando a síntese e perda de calor. Ele libera hormônios que estimulam ou inibem a atividade do hipotálamo supra-hipotalâmico, que por sua vez regula a secreção de hormônios que controlam a temperatura corporal.

2. **Regulação do humor e emoções**: O hipotálamo é envolvido na regulação do humor e emoções, incluindo a ansiedade, a dor, a fome, a sede","A regulação da pressão arterial, temperatura corporal, motilidade do trato gastrointestinal e osmolalidade."
Quais funções é responsável a amígdala em resposta...,7.81,0.98,0.143,0.053,0.117,0.875,0.514,0.5,"A amígdala é uma estrutura cerebral localizada no lobo temporal do cérebro e desempenha um papel crucial na regulação das emoções, especialmente na resposta às emoções e estímulos sensoriais. Aqui estão algumas das principais funções da amígdala em relação às emoções e estímulos sensoriais:

1. **Reconhecimento e processamento de emoções**: A amígdala é responsável por reconhecer e processar sinais de estímulos sensoriais que indicam a presença de emoções, como expressões faciais, tonos de voz, olhos, linguagem corporal e outros sinais não verbais.
2. **Conexão entre o cérebro e o corpo**: A amígdala estabelece uma conexão entre o cérebro e o corpo, permitindo que os sinais de estímulos sensoriais se","A amígdala processa emoções, gera respostas comportamentais, auxilia no relacionamento com o meio ambiente e modula funções afetivas."
Qual fator influencia fortemente o vínculo entre p...,46.15,0.3,0.044,0.0,0.03,0.889,0.517,0.5,"Um fator que influencia fortemente o vínculo entre pais e crianças nascidas é a **qualidade do ambiente familiar e do ambiente de cuidado**. Isso inclui:

1. **Atenção e afeto**: A quantidade e qualidade do tempo dedicado às crianças, o afeto e a atenção mostrada, são fundamentais para o desenvolvimento emocional e emocional das crianças.
2. **Comunicação eficaz**: A capacidade de se comunicar de forma eficaz e eficaz com as crianças, ouvir suas necessidades e expressar suas próprias emoções e pensamentos.
3. **Estabilidade emocional**: A estabilidade emocional dos pais, incluindo a capacidade de gerenciar o estresse e a ansiedade, é fundamental para criar um ambiente seguro e amoroso.
4. **Modelagem de comportamento**: Os pais devem modelar comportamentos positivos",Estímulo pré-natal com conversas e músicas.
Quais são os efeitos da afetividade negativa da mã...,4.46,4.31,0.216,0.11,0.162,0.857,0.484,0.5,"A afetividade negativa da mãe pode ter um impacto significativo na regulação emocional do filho, especialmente em crianças pequenas. Aqui estão alguns efeitos que podem ocorrer:

1. **Desenvolvimento emocional perturbado**: A exposição contínua a afetividade negativa, como a ira, a frustração ou a tristeza, pode afetar o desenvolvimento emocional do filho, levando a uma dificuldade em regular suas próprias emoções e em lidar com situações estressantes.
2. **Modelagem de comportamento**: As crianças aprendem a valorizar e a imitar o comportamento das pessoas ao seu redor. Se a mãe exibe afetividade negativa, o filho pode aprender a lidar com essas emoções de maneira similar, o que pode levar a problemas emocionais em sua vida.
3. **Ansiedade","A afetividade negativa da mãe pode prejudicar a regulação emocional saudável de um filho, afetando seu desenvolvimento."
Qual é o impacto do desenvolvimento emocional na c...,9.21,0.42,0.101,0.029,0.101,0.875,0.514,0.5,"O desenvolvimento emocional tem um impacto significativo na confiança e no desempenho escolar em crianças. A confiança é uma construção importante que influencia o bem-estar emocional, a motivação e o desempenho escolar. Aqui estão algumas maneiras pelas quais o desenvolvimento emocional pode afetar a confiança e o desempenho escolar:

1. **Desenvolvimento de autoestima**: A autoestima é fundamental para a confiança. Quando as crianças desenvolvem uma autoestima positiva, elas são mais confiantes em suas habilidades e mais propensas a se sentir confortáveis em situações sociais e acadêmicas.
2. **Gestão de emoções**: A capacidade de gerenciar emoções é essencial para o desenvolvimento da confiança. Quando as crianças aprendem a reconhe",Crianças com apoio emocional tendem a ter maior autoconfiança e rendimento escolar melhor.
Quais aspectos influenciam o neurodesenvolvimento ...,20.74,0.33,0.043,0.015,0.043,0.8,0.441,0.5,"O neurodesenvolvimento adolescente é um período de grande mudança e transformação no cérebro e no comportamento. Aqui estão alguns aspectos que influenciam o neurodesenvolvimento adolescente:

1. **Puberdade hormonal**: A puberdade hormonal é um período de grande mudança hormonal que ocorre durante a adolescência. Isso leva a alterações no cérebro, incluindo o crescimento do hipotálamo, que regula o apetite, a fome e a saciedade, e a amígdala, que está envolvida na regulação das emoções.
2. **Desenvolvimento cerebral**: O cérebro adolescente está em constante mudança e desenvolvimento. O cérebro de adolescentes está mais propenso a se adaptar e reorganizar em resposta às experiências e ao ambiente.
3. **Neuroplasticidade**: A neuroplasticidade é a capacidade do","Experiências com cuidadores, amizades e valores culturais da família."
Quais fatores estão associados a uma sensibilidade...,18.9,0.39,0.031,0.0,0.031,0.375,0.216,0.5,"Uma pergunta interessante!

A sensibilidade tendenciosa, também conhecida como ""hipersensibilidade"" ou ""sensibilidade excessiva"", é um fenômeno complexo que envolve a reação excessiva a estímulos sensoriais, emocionais ou cognitivos. Embora não seja uma condição diagnóstica clínica específica, a sensibilidade tendenciosa pode ser um sintoma de várias condições neuropsiquiátricas, como o transtorno de estresse pós-traumático (TEPT), a ansiedade, a depressão, a dor crônica e o transtorno de ansiedade de pânico, entre outros.

A sensibilidade tendenciosa é influenciada por uma combinação de fatores, incluindo:

1. **Genética**: A predisposição genética pode influenciar a sensibilidade tendenciosa, com algumas pessoas tendo","Privação emocional na infância, cuidados parentais inadequados e experiências em orfanatos."
Qual é o papel do corpo estriado nos processos com...,9.89,2.49,0.19,0.083,0.15,0.857,0.48,0.5,"O corpo estriado é uma estrutura cerebral importante na região basal forefrontal, localizada no lobo frontal do cérebro. Neste contexto, o corpo estriado é frequentemente associado à regulação do comportamento emocional, à motivação e à toma de decisões. Em adolescentes, o corpo estriado desempenha um papel crucial na maturação desses processos, que são fundamentais para o desenvolvimento social e emocional.

Aqui estão alguns aspectos específicos do papel do corpo estriado nos processos comportamentais dos adolescentes:

1. **Regulação emocional**: O corpo estriado está envolvido na regulação da emoção e da motivação. Em adolescentes, isso significa que eles podem experimentar mais intensos sentimentos e emoções, como raiva, excitação e ansiedade. A capacidade de regular esses sentimentos é fundamental para","O corpo estriado está relacionado à avaliação social e sensibilidade em adolescentes, influenciando decisões e sentimentos sobre aceitação social."
Qual é o papel da amígdala em adolescentes ansioso...,7.26,0.99,0.187,0.081,0.12,0.875,0.5,0.5,"A amígdala é uma estrutura cerebral localizada no lobo temporal que desempenha um papel fundamental na detecção e processamento de emoções, incluindo o medo e a ansiedade. Em adolescentes ansiosos, a amígdala pode desempenhar um papel central na regulação da ansiedade social durante a integração social.

A integração social é um processo complexo que envolve a interação com outras pessoas, a comunicação e a formação de conexões sociais. Em adolescentes ansiosos, a amígdala pode estar hiperativa, o que pode levar a uma resposta de ansiedade intensa em situações sociais. Isso pode resultar em sintomas como tremores, palidez, sudorese e dificuldade em se conectar com os outros.

Uma teoria que tenta explicar essa relação é a ""teoria da amígd","A amígdala fica hiperativa em situações de avaliação de aceitação social, afetando respostas comportamentais e emocionais."
Qual papel a afetividade desempenha no processo de...,6.26,1.32,0.091,0.046,0.091,0.857,0.49,0.5,"A afetividade desempenha um papel fundamental no processo de aprendizagem e desenvolvimento, influenciando diretamente a forma como os seres humanos processam, armazenam e retiram informações. Aqui estão algumas maneiras pelas quais a afetividade afeta a aprendizagem e desenvolvimento:

1. **Regulação emocional**: A afetividade é uma das principais fontes de regulação emocional, e a emoção desempenha um papel crucial no processo de aprendizagem. Emoções positivas, como a alegria e a confiança, podem aumentar a motivação e a atenção, enquanto emoções negativas, como o estresse e a ansiedade, podem impedir a aprendizagem.
2. **Conexão emocional com o material**: A afetividade ajuda a criar uma conexão emocional com o material de aprendizagem",A afetividade tem um papel fundamental na modulação do crescimento cognitivo.
Quais são as mudanças no desenvolvimento cognitivo...,5.67,1.6,0.164,0.025,0.113,0.778,0.451,0.5,"O desenvolvimento cognitivo e cerebral é um processo complexo que envolve mudanças em várias áreas, incluindo memória, atenção, resolução de problemas, linguagem e processamento de informações. Aqui estão algumas das principais mudanças que ocorrem à medida que as pessoas envelhecem:

**Mudanças na memória:**

*   A memória episódica, que é a capacidade de armazenar e recuperar informações específicas, tende a diminuir com o envelhecimento. No entanto, a memória de trabalho, que é a capacidade de processar informações em tempo real, pode aumentar.
*   A memória de trabalho pode se tornar mais eficiente, mas a capacidade de formar novas conexões entre ideias e a capacidade de lembrar eventos de longa duração podem diminuir.
*   A memória visual também pode ser","O desenvolvimento cognitivo continua a se desenvolver até a idade adulta, mas o cérebro experimenta atrofia, perda de massa cerebral e redução na conectividade interneuronal."
Quais diferenças foram observadas entre o desenvol...,15.95,0.86,0.153,0.028,0.111,0.7,0.41,0.5,"Excelente pergunta!

O desenvolvimento cognitivo é um processo complexo e multifacetado que envolve várias capacidades cognitivas, incluindo atenção, memória, execução, linguagem e resolução de problemas. Embora os adultos jovens e adultos velhos compartilhem muitas capacidades cognitivas semelhantes, existem diferenças significativas em suas estruturas e funções cerebrais, o que afeta o desempenho cognitivo em diferentes áreas.

Aqui estão algumas das principais diferenças observadas no desenvolvimento cognitivo de adultos jovens e adultos velhos:

**Adultos Jovens (20-40 anos)**

* Atenção: Os adultos jovens têm uma atenção mais eficaz e flexível, o que permite que eles se concentrem em múltiplas tarefas simultaneamente e mudem de tarefa rapidamente.","Adultos velhos mostraram lentidão cognitiva e diminuição no processamento sensório-motor, impactando o desempenho diário, enquanto a vida afetiva não exibe perdas semelhantes."
Quais são os transtornos que afetam negativamente ...,16.68,0.33,0.046,0.031,0.046,0.875,0.505,0.5,"Os transtornos que afetam negativamente o estado basal de ânimo humano podem variar, mas aqui estão alguns exemplos comuns:

1. **Depressão**: A depressão é um transtorno de humor que afeta a percepção de bem-estar e humor de uma pessoa. Ela pode causar uma sensação de tristeza persistente, perda de interesse em atividades que antes eram prazerosas, fadiga e alterações no sono.

2. **Transtorno Bipolar**: O transtorno bipolar é uma condição que causa mudanças extremas no humor, passando de um estado de euforia (ou mania) para um estado de depressão. O estado basal de ânimo pode ser afetado negativamente, com períodos de depressão ou mania.

3. **Anxiolípticos**: O transtorno de ansiedade pode caus","Transtornos de Humor, incluindo distúrbios da afeto."
Quais quatro componentes originais da teoria dos h...,10.66,0.37,0.035,0.0,0.035,0.625,0.357,0.5,"A teoria dos humores, proposta por Galeno, é um modelo clássico da medicina grega que tentava explicar a psicologia humana e a saúde mental. Ela propôs quatro humores originais, que eram considerados como substâncias fluidas que fluíam pelo corpo humano. Aqui estão os quatro humores originais propostos:

1. **Sanguis** (ou sangue): era considerado o humor mais nobre e sábio, associado à razão e à inteligência.
2. **Pleuris** (ou fleuca): era o humor da fútilidade e da indulgência, associado à paixão e à emoção.
3. **Cáliban** (ou calda): era o humor da bilis, associado à irascibilidade e à raiva.
4. **Melan** (ou","Bile negra, bile amarela, fleuma e sangue."
Quão pode afetar o humor e como os medicamentos in...,4.52,1.17,0.145,0.033,0.113,0.429,0.246,0.5,"O humor é uma complexa interação entre o cérebro, o corpo e o ambiente. O humor é influenciado por uma combinação de fatores, incluindo:

1.  **Química cerebral**: A química cerebral, especialmente a balança de neurotransmissores como serotonina, dopamina e endorfinas, desempenha um papel crucial no humor. A serotonina, por exemplo, é frequentemente associada a sentimentos de alegria e bem-estar. A falta de serotonina pode levar a sintomas de depressão.
2.  **Cirurgia**: A cirurgia cerebral pode afetar o humor, especialmente se a região cerebral envolvida estiver relacionada à regulação do humor, como o hipotálamo ou a amígdala.","O humor pode ser afetado por condições, e os medicamentos podem antecipar ou piorar o distúrbio do humor."
Quais sintomas afetam o cérebro devido a privação ...,20.11,0.68,0.122,0.027,0.108,0.667,0.397,0.5,"A privação de sono e a perturbação do humor podem afetar o cérebro de várias maneiras, levando a uma variedade de sintomas. Aqui estão alguns dos principais efeitos que podem ocorrer:

**Efeitos da privação de sono no cérebro:**

1. **Redução da atenção e do foco**: A privação de sono pode afetar a capacidade de concentração e de manter a atenção em tarefas.
2. **Disfunção executiva**: A privação de sono pode afetar a capacidade de planejar, organizar e executar tarefas.
3. **Memória**: A privação de sono pode afetar a memória de curto prazo e de longo prazo.
4. **Mudanças no humor**: A privação de sono pode levar a irritabilidade, ansiedade e depressão.","Lapses de memórias, percepção distorcida da cognição, diminuição da serotonina, ansiedade, mal-estar."
Qual é um agravante que pode contribuir para mudan...,17.18,0.37,0.042,0.0,0.028,0.857,0.5,0.5,"Um agravante que pode contribuir para mudanças no humor e percepção é a falta de sono. A falta de sono afeta diretamente o cérebro e pode alterar a produção de neurotransmissores que regulam o humor e a percepção. Alguns dos principais efeitos da falta de sono incluem:

*   Alterações no humor: A falta de sono pode levar a sintomas de irritabilidade, ansiedade, depressão e até mesmo psicose em alguns casos.
*   Dificuldade de concentração: A falta de sono pode afetar a capacidade de concentração e a memória, tornando mais difícil para as pessoas realizar tarefas complexas.
*   Alterações na percepção sensorial: A falta de sono pode alterar a percepção sensorial, incluindo a percepção de luz, som e cor, o que pode levar a","Isolamento social, levando a um déficit de reconhecimento emocional."
Qual é a principal diferença entre depressão unipo...,11.83,0.48,0.147,0.045,0.103,0.625,0.356,0.5,"Uma pergunta excelente!

A depressão unipolar e o transtorno bipolar são dois tipos de transtornos do humor que afetam a maneira como as pessoas experimentam e reagem às emoções, mas existem diferenças significativas entre eles.

**Depressão Unipolar (Depressão Maior)**

A depressão unipolar, também conhecida como depressão maior, é um transtorno caracterizado por episódios de baixa energia, fadiga, perda de interesse em atividades, pensamentos negativos e sentimentos de tristeza ou desesperança que duram pelo menos dois dias. Esses episódios podem ser recorrentes e podem afetar a vida diária das pessoas.

**Transtorno Bipolar**

O transtorno bipolar, por outro lado, é um transtorno mais complexo que envolve mudanças extremas no humor, podendo vari","Depressão unipolar envolve tristeza persistente, enquanto bipolar oscila entre mania e depressão."
Quais regiões do córtex cingular são envolvidas no...,8.15,2.26,0.299,0.086,0.193,0.545,0.332,0.5,"Os transtornos de humor são uma classe de condições psiquiátricas que afetam a forma como as pessoas experimentam e expressam emoções, e podem incluir transtornos como a depressão, a ansiedade, a bipolaridade e outros. O córtex cingular é uma região do cérebro que desempenha um papel fundamental no processamento de emoções e na regulação do humor.

**Regiões do córtex cingular envolvidas nos transtornos de humor:**

1. **Córtex cingular lateral (CIL):** Localizado na parte lateral do cérebro, o CIL é responsável pela regulação emocional, incluindo a avaliação de emoções e a formação de memórias emocionais. Na depressão, o CIL pode estar atenuado, o que pode levar a dificuldades em processar e","O giro do córtex cingular anterior, particularmente as subdivisões rostrais e ventrais, está envolvido nos processos emocionais. A subdivisão caudal está associada a processos cognitivos e autocontrole. Em depressão maior e transtorno bipolar, a porção subgenual rostral do córtex cingular e a amígdala mostraram atividade aumentada, enquanto o hipocampo experimentou atrofia."
Quais fatores são associados a interferências no e...,8.63,0.84,0.142,0.043,0.128,0.6,0.364,0.5,"Excelente pergunta!

A interferência em estado afetivo-social e cognitivo é um fenômeno complexo que envolve uma variedade de fatores. Aqui estão alguns dos principais fatores associados a interferências no estado afetivo-social e cognitivo:

**Fatores associados a interferências no estado afetivo-social:**

1. **Estresse crônico**: O estresse crônico pode afetar a capacidade de gerenciar emoções e interações sociais.
2. **Transtornos de ansiedade**: Transtornos de ansiedade, como o transtorno de pânico, podem interferir na capacidade de lidar com situações sociais e afetivas.
3. **Transtornos de depressão**: A depressão pode afetar a percepção e a interpretação de emoções, bem como a capacidade de inter","Fatores individuais, psicológicos, ambientais e alta correlação genética estão envolvidos, afetando a cognição e a qualidade de vida."
Qual fonte discute a integração multisensorial e o...,13.22,0.45,0.0,0.0,0.0,0.5,0.279,0.5,"Uma pergunta interessante!

Existem várias fontes que discutem a integração multisensorial e o envelhecimento. Aqui estão algumas sugestões:

1. **Revista Cerebral**: A revista Cerebral é uma publicação científica que se dedica à neurociência cognitiva e à psicologia cognitiva. Ela tem artigos que abordam a integração multisensorial em diferentes contextos, incluindo a interação entre o cérebro e os sentidos.
2. **Journal of Experimental Psychology: Human Perception and Performance**: Este jornal é uma publicação da Associação Americana de Psicologia (APA) e aborda a percepção sensorial, incluindo a integração multisensorial.
3. **Neuropsychologia**: Esta revista científica aborda a neurociência cognitiva, incluindo a integração multis",Kaohsiung J Med Sci. 2022 Jul;38(7):703-711. doi: 10.1002/kjm2.12539.
Quais fatores podem prever a expressão emocional d...,27.14,0.69,0.097,0.0,0.083,0.727,0.435,0.5,"Excelente pergunta!

A expressão emocional dependente do contexto é um conceito complexo que envolve a capacidade das crianças de ajustar suas respostas emocionais às situações específicas em que estão. Embora seja difícil prever com precisão, alguns fatores podem indicar um alto risco de expressão emocional dependente do contexto em crianças de meia-idade. Aqui estão alguns deles:

1. **História de estresse e trauma**: Crianças que já passaram por experiências de estresse e trauma podem ter mais dificuldade em regular suas emoções e podem se tornar mais dependentes do contexto.
2. **Desenvolvimento social**: Crianças que têm dificuldade em desenvolver habilidades sociais, como comunicação eficaz e regulação emocional, podem ter mais dificuldade em ajustar suas respostas emocionais às situações.",O estresse infantil é um indicador que pode prever o que?
Quais são as funções cognitivas discutidas no estu...,17.05,0.44,0.12,0.014,0.12,0.667,0.368,0.5,"O estudo da gnosi, uma prática espiritual que busca alcançar a consciência divina ou espiritual, envolve várias funções cognitivas. Embora a gnosi seja frequentemente associada à espiritualidade e à experiência mística, ela também envolve processos cognitivos complexos que podem ser estudados em termos de neurociência cognitiva. Aqui estão algumas das funções cognitivas que podem estar envolvidas no estudo da gnosi:

1. **Atenção e concentração**: A prática de meditação e a concentração são fundamentais para a experiência gnóstica. Isso requer a capacidade de se concentrar e se manter focada em um ponto específico, muitas vezes a própria consciência ou a imagem de um mantra ou símbolo.
2. **Percepção sensorial**: A experiência gn","Gnosia envolve reconhecer estímulos, independente da sensação, transformando a sensação em percepção."
Qual é a função principal da segunda unidade funci...,10.09,0.59,0.043,0.015,0.043,0.667,0.393,0.5,"A segunda unidade funcional do cérebro em relação às gnosias é a área pré-frontal, ou mais especificamente, a região pré-frontal superior anterior (PFC). A PFC é responsável pela execução das gnosias, que são a capacidade de realizar processamentos cognitivos complexos, como a percepção, a interpretação e a avaliação de informações.

A PFC é uma região crâniana que se localiza na parte frontal do cérebro, e é conhecida por ser a ""casa"" do pensamento consciente. Ela é responsável por:

1. **Execução das tarefas cognitivas**: A PFC executa as tarefas cognitivas complexas, como a resolução de problemas, a memória de trabalho e a avaliação de informações.
2. **Regulação emocional**: A PFC também regula as emoções, permitindo","Receber, analisar e armazenar informações."
Quais condições podem causar agnosia?...,6.01,0.5,0.104,0.013,0.078,0.8,0.442,0.5,"A agnosia é uma condição caracterizada pela dificuldade em reconhecer objetos, pessoas, sons, palavras ou outros estímulos sensoriais. Ela pode ser causada por várias condições, incluindo:

**Lesões cerebrais**: Lesões na região cerebral responsável pela percepção, como a região occipital (responsável pela visão), a região temporal (responsável por processar sons e palavras) ou a região parietal (responsável pela percepção espacial), podem causar agnosia.

**Doenças neurodegenerativas**: Doenças como a doença de Alzheimer, a doença de Parkinson e a doença de Huntington podem afetar áreas cerebrais responsáveis pela percepção e causar agnosia.

**Lesões por trauma craniano**: Lesões causadas por acidentes de trânsito, queda ou outros ac","Agnosia pode resultar de derrames, tumores, infecções, demência, hipóxia, envenenamento, traumatismo craniano, distúrbios do desenvolvimento ou outras condições neurológicas."
Quais sintomas podem indicar agnosia visual em um ...,28.03,0.61,0.058,0.0,0.058,0.714,0.411,0.5,"A agnosia visual é uma condição neurológica que afeta a capacidade de reconhecer objetos, pessoas, lugares e outros estímulos visuais. Os sintomas podem variar de pessoa para pessoa, mas aqui estão alguns dos mais comuns:

1. **Dificuldade em reconhecer objetos**: O paciente pode ter dificuldade em identificar objetos, mesmo que tenha visto muitas vezes antes.
2. **Dificuldade em reconhecer pessoas**: O paciente pode ter dificuldade em reconhecer amigos e familiares, ou até mesmo pessoas que ele conhece bem.
3. **Dificuldade em reconhecer lugares**: O paciente pode ter dificuldade em reconhecer lugares que ele frequentou anteriormente, como sua casa ou o local de trabalho.
4. **Dificuldade em reconhecer cores**: O paciente pode ter dificuldade em identificar cores, mesmo que ten","Incapacidade de diferenciar objetos como garfos e facas; problemas na vida cotidiana, como se vestir."
Quais são as duas formas de agnosias descritas no ...,33.58,0.26,0.0,0.0,0.0,0.833,0.478,0.5,"As duas formas de agnosia descritas no texto não estão explicitamente mencionadas. No entanto, posso explicar quais são as duas formas mais comuns de agnosia.

A agnosia é um termo médico que se refere a uma perda ou dificuldade em reconhecer objetos, pessoas ou situações, devido a uma lesão cerebral ou doença neurológica.

As duas formas mais comuns de agnosia são:

1. **Agnosia Visual**: É a perda de capacidade de reconhecer objetos, pessoas ou situações visuais. Pessoas com agnosia visual podem ter dificuldade em identificar objetos, reconhecer rostos, ler texto ou reconhecer padrões visuais.

2. **Agnosia Auditiva**: É a perda de capacidade de reconhecer sons, palavras ou frases. Pessoas com",Aperceptiva e associativa.
Que sintomas podem apresentar alguém com agnosia a...,13.59,1.06,0.103,0.045,0.088,1.0,0.602,0.5,"A agnosia associativa é um tipo de agnosia que afeta a capacidade de reconhecer objetos, pessoas ou eventos associados a estímulos sensoriais específicos. Ela é frequentemente causada por lesões no lobo parietal, região cerebral responsável por processar informações sensoriais e associá-las a memórias e experiências.

Alguns sintomas que podem apresentar alguém com agnosia associativa devido a lesão no lobo parietal incluem:

1. **Agnosia de objetos**: A dificuldade em identificar objetos, mesmo quando são apresentados em contexto familiar ou comuns, como uma caneca ou um livro.
2. **Agnosia de pessoas**: A dificuldade em reconhecer pessoas, mesmo quando são apresentadas em contexto familiar ou comuns, como um amigo ou familiar.
3. **Agnosia de eventos**: A","Dificuldade em identificar objetos familiares na mão oposta ao dano, anosognosia."
Quais distúrbios são associados a agnosias visuais...,9.48,2.67,0.143,0.081,0.127,0.857,0.497,0.5,"Os distúrbios associados a agnosias visuais, auditivas e táteis são condições neurológicas que afetam a capacidade de reconhecer e interpretar estímulos sensoriais. Aqui estão alguns exemplos:

**Agnosia Visual:**

1. **Agnosia Visual Primária**: a perda de capacidade de reconhecer formas e objetos visuais básicos, como formas, cores e texturas.
2. **Agnosia Visual Central**: a perda de capacidade de reconhecer formas e objetos complexos, como pessoas, animais e objetos em contextos sociais.
3. **Agnosia Visual Profundidade**: a perda de capacidade de reconhecer profundidade e perspectiva em imagens.
4. **Agnosia Visual Espacial**: a perda de capacidade de reconhecer espaços, objetos e pessoas em context","Distúrbios de reconhecimento visuais, auditivas e táteis sem déficits sensoriais ou cognitivos."
Quais são os 4 tipos de agnosia visual mencionados...,9.69,0.79,0.161,0.054,0.148,0.333,0.199,0.5,"A agnosia visual é um distúrbio neurológico que afeta a percepção e o reconhecimento de objetos e estímulos visuais. Existem vários tipos de agnosia visual, mas aqui estão quatro dos mais comuns:

1. **Agnosia espacial**: é a perda de capacidade de perceber e compreender a relação entre objetos em espaço. Pessoas com agnosia espacial têm dificuldade em perceber a localização de objetos em relação ao corpo ou ao ambiente.
2. **Agnosia de forma**: é a perda de capacidade de perceber a forma e a estrutura de objetos. Pessoas com agnosia de forma têm dificuldade em reconhecer objetos e em entender sua função.
3. **Agnosia de color**: é a perda de capacidade de perceber e interpretar cores. Pessoas com","Os 4 tipos são prosopagnosia, agnosia de objeto, simultanagnosia, agnosia de textura e afantasia. A prosopagnosia é relacionada a reconhecimentos de rostos."
Qual é a diferença entre simultagnosia dorsal e ve...,5.31,0.86,0.153,0.047,0.122,0.5,0.283,0.5,"Uma pergunta interessante!

A simultagnosia é um distúrbio neurológico raro, caracterizado pela dificuldade de processar informações visuais simultâneas. Ela pode afetar a percepção de objetos e padrões visuais.

Existem dois tipos principais de simultagnosia:

1. **Simultagnosia dorsal**: É a forma mais comum de simultagnosia. Pessoas com simultagnosia dorsal têm dificuldade em processar informações visuais simultâneas, especialmente quando se trata de objetos e padrões. Elas podem ter dificuldade em:
	* Reconhecer objetos em conjunto
	* Identificar padrões e padrões complexos
	* Processar informações visuais em conjunto
	* Reconhecer emoções e expressões faciais em conjunto
2. **Simultagnosia ventral**: É uma forma menos comum de simult","Simultagnosia dorsal impede a visão de múltiplos objetos, enquanto simultagnosia ventral impede a compreensão da imagem inteira."
Qual lesão cerebral está associada à agnosia das c...,5.33,1.06,0.192,0.097,0.164,0.429,0.242,0.5,"A agnosia das cores, também conhecida como agnosia colorífica, é uma condição neurológica em que as pessoas têm dificuldade em reconhecer e identificar cores. Isso pode ser causado por lesões ao cérebro, especialmente na região visual do lobo temporal, que é responsável pela processamento das informações visuais.

Uma das lesões mais comuns associadas à agnosia das cores é a lesão ao lobo temporal anterior (BA 17), que é uma região do cérebro responsável pela processamento das cores e pela identificação de objetos. Outra região envolvida é a área occipital superior (BA 18), que é responsável pela processamento da informação visual.

Essas lesões podem ser causadas por várias condições, incluindo:

* Tumores cerebrais
* Traumas cerebrais
* Enfermeiro",Agnosia das cores está associada a uma lesão na região occipitotemporal esquerda do cérebro.
Quais são as duas abordagens na reabilitação neuro...,12.14,0.33,0.049,0.017,0.049,0.857,0.489,0.5,"Na reabilitação neuropsicológica de agnosias visuais, existem duas abordagens principais:

1. **Reabilitação sensorial**: Esta abordagem visa melhorar a capacidade de percepção sensorial da pessoa, ajudando-a a reconhecer e interpretar sinais visuais, como formas, cores e objetos. Isso pode ser feito através de exercícios e atividades que estimulam a percepção visual, como:
	* Exposição a estímulos visuais específicos, como imagens ou objetos, para aumentar a atenção e a memória visual.
	* Treinamento de reconhecimento de formas e padrões visuais.
	* Prática de tarefas que envolvam a identificação de objetos e formas, como jogos ou atividades de reconhecimento de imagens.
2. **Reabilitação cognitiva**: Esta abordagem se",Restauração e compensação.
Que tipo de reabilitação é considerado mais eficaz...,112.79,0.3,0.061,0.031,0.061,0.833,0.47,0.5,"A agnosia de objeto é um tipo de disfunção cognitiva que afeta a capacidade de reconhecer e identificar objetos, especialmente em pessoas que sofreram lesões no cérebro, como em casos de trauma cerebral ou doenças neurodegenerativas.

A reabilitação de agnosia de objeto pode ser eficaz com diferentes abordagens, mas uma das mais eficazes é a reabilitação cognitiva baseada na prática (CCP, por suas siglas em inglês).

A CCP envolve a prática de atividades cognitivas que ajudam a melhorar a capacidade de reconhecer e identificar objetos, como:

1. **Reconhecimento visual**: a prática de reconhecer imagens de objetos, como objetos simples ou complexos, em diferentes ângulos e perspectivas.
2. **Identificação de objetos**: a prática de identificar objetos em",Reabilitação de restauração.
Qual é o termo para agnosia auditiva generalizada ...,63.04,1.73,0.16,0.087,0.16,0.889,0.808,0.5,O termo para agnosia auditiva generalizada que afeta todos os domínios auditivos é agnosia auditiva profunda ou agnosia auditiva profunda severa.,Agnosia auditiva (AA) geral
Qual condição distingue a AA da afasia de Wernicke...,13.03,1.57,0.099,0.043,0.099,0.625,0.362,0.5,"A Apraxia de Aphasia (AA) e a Afasia de Wernicke são dois tipos de disfunções de linguagem que afetam a capacidade de comunicação de uma pessoa, mas têm algumas diferenças importantes em termos de sintomas e características.

A Afasia de Wernicke, também conhecida como Afasia de Broca, é uma condição caracterizada por dificuldade em produzir palavras e frases, especialmente em combinações complexas, e é frequentemente associada a lesões no lobo temporal do cérebro, que é responsável pela área de Wernicke. Pessoas com afasia de Wernicke podem ter dificuldade em compreender a linguagem e em produzir palavras e frases corretas, mas ainda podem entender a linguagem e comunicar-se de forma básica.

Já a Apraxia de Aphasia","AA pode apresentar anosognosia, mas a afasia de Wernicke é distinta pelo uso normal da linguagem escrita."
Quais condições podem levar à agnosia de som ambie...,8.2,0.45,0.097,0.042,0.083,0.5,0.279,0.5,"A agnosia de som ambiental, também conhecida como agnosia auditiva ambiental, é uma condição em que uma pessoa tem dificuldade em reconhecer ou interpretar sons ambientais, como ruídos, barulhos ou murmúrios, mesmo que tenha ouvido bem em outros contextos. Essa condição pode ser causada por uma variedade de fatores, incluindo:

1. **Lesões cerebrais**: Lesões no cérebro, especialmente na região temporal, podem afetar a capacidade de processar e interpretar sons ambientais.
2. **Doenças neurodegenerativas**: Doenças como a doença de Alzheimer, a doença de Parkinson e a doença de Huntington podem afetar a capacidade de processar e interpretar sons ambientais.
3. **Síndrome de Korsakoff**: Uma doença neurológica que pode caus","Acidentes cerebrovasculares, lesões de lobos temporais, encefalite por herpes simples, síndrome de Landau-Kleffner, demência, formas congênitas."
Quais testes são necessários para determinar a ori...,19.68,0.4,0.116,0.052,0.103,0.75,0.423,0.5,"Para determinar a origem dos problemas auditivos de um paciente, é necessário realizar uma série de testes e avaliações que visam identificar a localização, a natureza e a gravidade do problema auditivo. Aqui estão alguns dos principais testes utilizados:

1. **Exame Físico**: O médico ou o especialista em audição realiza um exame físico da cabeça e do ouvido, verificando se há sinais de lesões, infecções ou outras condições que possam estar contribuindo para o problema auditivo.
2. **Teste de Pureza Tonal (TP) ou Teste de Pureza Frequencial (TPF)**: Este teste avalia a capacidade do paciente de distinguir entre diferentes frequências sonoras. O paciente ouve uma série de tonalidades e deve identificar a frequência correta.
3. **Teste de Discriminação**: Este teste","Necessário realizar audiométricos, teste de emissão otoacústica e potencial evocado auditivo de tronco encefálico."
Quais são os três tipos de agnosia tátil mencionad...,7.62,0.7,0.093,0.047,0.078,0.857,0.5,0.5,"Infelizmente, não encontrei informações sobre os três tipos de agnosia tátil mencionados em um texto específico. No entanto, posso fornecer informações gerais sobre a agnosia tátil e os tipos de agnosia em geral.

A agnosia tátil é uma forma de agnosia, que é uma condição em que uma pessoa não é capaz de reconhecer objetos, pessoas ou outros estímulos táteis de forma correta. Existem vários tipos de agnosia, incluindo:

1. **Agnosia de forma**: caracterizada por dificuldade em reconhecer formas e objetos.
2. **Agnosia de tamanho**: caracterizada por dificuldade em perceber o tamanho de objetos.
3. **Agnosia de movimento**: caracterizada por dificuldade em perceber o movimento de objetos ou pessoas.
4. **Agnos","Amorfognosia, agnosia de contorno e agnosia de forma."
Qual é um exemplo de agnosia tátil relacionada ao ...,55.1,3.1,0.164,0.068,0.131,0.778,0.548,0.5,"Uma forma de agnosia tátil relacionada ao reconhecimento de um objeto por sua textura e peso é a agnosia de textura ou agnosia tátil. Isso ocorre quando uma pessoa não consegue identificar corretamente a textura ou a natureza de um objeto, mesmo que possa ver e sentir a coisa.",Ahilognosia - incapacidade de identificar qualidades distintas como textura e peso.
Quais são as etapas iniciais para aumentar a consc...,19.78,0.38,0.081,0.0,0.081,0.833,0.462,0.5,"Uma pergunta interessante!

Aumentar a consciência de um déficit cognitivo pode ser um processo complexo e envolve várias etapas. Aqui estão algumas etapas iniciais que podem ajudar a melhorar a consciência de um déficit cognitivo:

1. **Diagnóstico preciso**: O primeiro passo é obter um diagnóstico preciso do déficit cognitivo. Isso pode ser feito por um profissional de saúde mental, como um psiquiatra ou um neuropsicólogo, que avaliará os sintomas e pode realizar testes de avaliação cognitiva.
2. **Identificação do tipo de déficit**: Após o diagnóstico, é importante identificar o tipo de déficit cognitivo que você está experimentando. Isso pode incluir deficiências em áreas como memória, atenção, processamento de linguagem, res",Apresentar estímulo na modalidade prejudicada; deixar que o paciente experimenta o mesmo estímulo na modalidade não prejudicada.
Qual é o foco da neurociência cognitiva na abordag...,6.52,0.77,0.138,0.047,0.108,0.889,0.524,0.5,"A neurociência cognitiva é uma área que estuda a relação entre o cérebro e o comportamento, com foco na compreensão do funcionamento cognitivo e das habilidades de processamento. Na abordagem da rehabilitação de agnosias visuais e auditivas, a neurociência cognitiva desempenha um papel fundamental. Aqui estão alguns aspectos importantes:

**Agnosia Visual:**

1. **Reabilitação da percepção visual:** A neurociência cognitiva estuda a forma como o cérebro processa e interpreta informações visuais. Em agnosia visual, o cérebro tem dificuldade em reconhecer objetos, pessoas ou ambientes. A neurociência cognitiva pode ajudar a desenvolver estratégias para reabilitar a percepção visual, como:
	* Aumentar a sensibilidade à luz
	* Melhorar",Estabelece diretrizes neurocientíficas para a recuperação da agnosia visual e auditiva.
Quais áreas encefálicas são ativadas durante a aqu...,15.04,0.3,0.03,0.0,0.03,0.875,0.527,0.5,"A aquisição da linguagem é um processo complexo que envolve várias áreas do cérebro. Aqui estão algumas das principais áreas encefálicas ativadas durante a aquisição da linguagem em crianças:

1. **Área de Broca**: Localizada na região frontal do cérebro, a área de Broca é responsável pela produção de palavras e frases. Ela é ativada durante a produção de linguagem, especialmente durante a fala e a escrita.
2. **Área de Wernicke**: Localizada na região temporal do cérebro, a área de Wernicke é responsável pela compreensão da linguagem. Ela é ativada durante a compreensão de palavras, frases e sentenças.
3. **Área de planilha de Wernicke**: Localizada na região temporal do cérebro, a área",Áreas envolvidas incluem processamento visual e auditivo.
Quais sons são usados nas línguas nativas para tra...,4.25,0.54,0.071,0.043,0.071,0.444,0.261,0.5,"Os bebês usam uma variedade de sons e sons para se comunicar antes de aprender a falar. Embora não tenham uma linguagem formal como os adultos, eles usam uma série de sons e combinações para expressar diferentes emoções, necessidades e intenções. Aqui estão alguns dos sons mais comuns usados pelos bebês:

1. **Sons de alarme**: Os bebês frequentemente usam um som de alarme ou um ""grunhido"" para expressar desconforto, dor ou frustração.
2. **Sons de prazer**: Os bebês podem fazer sons de prazer, como ""cooing"" (coo, coo, coo) ou ""rrrr"", quando estão felizes ou contentes.
3. **Sons de fome**: Os bebês usam sons como ""mrr"" ou ""mm"" para indicar que estão fome ou precisam de",Bebês usam sons vocais para transmitir significado em línguas nativas.
Quais são os benefícios da informação visual no co...,7.32,1.21,0.112,0.051,0.088,0.857,0.482,0.5,"A informação visual é uma ferramenta poderosa na comunicação oral, oferecendo vários benefícios. Aqui estão alguns dos principais benefícios da informação visual no contexto da comunicação oral:

1. **Efeitos de Mídia Multimodal**: A combinação de palavras e imagens pode ser mais eficaz do que apenas palavras. Isso ocorre porque a mídia visual pode ser processada mais rapidamente do que a linguagem verbal, permitindo que o espectador absorva informações de forma mais eficiente.

2. **Atenção e Engajamento**: A informação visual pode chamar a atenção do espectador de forma mais rápida e manter a sua atenção por mais tempo, aumentando assim a probabilidade de que ele se engaje com a mensagem.

3. **Compreensão e Retenção**: A informação visual pode ajudar a melhorar a compreens","A informação visual, como os movimentos da boca, ajuda na compreensão da fala, especialmente em ambientes barulhentos."
Quais fatores contribuem para a dificuldade de apr...,21.5,0.74,0.118,0.04,0.105,0.9,0.557,0.5,"Excelente pergunta!

A dificuldade de aprendizado de línguas nativas por falantes de línguas nativas de segundo lugar, também conhecidas como ""linguagem nativa de segundo grau"" ou ""língua nativa de segunda língua"", é um fenômeno complexo e multifacetado. Aqui estão alguns fatores que contribuem para essa dificuldade:

1. **Diferenças fonéticas**: A fala de uma língua nativa de segundo grau pode ser muito diferente da fala de uma língua nativa de primeiro grau, o que pode dificultar a compreensão e a produção de sons e sons específicos.
2. **Diferenças ortográficas**: A ortografia de uma língua nativa de segundo grau pode ser muito diferente da de uma língua nativa de primeiro grau, o que pode",Desempenho em tarefas gramaticais diminui com a idade de chegada; aprendizado prévio impede a detecção de padrões na segunda língua.
Qual é o efeito da maturidade e experiência na aqu...,10.03,0.44,0.112,0.028,0.112,0.833,0.462,0.5,"A maturidade e a experiência têm um impacto significativo na aquisição de línguas. Estudos de neurociência cognitiva e psicologia linguística sugerem que as habilidades linguísticas se desenvolvem ao longo da vida, com um pico de capacidade de aprendizado em diferentes estágios da vida.

**Efeito da maturidade:**

1. **Desenvolvimento pré-linguístico**: Antes da idade adulta, o cérebro humano está em uma fase de desenvolvimento rápido, e as habilidades linguísticas são fundamentalmente construídas. Infantes de 0 a 3 anos desenvolvem habilidades linguísticas básicas, como reconhecimento de sons e palavras, e começam a construir a estrutura gramatical da língua.
2. **Plásticidade cerebral**: A plásticidade cerebral permite que o cérebro reorganize",Maturidade e experiência promovem um período crítico para o desenvolvimento da linguagem.
Qual é a importância da experiência no fechamento ...,3.95,5.37,0.224,0.126,0.186,0.8,0.468,0.5,"A experiência no fechamento da janela de aprendizado de uma nova língua é uma pergunta interessante que aborda o conceito de ""plasticidade cerebral"" e como o cérebro humano se adapta ao tempo. Embora não haja uma resposta clara e única, posso fornecer algumas informações que podem ajudar a esclarecer essa questão.

A janela de aprendizado é o período durante o qual o cérebro é capaz de reorganizar e reestruturar conexões neuronais em resposta a novas informações. Na maioria das línguas, essa janela é considerada ser de 7 a 10 anos após o início do aprendizado, com alguns estudos sugerindo que a capacidade de aprendizado pode persistir por toda a vida.

No entanto, a experiência no fechamento da janela de aprendizado de uma nova língua pode ter um impacto","A experiência pode fechar a janela de aprendizado de uma nova língua, limitando o aprendizado em fases posteriores da vida."
Que áreas do cérebro são responsáveis pela interpr...,3.25,2.57,0.225,0.1,0.169,0.818,0.507,0.5,"Uma pergunta interessante!

A interpretação do significado das palavras e a organização da articulação da fala são processos complexos que envolvem várias áreas do cérebro. Aqui estão as principais áreas cerebrais responsáveis por essas funções:

**Interpretação do significado das palavras:**

*   A **corteza pré-frontal** (corteza pré-frontal superior) desempenha um papel fundamental na interpretação do significado das palavras. Essa região é responsável por analisar a semântica das palavras, considerando o contexto em que elas são usadas, a linguagem corporal e o tom de voz, entre outros fatores.
*   A **corteza temporal** (corteza temporal superior) também desempenha um papel importante na interpretação do significado das palavras. Essa reg","A área de Wernicke processa o significado das palavras, e a área de Broca organiza a articulação da fala."
Quais áreas do cérebro são envolvidas na transform...,13.88,0.45,0.177,0.028,0.136,0.688,0.44,0.5,"Excelente pergunta!

Durante a leitura e a escrita, o cérebro envolve várias regiões para processar e converter sinais visuais e auditivos em movimentos motores. Aqui estão as principais áreas do cérebro envolvidas:

**Leitura:**

1. **Área visual occipital (VO)**: A VO é a região do cérebro responsável pela processamento visual primária. Ela recebe e interpreta as informações visuais do olho, incluindo a formação de palavras e linhas de texto.
2. **Área temporal superior (ST)**: A região temporal superior é responsável pela processamento das informações visuais mais complexas, incluindo a compreensão da linguagem e a formação de palavras.
3. **Área frontal anterior (FA)**: A FA é envolvida na planejamento motor e na coordenação","As áreas de Wernicke, Broca, córtex visual esquerdo, áreas auditivas correspondentes, Exner, e as regiões pré-motora estão envolvidas."
Quais áreas cerebrais são envolvidas no processame...,12.09,0.42,0.097,0.014,0.056,0.714,0.411,0.5,"O processamento atualizado da linguagem envolve várias áreas do cérebro. Aqui estão algumas das principais áreas envolvidas:

1. **Corte Mamilar**: Localizado na região frontal do cérebro, o corte mamilar é responsável por processar a linguagem de forma mais consciente e controlada. Ele está envolvido na análise da sintaxe, semântica e pragmática da linguagem.
2. **Corte Frontal**: A região frontal é responsável por controlar a linguagem de forma mais automatizada e eficiente. Ela é envolvida na coordenação da linguagem, na organização da memória e na regulação do tempo.
3. **Corte Temporal**: A região temporal é responsável por processar a linguagem de forma mais subjetiva e emocional. Ela está envolvida na análise da semânt","Hemisfério esquerdo, regiões frontal, temporal, parietal, pré-frontal, giro do cíngulo, área insular esquerda."
Quais regiões do córtex cerebral são associadas à ...,4.26,0.42,0.075,0.0,0.06,0.571,0.323,0.5,"Uma pergunta interessante!

A compreensão da linguagem é um processo complexo que envolve várias regiões do cérebro. Embora não seja uma área única, mas sim uma rede de regiões interconectadas, as principais áreas cerebrais envolvidas na compreensão da linguagem incluem:

1. **Córax**: Localizada na parte superior da superfície cerebral, a córata é responsável por processar a fala e a compreensão da linguagem. Ela está envolvida na decodificação de sinais auditivos e na geração de respostas verbais.
2. **Básal gaucha**: Localizada na parte inferior da superfície cerebral, a balsa é responsável por processar informações visuais e auditivas e está envolvida na compreensão da linguagem em contextos visuais.
3. **","O hemisfério cerebral esquerdo, áreas de Broca e Wernicke."
Que diferenças ocorrem na processedual da linguage...,5.21,2.42,0.237,0.101,0.175,0.727,0.441,0.5,"Excelente pergunta!

Os indivíduos bilíngues, que possuem conhecimento em duas línguas, podem apresentar diferenças significativas na processamento da linguagem em relação aos falantes monolingues. A idade de aquisição da segunda língua pode influenciar essas diferenças, pois a idade pode afetar a forma como o cérebro processa e armazena informações linguísticas.

**Diferenças no processamento da linguagem**

1. **Reconhecimento de padrões**: Indivíduos bilíngues podem reconhecer padrões linguísticos mais facilmente do que falantes monolingues. Isso ocorre porque a experiência de ouvir e falar duas línguas ajuda a desenvolver a capacidade de reconhecer padrões linguísticos em ambas as línguas.
2. **Processamento de informações**:","Em indivíduos bilíngues, a segunda língua é processada em diferentes partes da Área de Broca se aprendida na vida adulta, enquanto ambas as línguas são processadas na mesma área se aprendidas na infância."
Quais sintomas caracterizam a afasia de Broca?...,9.83,0.98,0.113,0.033,0.081,0.6,0.329,0.5,"A afasia de Broca é um tipo de disfonia caracterizada por dificuldade em produzir palavras, frases e orações, geralmente devido a danos ao lobo frontal esquerdo do cérebro, mais especificamente à área de Broca. Aqui estão alguns sintomas comuns associados à afasia de Broca:

1. **Dificuldade em produzir palavras**: Pessoas com afasia de Broca têm dificuldade em encontrar as palavras certas, ou em articular as palavras corretamente. Eles podem ter dificuldade em encontrar as palavras para expressar suas ideias ou em responder a perguntas.
2. **Falta de fluidez**: A fala de pessoas com afasia de Broca pode ser lenta e hesitante, com pausas frequentes entre as palavras.
3. **Dificuldade em produzir","Falta de articulação fluida, discurso lento e dificuldade em repetir palavras."
Qual é o principal problema na fala dos pacientes ...,30.95,0.44,0.059,0.0,0.059,0.857,0.486,0.5,"A afasia de Wernicke é uma condição neurológica caracterizada por dificuldade em falar, que é frequentemente associada a lesões no lobo temporal do cérebro. O principal problema na fala dos pacientes com afasia de Wernicke é a produção de palavras e frases incoerentes, incompletas e sem significado. Isso ocorre porque o lobo temporal é responsável pela compreensão e interpretação da linguagem, e a lesão nesse área pode afetar a capacidade do cérebro de processar e gerar linguagem.

Os pacientes com afasia de Wernicke tendem a:

* Usar palavras e frases que não fazem sentido
* Ter dificuldade em formular frases coerentes
* Incluir informações desnecessárias ou irrelevantes
* Ter dificuldade em entender a linguagem dos outros","Dificuldade na análise morfémica e fonêmica, resultando em parafasias fonêmicas."
Quais áreas do cérebro são afetadas na afasia de c...,11.16,0.39,0.038,0.0,0.038,0.667,0.373,0.5,"A afasia de condução, também conhecida como disfemia, é um tipo de disfemia que afeta a capacidade de produzir palavras e frases, mas não necessariamente a compreensão das palavras ou a capacidade de falar. Isso ocorre quando há um problema com a articulação e a organização das palavras em uma sentença.

A afasia de condução é geralmente associada à lesão cerebral, especialmente à região do lobo temporal e do lobo frontal, que são responsáveis pela produção de palavras e pela organização das ideias. Aqui estão algumas áreas do cérebro que podem estar envolvidas na afasia de condução:

1. **Lobo temporal**: Especialmente o lobo temporal anterior (Broca) e o lobo temporal posterior (Wernicke), que são responsáveis pela produção de palavras e pela compreens","Giro temporal superior esquerdo, lobo parietal inferior esquerdo, córtex auditivo primário esquerdo, substância branca subcortical."
Qual lesão cerebral está associada à afasia global...,24.27,0.8,0.118,0.013,0.105,0.833,0.521,0.5,"A lesão cerebral associada à afasia global clássica com fraqueza na hemiface direita e hemiparesia direita é a lesão na região de Broca.

A afasia global clássica é caracterizada por uma dificuldade generalizada na linguagem, incluindo a fala, a leitura e a escrita, além de dificuldades na coordenação motora, como a hemiparesia. A lesão na região de Broca, localizada na parte posterior da área de Broca, no lobo frontal, é responsável por esse tipo de lesão.

A região de Broca é importante para a produção de palavras e frases, e a lesão nessa área pode levar a dificuldades na formação de palavras, na gramática e na sintaxe. Além disso, a lesão na região de Broca também pode afetar a","Afasia global com lesões no Broca, núcleos da base, ínsula, áreas auditivas do córtex e Wernicke."
Qual é a característica principal da afasia transc...,36.04,1.05,0.109,0.0,0.109,0.5,0.321,0.5,"A afasia transcortical motora é um tipo de deficiência motora que afeta a capacidade de realizar movimentos motoros involuntários, como passar o dedo sobre um objeto ou apertar um objeto, mas não afeta a capacidade de falar, falar, ler ou escrever.",Falência na fluência da fala com capacidade preservada de repetir.
Qual é o padrão clínico da afasia transcortical mi...,24.54,0.77,0.129,0.015,0.115,0.833,0.478,0.5,"A afasia transcortical mista é uma forma de afasia que afeta a capacidade de processar e produzir linguagem, mas de forma diferente da afasia afeita de Broca e Wernicke, que afetam áreas específicas do cérebro responsáveis pela linguagem.

O padrão clínico da afasia transcortical mista pode variar, mas geralmente apresenta os seguintes características:

1. **Dificuldade na produção de palavras e frases**: Os pacientes com afasia transcortical mista têm dificuldade em produzir palavras e frases, mas de forma mais gradual e gradual, sem a gravidade da afasia afeita de Broca.
2. **Dificuldade na compreensão**: Os pacientes também têm dificuldade em compreender a linguagem, mas de forma mais lenta e gradual, sem a gravidade da af","Dificuldade de se expressar e entender, mas repetição de frases e músicas familiares."
Quais são os dois planos distintos na percepção vi...,14.1,0.41,0.115,0.026,0.102,0.5,0.304,0.5,"Uma pergunta interessante!

De acordo com a teoria da percepção visual, existem dois planos distintos na percepção visual: o plano visual direto e o plano visual indireto.

**Plano visual direto (Plano retino):**

O plano visual direto é o plano que contém as informações visuais que são processadas diretamente pela retina. Ele é formado pelas células fotorreceptoras (cones) que detectam a intensidade da luz e a cor. As informações visuais são então transmitidas para o cérebro, onde são processadas na área visual primária (V1).

**Plano visual indireto (Plano cortical):**

O plano visual indireto é o plano que contém as informações visuais processadas pelo cérebro após a análise e interpretação das informações visuais pelo córtex visual. Ele é formado pelas áreas vis",O primeiro plano determina a entrada luminosa; o segundo envolve a interpretação do estímulo elétrico no cérebro.
Qual característica é essencial para a percepção v...,58.79,0.33,0.016,0.0,0.016,0.833,0.467,0.5,"A percepção visual construtiva, também conhecida como reconstrutividade visual, é uma habilidade que permite ao cérebro reconstruir imagens e objetos visíveis a partir de estímulos visuais fragmentados ou incompletos. Essa capacidade é essencial para a percepção visual construtiva, pois permite ao cérebro preencher lacunas e completar informações visuais incompletas.

Uma característica essencial para a percepção visual construtiva é a capacidade de processar e combinar informações visuais de diferentes níveis de abstração e complexidade, incluindo:

1. **Preenchimento de lacunas**: o cérebro é capaz de preencher lacunas em imagens visuais, como linhas, formas e texturas, com base em expectativas e conhecimentos prévios.
2. **Reconhecimento de padrões**: a capac",Propriedade e movimento harmoniosos.
Quais são as principais células receptoras envolvi...,7.22,0.35,0.014,0.0,0.014,0.857,0.497,0.5,"Excelente pergunta!

As células receptoras envolvidas no processo de percepção são fundamentais para a interpretação e processamento da informação sensorial. Aqui estão algumas das principais células receptoras envolvidas em diferentes tipos de percepção:

**Visão:**

1. **Fotoreceptoras (rods e cones)**: são células receptoras que detectam a luz e a cor. Existem dois tipos de fotoreceptoras:
	* Cones: são responsáveis pela percepção da cor e são encontradas na retina. Existem três tipos de cones, cada um sensível a diferentes faixas de luz (vermelha, verde e azul).
	* Rods: são responsáveis pela percepção da luz e da intensidade.
2. **Células de bipolar**: são células receptoras que recebem sinais dos fotoreceptoras e os process","Fotorreceptores, quimiorreceptores, receptores térmicos e mecanorreceptores."
Quais são os seis tipos de mecanorreceptores encon...,14.93,1.21,0.075,0.046,0.075,0.833,0.488,0.5,"Os mecanorreceptores são células especializadas responsáveis por detectar estímulos físicos, como pressão, vibração e movimento, e são encontrados em vários tecidos do corpo, incluindo a pele. Os seis tipos de mecanorreceptores mais comuns associados ao tato são:

1.  **Mecanorreceptores Ruffini**: São responsáveis por detectar movimentos rotatórios, como rotação e rolagem. Eles são encontrados na pele da mão e do pé.
2.  **Mecanorreceptores Meissner**: São responsáveis por detectar pressão e vibração. Eles são encontrados na pele da face e dos braços.
3.  **Mecanorreceptores Pacinian: São responsáveis por detectar pressão e vibração, e são encontrados na pele dos braços","Movimentação, estiramento, deformação e vibração."
Qual é a função das células ciliadas internas e ex...,13.91,0.37,0.059,0.0,0.044,0.9,0.56,0.5,"As células ciliadas internas e externas são estruturas presentes na cóclea do ouvido interno que desempenham um papel fundamental na transdução do movimento da membrana basilar, que é o componente sensorial responsável por detectar o som.

**Função das células ciliadas internas:**

As células ciliadas internas, também conhecidas como células de Hensen, são células de apoio que rodeiam a membrana basilar. Elas são responsáveis por:

*   **Elasticidade e flexibilidade**: As células ciliadas internas ajudam a manter a estrutura da membrana basilar flexível e elástica, permitindo que ela se move em resposta ao som.
*   **Transdução do movimento**: As células ciliadas internas também contribuem para a transdução do movimento da membrana basilar, ajud",Elas ajudam na amplificação sonora.
Quais são as duas vias da projeção retinofugal de ...,23.76,1.08,0.114,0.051,0.114,0.75,0.445,0.5,"Uma pergunta interessante sobre neurociência!

A projeção retinofugal se refere ao processo pelo qual as informações visuais são transmitidas do olho ao cérebro. Existem duas vias principais de projeção retinofugal:

**Via Pápilares (ou Via Corticala)**

Essa via é responsável pela transmissão de informações visuais da retina ao lobo temporal do cérebro. A via papilares é uma das principais vias de projeção retinofugal e é responsável por transmitir informações sobre a visão periférica e a percepção de movimento.

**Via Optica (ou Via Optica)**

Essa via é responsável pela transmissão de informações visuais da retina ao lobo temporal do cérebro, mas também envolve outras áreas do cérebro, como o lobo occipital. A via optica é responsável por transmit","A via visual primária, chamada de geniculo estriatal, e a via que dirige da retina até o colículo superior no tecto."
Qual é a função dos ganglionares da retina na visu...,45.13,0.38,0.042,0.0,0.028,0.4,0.22,0.5,"Excelente pergunta!

Os ganglionares da retina são células nervosas que desempenham um papel fundamental na transmissão da informação visual do olho para o cérebro. Eles são responsáveis por converter as sinais visuais recebidos pelo olho em sinais elétricos que podem ser interpretados pelo cérebro.

Aqui está como funciona:

1. **Receção de luz**: A luz entra no olho através do cristalino e é focada em uma área específica da retina, chamada fóveia.
2. **Transmissão de sinais**: As células fotossensíveis (rodetas) na retina recebem a luz e produzem sinais elétricos, que são então transmitidos para as células ganglionares.
3. **Processamento de sinais**: As células ganglionares recebem os sinais elétricos da retina e os process","Controlam movimentos sacádicos rápidos e bruscos, como a leitura."
Quais vias são implicadas no processamento visual ...,15.67,0.65,0.108,0.031,0.108,0.385,0.239,0.5,"Uma pergunta interessante!

O processamento visual e o planejamento do movimento envolvem várias vias cerebrais e estruturas, mas vou destacar as principais vias envolvidas:

**Processamento Visual:**

1. **Córnea**: A luz incide na córnea e é transmitida para o nervo óptico, que transmite sinais para o lobo occipital.
2. **Nervo óptico**: O nervo óptico transporta as informações visuais do olho para o córtex visual.
3. **Corteço**: O córtex visual primário (V1) recebe as informações visuais e as processa em termos de atividade cerebral.
4. **Corteço visual secundário (V2-V4)**: Os cortes visuais secundários processam as informações visuais em termos de forma e estrutura.","As vias ventral e dorsal estão implicadas, com o córtex estriado como alvo principal."
Qual é o papel das áreas parietais posteriores do ...,14.28,0.81,0.139,0.056,0.097,0.889,0.52,0.5,"As áreas parietais posteriores do córtex cerebral desempenham um papel fundamental na percepção espacial, especialmente na compreensão do espaço tridimensional e na formação de representações espaciais. Essas áreas, localizadas na região posterior do córtex cerebral, são responsáveis por processar informações sensoriais de movimento, orientação e profundidade, permitindo que o cérebro interprete o mundo ao seu redor.

As áreas parietais posteriores incluem o lobo parietal medial (LPM), o lobo parietal lateral (LPL) e o lobo parietal inferior (LPI). Essas áreas trabalham em conjunto com outras regiões cerebrais, como o córtex occipital e o córtex temporal, para formar uma representação integrada do espaço e da percepção espacial.

Algumas das funções específicas das",Coordenam informações sensoriais e motoras para reconhecimento e orientação do movimento.
Quais regiões do cérebro são envolvidas na rotação...,22.8,0.65,0.072,0.015,0.058,0.833,0.472,0.5,"Uma pergunta fascinante!

A rotação mental, também conhecida como ""percepção de movimento"" ou ""percepção de rotação"", é a capacidade de perceber que um objeto ou uma pessoa está girando ou rotando. Essa capacidade é uma das habilidades cognitivas mais complexas e envolve várias regiões do cérebro. Aqui estão algumas das principais regiões envolvidas na rotação mental:

1. **Região occipital posterior superior (RPS)**: A RPS é responsável pela percepção visual e é envolvida na processamento da informação visual, incluindo a percepção de movimento e rotação.
2. **Região temporal superior lateral (RTL)**: A RTL é uma região envolvida na processamento da informação auditiva e na percepção de movimento. Ela também está env","Córtex parietal e processos cognitivos, incluindo atenção visual endógena."
Quais características são presentes em um paciente...,11.06,0.45,0.09,0.011,0.079,0.375,0.213,0.5,"A doença de Alzheimer (DA) é uma doença neurodegenerativa caracterizada pela perda progressiva da função cerebral, que afeta principalmente a região cerebral responsável pela memória e pelo pensamento. A atrofia cortical posterior é uma característica comum em pacientes com DA, que pode ser observada em diferentes níveis.

A atrofia cortical posterior se refere à perda de volume cerebral na região posterior do lobo temporal, que é responsável pela memória episódica, ou seja, a capacidade de armazenar e recuperar memórias. Essa região é também envolvida na processamento de informações visuais e na formação de conexões entre diferentes partes do cérebro.

Em pacientes com DA, a atrofia cortical posterior pode manifestar-se de várias maneiras, incluindo:

1. **Redução do volume cerebral**: A atrofia cortical posterior pode resultar em uma redução","Desempenho reduzido na percepção espacial, simultanagnosia, percepção de objetos, dispraxia de construção, agnosia ambiental, apraxia oculomotora, ataxia óptica, alexia, desorientação, acalculia, apraxia, prosopagnosia aperceptiva, agrafia, agnosia de dedos."
Quais sintomas podem indicar que alguém possui sín...,10.42,0.48,0.158,0.012,0.109,0.625,0.36,0.5,"A síndrome de Irlen, também conhecida como síndrome de Irlen, é uma condição neurológica que afeta a percepção da luz e da cor, causando dificuldades em visualizar e processar informações visuais. Embora o nome ""síndrome de Irlen"" seja frequentemente associado a problemas de visão em crianças, ela pode afetar pessoas de todas as idades. Aqui estão alguns sintomas comuns que podem indicar a presença da síndrome de Irlen:

**Sintomas visuais:**

1. **Dificuldade em ler e digitar**: Pessoas com SI podem ter dificuldade em ler e digitar textos, especialmente em fontes pequenas ou em papel de papelão.
2. **Dificuldade em visualizar números**: Pode ser difícil para as pessoas com SI visualizar números ou ler datações em datas.
3","Baixa capacidade de leitura, sensibilidade à luz, distorção de fundo de olho, distorções gráficas, campo visual diminuído, dificuldade de fixação ocular e percepção alterada da profundidade."
Quais são as principais dificuldades visuais enfre...,13.66,2.09,0.153,0.065,0.102,0.889,0.513,0.5,"A Doença de Parkinson (DP) é uma doença neurodegenerativa crônica que afeta o sistema nervoso central, especialmente o sistema motônico. Embora a DP seja mais conhecida por suas manifestações motores, como tremor, rigidez e bradicinesia, também pode afetar a visão de maneira significativa. Aqui estão algumas das principais dificuldades visuais enfrentadas pelos pacientes com Doença de Parkinson:

1. **Visão periférica**: A perda de visão periférica é uma característica comum da DP. Isso ocorre porque o Parkinson afeta o sistema nervoso simpático, que regula a dilatação e a contração dos pupilas. Com o tempo, as pupilas podem se tornar insensíveis às luzes, dificultando a regulação da luz e, consequentemente, a visão.
2. **Dificuldade","Pacientes com Doença de Parkinson experimentam dificuldade com tarefas visuais cotidianas, diplopia, julgamento incorreto de objetos/distâncias, alucinações visuais e sensibilidade ao contraste prejudicada."
Quais são as alterações da percepção na doença de ...,14.0,0.48,0.138,0.056,0.097,0.8,0.441,0.5,"A doença de Parkinson (DP) é uma condição neurodegenerativa que afeta o sistema motora do corpo, causando uma série de sintomas que afetam a percepção, movimento e equilíbrio. Aqui estão algumas das principais alterações da percepção associadas à doença de Parkinson:

1. **Alterações na percepção sensorial**: Pessoas com DP podem experimentar alterações na percepção sensorial, incluindo:
	* Perda de sensibilidade tátil: Muitas pessoas com DP relatam uma diminuição da sensibilidade tátil, o que pode dificultar a detecção de objetos ou texturas.
	* Alterações na percepção visual: Algumas pessoas com DP podem experimentar problemas de visão, como:
		+ Visão dupla (ver duas coisas ao mesmo tempo)
		+ Visão de forma distorcida","DP apresenta anormalidades na visão de cores, visão de preto e branco, contraste e acuidade visual deteriorada."
Quais são sinais precoces importantes no diagnósti...,31.54,0.38,0.08,0.033,0.08,0.8,0.438,0.5,"A DCL, ou Transtorno de Disregulação da Atenção e Hiperatividade, também conhecido como Transtorno de Deficiência de Atenção e Hiperatividade (TDAH), é um transtorno neurodeviativo que afeta a capacidade de um indivíduo de se concentrar e controlar suas ações. Embora não haja um único sinal precoces importante para o diagnóstico da DCL, existem alguns sintomas e características que podem indicar a presença do transtorno. Aqui estão alguns sinais importantes que podem ser observados:

**Sinais comportamentais:**

1. **Incontinência da atenção**: A dificuldade em se concentrar em uma tarefa ou atividade por um período prolongado.
2. **Hiperatividade**: Um comportamento excessivamente agitado, como fidgetar, bater palmas, balan",Deficiências de capacidade visuoespacial e visuoperceptual.
Quais alterações no processamento visual cortical ...,16.35,0.85,0.196,0.026,0.17,0.875,0.501,0.5,"Os pacientes com Huntington, uma doença neurodegenerativa hereditária caracterizada por um desequilíbrio metabólico e uma degeneração cerebral progressiva, apresentam alterações no processamento visual cortical. Embora a doença afete principalmente o cérebro, a visão também pode ser afetada. Aqui estão algumas das alterações observadas:

1. **Disfunção visual**: Pacientes com Huntington podem apresentar problemas de visão, incluindo visão periférica, cegueira e dificuldade em reconhecer objetos e pessoas.
2. **Alterações na percepção espacial**: Estudos sugerem que os pacientes com Huntington podem ter dificuldade em compreender a percepção espacial e em realizar tarefas que exigem uma boa compreensão do espaço, como navegação e orientação.
3. **Dificuldade em reconhecer objetos**: Os","Pacientes sintomáticos apresentam alteração no processamento cortical visual, com diminuição na seletividade de resposta e discriminação de formas e cenas."
Quais são algumas das referências citadas no texto...,128.57,1.13,0.075,0.039,0.075,0.4,0.271,0.5,"Infelizmente, não há um texto disponível para que eu possa extrair referências. Você poderia fornecer o texto que você gostaria que eu analisasse?","Referências incluem trabalhos de Roberto Lento, Eric Kandel, Ramsey R., Carla Dalmaz, Jorge Quillfeld, Maria Elisa Calcagnotto, EEM Stewart, FT Hartmann, Y Morgenstern, e David Wolk."
"Qual é a diferença entre ""memória"" e ""memórias"" na...",3.6,1.95,0.174,0.068,0.148,0.667,0.373,0.5,"Excelente pergunta!

Na literatura e na linguagem comum, a palavra ""memória"" é usada para se referir a um conceito amplo e abrangente que envolve a capacidade de armazenar e recuperar informações. No entanto, quando se trata de neurociência cognitiva, a distinção entre ""memória"" e ""memórias"" é importante.

**Memória** (em singular) se refere ao processo de armazenamento, retenção, recuperação e uso de informações. É um conceito mais amplo que abrange todas as diferentes formas de armazenamento e recuperação de informações, incluindo a memória sensorial, a memória episódica, a memória procedural e a memória de trabalho, entre outras.

**Memórias** (em plural), por outro lado, se referem às diferentes tipos de memórias específicas que são armazen","""Memória"" refere-se a um mecanismo de armazenamento, enquanto ""memórias"" são experiências individuais armazenadas."
Quais são os dois tipos de memória com base na nat...,17.97,0.31,0.043,0.014,0.043,0.857,0.487,0.5,"A memória pode ser classificada em dois tipos principais com base na natureza da informação: a memória sensorial e a memória de trabalho.

A memória sensorial é a capacidade de armazenar e reter informações sensoriais, como sons, visões, sabores, odores e sensações táteis. Ela é responsável por armazenar informações sobre o mundo externo e é frequentemente associada à memória visual e auditiva. Exemplos de memória sensorial incluem a capacidade de reconhecer um amigo em um ambiente, lembrar de uma música que toca e reconhecer a cor de um objeto.

A memória de trabalho, por outro lado, é a capacidade de armazenar e manipular informações conceituais e simbólicas, como palavras, conceitos e ideias. Ela é responsável por permitir que as pessoas aprendam e re",Memória objetiva e subjetiva.
Quais regiões do cérebro são envolvidas na memória...,5.09,8.23,0.36,0.227,0.292,0.778,0.458,0.5,"Uma pergunta interessante!

A memória é um processo complexo que envolve várias regiões do cérebro. Embora a memória de longa duração (também conhecida como memória episódica) e a memória de curto prazo (também conhecida como memória de trabalho) sejam duas formas diferentes de armazenamento de informações, ambas envolvem regiões do cérebro com funções específicas.

**Memória de Longa Duração (Memória Episódica)**

A memória de longa duração é a capacidade de armazenar e recuperar informações sobre eventos, experiências e conhecimentos que ocorrem ao longo do tempo. Essa função é mais intensiva e envolve várias regiões do cérebro, incluindo:

1. **Cingulada medial**: uma região localizada na parte central do","A memória de longa duração envolve o hipocampo e regiões associativas límbicas do lobo temporal medial. A memória de curto prazo é conhecida como memória de trabalho, mas as regiões específicas não são mencionadas no texto."
Qual é o papel do córtex préfrontal na memória de ...,4.08,2.4,0.169,0.092,0.13,0.833,0.463,0.5,"O córtex préfrontal (CPF) desempenha um papel fundamental na memória de trabalho, que é a capacidade de realizar várias tarefas simultaneamente e de lidar com informações de forma eficiente.

O CPF é responsável por:

1.  **Atenção**: O CPF é responsável por controlar a atenção e selecionar as informações relevantes a serem processadas.
2.  **Processamento de informações**: O CPF processa as informações que foram selecionadas e as integra em uma representação mental.
3.  **Manipulação de informações**: O CPF manipula as informações processadas para criar novas relações e respostas.
4.  **Planejamento**: O CPF é responsável por planejar e organizar as ações necessárias para resolver problemas ou realizar tarefas complexas.
5.  **Execução**: O CPF executa as ações planejadas e as ajust","O córtex préfrontal é crucial para a memória de trabalho, como demonstrado em estudos com macacos."
Qual é o processo necessário para a codificação pr...,30.16,0.38,0.132,0.053,0.105,0.714,0.398,0.5,"A codificação profunda na memória explícita é um processo complexo que envolve várias etapas e mecanismos neurológicos. Aqui está uma visão geral do processo:

1. **Representação da informação**: A informação a ser armazenada é representada em termos de padrões de atividade neural e é processada pela região pré-córtex, que é responsável pela percepção e interpretação sensorial.
2. **Formação de sinapses**: A informação é então transmitida para a camada da memória de trabalho, onde as sinapses são formadas entre as células neuronais. Isso é feito através da liberação de neurotransmissores, como glutamato e dopamina, que se ligam a receptores específicos nas células neuronais adjacentes.
3. **Consolidação da conexão**: As sinapses são consolidadas através de","Codificação profunda requer atenção, motivação e conexão com informações existentes."
Qual função é realizada pelo lobo temporal medial ...,13.04,0.82,0.109,0.055,0.109,0.5,0.289,0.5,"O lobo temporal medial, também conhecido como ""lobo temporal medial anterior"" ou ""lobo temporal inferior"", desempenha um papel fundamental na memória de longo prazo, especialmente na memória episódica, que é a capacidade de recordar eventos e experiências passadas.

O lobo temporal medial é responsável por armazenar e relembrar informações sobre eventos, pessoas, lugares e objetos, e é particularmente importante para a memória emocional e a reconstrução de eventos passados. Ele está localizado na parte inferior do lobo temporal, perto do lobo occipital.

Algumas das funções específicas do lobo temporal medial incluem:

1. Armazenamento de memória episódica: O lobo temporal medial é responsável por armazenar informações sobre eventos, experiências e memórias emocionais.
2. Reconstrução de eventos passados: O lobo temporal medial","Contribui para a consolidação profunda, evocação e memória de trabalho."
Qual região do cérebro é responsável pela forma te...,3.69,6.44,0.5,0.2,0.438,0.889,0.844,0.5,A região do cérebro responsável pela forma temporária de armazenamento de memórias é o hipocampo.,O lobo temporal medial é responsável pelo armazenamento temporário de memórias.
Qual área do córtex está relacionada à memória sem...,27.63,0.69,0.071,0.014,0.071,0.75,0.433,0.5,"A memória semântica não focada, também conhecida como memória semântica incidental, envolve a capacidade de lembrar eventos, pessoas, lugares e objetos sem que você esteja conscientemente tentando lembrar deles. Essa memória é frequentemente associada à região do lobo temporal anterior, mas também envolve outras áreas do córtex cerebral, incluindo o córtex temporal posterior e o córtex parietal.

No entanto, uma área específica do córtex cerebral que é frequentemente implicada na memória semântica não focada é o córtex temporoparietal (TPJ), também conhecido como ""bólice de Heschl"". O TPJ está localizado na região posterior do lobo temporal e na parte anterior do lobo parietal, e é responsável por processar informações visuais e auditivas.

Outra área importante","Neocórtex, incluindo lobos temporal lateral e ventral."
Que tipos de Priming foram descritos no texto?...,25.74,0.35,0.046,0.0,0.046,0.6,0.337,0.5,"Lamento, mas não tenho informações sobre um texto específico que mencione ""Priming"" na neurociência cognitiva. No entanto, posso explicar o que é priming e os tipos de priming mais comuns.

O priming é um conceito na neurociência cognitiva que se refere à influência de um estímulo sobre a ativação de uma resposta em uma tarefa cognitiva, geralmente sem que o indivíduo esteja ciente da influência.

Os principais tipos de priming são:

1. **Priming visual**: é o tipo mais comum, que ocorre quando um estímulo visual é apresentado antes de uma tarefa cognitiva e afeta a resposta à tarefa.
2. **Priming auditivo**: ocorre quando um estímulo auditivo é apresentado antes de uma tarefa cognitiva e afeta a resposta à tarefa.
3.",Priming conceitual e Priming sensorial.
Qual é o papel do córtex extraestriatal no process...,5.81,2.36,0.211,0.101,0.174,0.857,0.49,0.5,"O córtex extraestriatal é uma região do cérebro que desempenha um papel crucial no processo de aprendizagem e memória. Embora o córtex pré-frontal e o córtex temporal sejam frequentemente mencionados como áreas importantes para a memória e a aprendizagem, o córtex extraestriatal também é fundamental nesse processo. Aqui estão alguns aspectos do papel do córtex extraestriatal na aprendizagem e memória:

1. **Processamento de informações sensoriais**: O córtex extraestriatal é responsável por processar informações sensoriais, como luz, som, temperatura e vibrações. Essas informações são fundamentais para a formação de memória e aprendizagem, pois permitem que os seres vivos percam e armazenem informações sobre o ambiente.

2. **Regulação do estado de alerta**: O córtex","O córtex extraestriatal é envolvido no aprendizado progressivo e na formação de memórias, especialmente em relação às memórias intrínsecas e hábitos."
Qual papel desempenha o sono na consolidação das m...,10.06,0.82,0.192,0.065,0.154,1.0,0.56,0.5,"O sono desempenha um papel fundamental na consolidação das memórias, ou seja, no processo pelo qual as informações aprendidas são consolidadas em nossa memória a longo prazo. Aqui estão algumas razões pelas quais o sono é importante para a consolidação das memórias:

1. **Reorganização e reestruturação**: Durante o sono, o cérebro realiza uma reorganização e reestruturação das conexões entre as células cerebrais. Isso ajuda a reforçar a consolidação das memórias e a eliminar informações desnecessárias.

2. **Consolidação da plasticidade cerebral**: O sono ajuda a consolidar a plasticidade cerebral, ou seja, a capacidade do cérebro de se adaptar e mudar. Isso é particularmente importante para a aprendizagem e a memória.

3. **Revis","O sono influencia a transformação da memória temporária em memórias estáveis, afetando memórias emocionais, declarativas e processuais."
Quais são os benefícios do sono na consolidação da...,13.61,4.48,0.212,0.139,0.175,0.833,0.464,0.5,"Os benefícios do sono na consolidação da memória de aprendizado são várias e significativos. Aqui estão alguns dos principais benefícios:

1. **Consolidação da memória**: Durante o sono, o cérebro processa e consolida a informação aprendida durante o dia, reorganizando-a em uma estrutura mais eficaz e facilitando a recuperação de informações.

2. **Reorganização de conexões neuronais**: O sono ajuda a reorganizar as conexões entre as células nervosas, o que pode melhorar a capacidade de armazenar e recuperar informações.

3. **Desenvolvimento de novas conexões**: O sono também ajuda a criar novas conexões neuronais, o que pode ajudar a consolidar a memória e a aprender novas habilidades.

4. **Regulação do sistema nervoso**: O sono ajuda a regular","O sono ajuda na consolidação da memória de aprendizado, facilitando aative reativação e a redução da demanda atencional."
Qual é o impacto de não seguir um ciclo circadiano...,23.76,0.36,0.014,0.0,0.014,0.857,0.491,0.5,"Não seguir um ciclo circadiano pode ter um impacto significativo na aprendizagem cognitiva. O ciclo circadiano, também conhecido como ciclo diário, é o padrão de atividade e relaxamento que ocorre em um indivíduo ao longo do dia. Ele é influenciado pelos padrões de luz e escuridão, temperatura e circulação sanguínea.

Aqui estão alguns efeitos que a falta de um ciclo circadiano pode ter na aprendizagem cognitiva:

1. **Redução da concentração e da atenção**: A falta de um ciclo circadiano pode afetar a capacidade de focar e se concentrar, o que é fundamental para a aprendizagem. Quando o corpo não está em sincronia com o ciclo circadiano, pode ser mais difícil manter a concentração e a atenção.

2. **Aumento da fadiga","Erro no aprendizado, perda cognitiva, interferência no processamento visuoespacial."
Qual é o papel das microglias no sistema nervoso c...,11.45,1.59,0.154,0.052,0.115,0.889,0.521,0.5,"As microglias são as células de suporte do sistema nervoso central (SNC), desempenhando um papel crucial em diversas funções, incluindo a regulação da homeostase do sistema nervoso, a eliminação de detritos e a comunicação com as células neuronais.

Durante as atividades cognitivas, as microglias desempenham um papel fundamental na manutenção da saúde e da função cerebral. Aqui estão algumas das principais funções das microglias durante as atividades cognitivas:

1. **Regulação da inflamação**: As microglias são capazes de detectar e responder às lesões ou inflamações no SNC, evitando que elas sejam causadas por agentes patogênicos ou danos ambientais.
2. **Eliminação de detritos**: As microglias são responsáveis pela remoção de detritos e resí","As microglias modulam sinapses no SNC, liberando interleucinas e fator de necrose tumoral, que estão relacionadas à regulação química do aprendizado."
Quais citocinas liberadas por células T ativadas e...,17.48,0.34,0.048,0.0,0.048,0.846,0.564,0.5,"Uma pergunta interessante!

Durante a atividade cognitiva, várias citocinas são liberadas por células T ativadas e monócitos infiltrantes que desempenham um papel importante no desenvolvimento de memórias. Algumas das citocinas mais relevantes incluem:

1. **Citrulina**: liberada por células T CD4+ e células T CD8+, citrulina é uma precursora da citrulina, que é necessária para a síntese de proteínas e a regulação da expressão gênica. A citrulina também tem um papel importante na regulação da atividade das células T e na manutenção da homeostase imunológica.
2. **Interleucina-1 (IL-1)**: liberada por células T CD4+ e células monócitos, a IL-1 é uma citocina",IL-4 e IL-10.
Quais conceitos são abordados no artigo de Kumar s...,10.18,1.07,0.067,0.041,0.067,0.875,0.505,0.5,"Lamento, mas não tenho acesso a informações específicas sobre um artigo de Kumar sobre memória semântica. No entanto, posso fornecer uma visão geral sobre o conceito de memória semântica e os conceitos que geralmente são abordados nesse campo.

A memória semântica refere-se ao processo pelo qual as pessoas armazenam, relembram e processam informações de significado, como conceitos, objetos, eventos e relações entre eles. Aqui estão alguns conceitos comuns abordados na memória semântica:

1. **Representação do significado**: Como as pessoas representam e armazenam informações de significado em sua mente. Isso inclui a representação de conceitos, objetos e eventos em termos de características, propriedades e relações entre eles.
2. **Construção de conceitos**: Como os conceitos são construídos","Metodologia, modelos e desafios atuais da memória semântica."
Qual é a definição da prática em termos de interaç...,10.4,2.88,0.199,0.075,0.174,0.667,0.37,0.5,"Uma pergunta interessante!

A prática, no contexto da neurociência cognitiva, refere-se ao processo de interação entre o indivíduo e o mundo ao seu redor. Isso inclui a forma como as pessoas processam e interpretam informações sensoriais, como visão, ouvido, tato, cheiro, sabor e paladar, bem como a forma como elas interagem com o ambiente físico e social.

Em termos de interação com o mundo, a prática pode ser vista como a capacidade de:

1. **Perceber e processar informações**: A prática envolve a capacidade de detectar e processar informações sensoriais, como a percepção visual, auditiva, tátil, olfativa, gustativa e vestibular.
2. **Interagir com o ambiente**: A prática envolve a capacidade de interagir com o mundo ao redor, seja através","Prática é a habilidade que envolve pensamento consciente, conceitualização e organização da interação com o mundo, incluindo movimentos, funções sensoriais e motoras."
Quais áreas cerebrais estão envolvidas no controle...,6.53,0.4,0.082,0.0,0.082,0.875,0.504,0.5,"O controle motor práxico envolve uma série de processos complexos que envolvem a coordenação de múltiplas áreas do cérebro. Aqui estão algumas das principais áreas cerebrais envolvidas no controle motor práxico:

1. **Corte cerebral posterior**: O lobo parietal é responsável por processar informações sensoriais, incluindo sensações táteis, visuais e kinestésicas, que são fundamentais para a coordenação motor. Ele também está envolvido na integração da informação sensorial para a execução de movimentos.
2. **Corte cerebral frontal**: O lobo frontal, especialmente o lobo pré-frontal, é responsável por planejamento, execução e coordenação de movimentos. Ele também está envolvido na regulação da atenção e na formação de hábitos motor.
3. **Corte cerebral temporal**: O lobo","O córtex motor, o córtex somatossensorial e o cerebelo."
Quais são alguns exemplos de disfunção psicomotora...,13.2,0.49,0.074,0.0,0.044,0.8,0.441,0.5,"Disfunção psicomotora, também conhecida como disfunção motora ou doenças motoras, é uma condição em que a coordenação e o controle dos movimentos são afetados. Aqui estão alguns exemplos de disfunção psicomotora:

1. **Tremor**: um movimento brusco e involuntário que pode afetar qualquer parte do corpo, incluindo braços, pernas, cabeça e olhos.
2. **Tourencia**: um movimento rápido e involuntário, geralmente associado à perda de coordenação e equilíbrio.
3. **Dyskinesia**: uma disfunção motora caracterizada por movimentos involuntários e incontroláveis, como balançar ou sacudir.
4. **Ataxia**: uma disfunção motora que afeta a coordenação e o equilíbrio","Apraxia, ataxia, disartria; relacionados a Lesões cerebrais, Doença de
Alzheimer, acidente vascular cerebral, demência frontotemporal, esclerose
multipla, parkinsonismo."
Qual é o resultado de apraxia de planejamento em c...,12.76,0.44,0.118,0.0,0.088,0.6,0.336,0.5,"A apraxia de planejamento é uma condição neurológica que afeta a capacidade de planejar e organizar tarefas complexas. Em crianças com Transtorno de Espaço (TEA), a apraxia de planejamento pode ter um impacto significativo em seu desenvolvimento e funcionamento diário.

Os resultados da apraxia de planejamento em crianças com TEA podem incluir:

1. **Dificuldade em seguir instruções**: Crianças com TEA podem ter dificuldade em seguir instruções complexas ou em realizar tarefas que exigem planejamento e organização.
2. **Problemas de planejamento e organização**: Elas podem ter dificuldade em planejar e organizar atividades, tarefas ou rotinas diárias, o que pode levar a atrasos e problemas em escola ou em casa.
3","Incapacidade ou ambiguidade no planejamento de atos motor, afetando a execução adaptada de ações."
Quais áreas do cérebro são envolvidas na produção ...,7.91,0.44,0.084,0.0,0.056,0.875,0.512,0.5,"Excelente pergunta!

A produção e o planejamento de movimentos finos são processos complexos que envolvem várias áreas do cérebro. Aqui estão algumas das principais regiões cerebrais envolvidas:

1. **Corte cerebral anterior (Cortex Cerebral Anterior)**: Esta área é responsável por processar informações sensoriais, incluindo a percepção do mundo ao redor e a integração das informações sensoriais para controlar os movimentos. Ela é particularmente importante para a produção de movimentos finos, como a manipulação de objetos e a coordenação de movimentos complexos.
2. **Corte cerebral posterior (Cortex Cerebral Posterior)**: Esta área é responsável por processar informações visuais e auditivas e é importante para a produção de movimentos finos que envolvem a coordenação de movimentos e a percep","A área motora primária (M1), área pré-motora e córtex pré-frontal."
Qual é a principal via do comando motor humano e s...,23.71,1.06,0.093,0.041,0.08,0.667,0.378,0.5,"Uma pergunta interessante!

A principal via do comando motor humano é o sistema motoneurológico, que é composto por células motoras e neurônios que se conectam ao sistema nervoso periférico. No entanto, a via mais específica de comando motor é a via motor espinhal, também conhecida como via motor motor espinhal.

A via motor espinhal é uma rede de neurônios que se estende desde o córtex cerebral até os músculos do corpo. Ela é responsável por transmitir sinais de comando motor para os músculos, permitindo que o corpo execute movimentos voluntários e coordenados.

A via motor espinhal é composta por vários componentes, incluindo:

1. **Células motoras**: são células que produzem e enviam sinais de comando motor para os músculos.
2. **Neurônios motor",Via piramidal controla movimentos voluntários e precisos; divide-se em controle dos movimentos distais e proximais.
Qual é a função do sistema nervoso autônomo?...,4.89,0.48,0.144,0.044,0.115,0.6,0.328,0.5,"O sistema nervoso autônomo, também conhecido como sistema nervoso simpático ou nervoso parassimpático, é um sistema que regula o funcionamento do organismo de forma autônoma, ou seja, independentemente da percepção consciente. Ele é responsável por controlar muitas das funções autônomas do corpo, como:

* Regulação da frequência cardíaca
* Condições fisiológicas, como pressão arterial e temperatura corporal
* Suporte à digestão
* Regulação da respiração
* Sintomas como dor, fadiga e estresse
* Regulação do metabolismo

O sistema nervoso autônomo é composto por dois subconjuntos de nervos:

* Nervos simpáticos: responsáveis por preparar o corpo para a ação, aumentando a frequência cardíaca, dilatando os vasos sanguíneos e aument","Controla funções corporais involuntárias como respiração, circulação sanguínea e digestão."
Quais são as principais características de uma cri...,10.78,0.51,0.113,0.0,0.099,0.429,0.251,0.5,"Até a data do meu conhecimento em abril de 2023, não tenho informações sobre um texto específico que descreva características de uma criança com TEA (Trastorno de Evitação da Atenção com Hiperatividade). No entanto, posso fornecer informações gerais sobre o Transtorno de Evitação da Atenção com Hiperatividade (TEA) e suas características comuns.

O Transtorno de Evitação da Atenção com Hiperatividade (TEA), também conhecido como Transtorno de Evitação da Atenção com Hiperatividade e Disruptivo, é um transtorno neurológico caracterizado por dificuldades de atenção, impulsividade e comportamento disruptivo. As características comuns do TEA incluem:

1. **Dificuldades de atenção**: A capacidade de se concentrar e permanecer focado","Falta coordenação de funções sensoriais, motoras, cognitivas, de linguagem, levando a prejuízos no comportamento e desenvolvimento."
Quais distúrbios são causados por lesões ou doença...,6.3,0.8,0.165,0.067,0.116,0.667,0.418,0.5,"Existem vários distúrbios neurológicos que podem afetar a capacidade de realizar tarefas motoras específicas, incluindo:

1. **Lesões Cerebrais**: Lesões no cérebro podem afetar áreas específicas, como a motor, visível, auditiva, linguística, extrapiramidal, frontal e parietal, resultando em distúrbios motoras, como:
	* Lesões no lobo frontal (frontotemporal) podem causar distúrbios de movimentos involuntários, como a parkinsonismo.
	* Lesões no lobo parietal podem causar distúrbios de coordenação e equilíbrio.
2. **Doenças Neuropáticas**: Doenças neuromusculares, como:
	* **Esclerose múltipla**: uma doença inflamatória que afeta a substância","A apraxia, resultante de lesões cerebrais ou doenças neurológicas, impede tarefas motoras coordenadas."
Quais são os sintomas e o processo diagnóstico da ...,4.46,5.05,0.229,0.14,0.214,0.833,0.479,0.5,"A apraxia ideomotora é um distúrbio neurológico que afeta a capacidade de realizar movimentos voluntários, especialmente aqueles que envolvem a coordenação de múltiplas articulações, como a manipulação de objetos, a fala e a caminhada. Aqui estão os sintomas e o processo de diagnóstico da apraxia ideomotora:

**Sintomas:**

1. **Dificuldade em realizar movimentos voluntários**: Pessoas com apraxia ideomotora têm dificuldade em realizar movimentos que requerem coordenação de múltiplas articulações, como:
	* Manipulação de objetos (abriar embalagens, usar ferramentas, etc.)
	* Fala (pronúncia, articulação, etc.)
	* Caminhar (mudar de direção, evitar obstáculos, etc.)",A apraxia ideomotora afeta a capacidade de realizar movimentos complexos. O diagnóstico envolve avaliação de tarefas motrças específicas por um especialista.
Qual é uma característica da dispraxia verbal?...,6.05,0.86,0.08,0.02,0.08,0.75,0.416,0.5,"A dispraxia verbal é uma característica da dispraxia, um transtorno do desenvolvimento que afeta a coordenação motora, a linguagem e a cognição. 

Uma característica comum da dispraxia verbal é a dificuldade em controlar a produção de palavras e frases, o que pode levar a problemas como:

*   Dificuldade em formar palavras corretas e completar frases;
*   Dificuldade em articular palavras, especialmente palavras com sons difíceis;
*   Dificuldade em escolher as palavras certas para expressar ideias e pensamentos;
*   Dificuldade em entender e interpretar a linguagem oral;
*   Dificuldade em ler e escrever com precisão.",A incapacidade de articular palavras corretamente.
Quais são as consequências do comprometimento do c...,5.71,1.6,0.187,0.081,0.12,0.857,0.484,0.5,"A apraxia é um transtorno neurológico que afeta a capacidade de realizar movimentos voluntários, incluindo a coordenação motora, a planificação e a execução de movimentos. O controle motor nos músculos é fundamental para realizar esses movimentos. Se o controle motor estiver comprometido, as consequências podem ser significativas. Aqui estão algumas das principais consequências do comprometimento do controle motor nos músculos na apraxia:

1. **Perda de coordenação motora**: A perda de coordenação motora pode levar a movimentos descoordenados, instáveis e incontrolados, o que pode ser difícil de superar, especialmente em atividades diárias que requerem habilidades motoras complexas, como andar, esportes, ou mesmo tarefas simples como levantar um copo.

2. **Dificuldade em realizar",Comprometimento no controle motor causa dificuldade na execução de movimentos voluntários devido a problemas na transmissão de informações entre regiões cerebrais.
Qual é a forma mais elementar de comando motor coo...,14.37,0.32,0.015,0.0,0.015,0.833,0.471,0.5,"Uma pergunta interessante!

A forma mais elementar de comando motor coordenado é frequentemente considerada ser a ""abordagem alternada"" ou ""abordagem alternada bilateral"". Isso ocorre quando dois movimentos musculares, que normalmente não funcionam juntos em uma ação, são realizados alternadamente para criar um movimento coordenado.

Por exemplo, quando você estende o braço para pegar um objeto, primeiro você estende o braço esquerdo (movimento do músculo extensor do braço esquerdo) e, em seguida, estende o braço direito (movimento do músculo extensor do braço direito). Esses dois movimentos são realizados alternadamente, criando um movimento coordenado.

Essa abordagem alternada é considerada a forma mais elementar de comando motor coordenado porque envolve apenas dois movimentos musculares e não requer",Os arcos reflexos na medula espinal ou no tronco encefálico.
Quais efeitos as lesões do sistema nervoso central...,4.74,2.44,0.172,0.081,0.146,0.889,0.535,0.5,"As lesões do sistema nervoso central (SNC) podem ter vários efeitos significativos nos reflexos espinhais. Os reflexos espinhais são respostas autônomas involuntárias que ocorrem em resposta a estímulos sensoriais, musculares ou viscerais, e são reguladas por neurônios do SNC.

Aqui estão alguns efeitos que as lesões do SNC podem ter nos reflexos espinhais:

1. **Disfunção reflexo**: As lesões do SNC podem afetar a transmissão de sinais nervosos entre os neurônios reflexos, levando a uma disfunção reflexo, ou seja, a capacidade de responder corretamente a estímulos sensoriais.
2. **Alterações na amplitude e velocidade de reflexo**: As lesões do SNC podem alterar a amplitude e a velocidade de reflex","Lesões do sistema nervoso central podem causar mudanças significativas na intensidade dos reflexos espinhais, que ajudam no diagnóstico de distúrbios neurológicos."
Qual é o mecanismo por trás do reflexo miotático i...,8.28,2.12,0.16,0.054,0.147,0.833,0.479,0.5,"O reflexo miotático inverso (RMI) é um fenômeno neurológico que ocorre quando um tecido ou uma lesão cerebral causa um aumento na sensibilidade dos receptores afferentes de dor no tecido subjacente, levando a uma resposta de dor intensificada. Aqui está um resumo do mecanismo por trás do RMI:

**O que é o reflexo miotático inverso?**

O RMI é um reflexo que ocorre em resposta a uma lesão ou irritação em um tecido cerebral, geralmente no córtex motor. Ele envolve a ativação de receptores afferentes de dor no tecido afetado, que são sensíveis à presença de substâncias químicas, como a glutamato, que são liberadas em resposta à lesão.

**Mecanismo**

O mecanismo do RMI envolve os seguintes pass","O reflexo miotático inverso envolve o relaxamento de um músculo sob força contrativa, regulando assim a força muscular."
Quais são as principais diferenças entre o reflexo...,6.43,2.65,0.144,0.102,0.129,0.429,0.351,0.5,O reflexo miotático e o reflexo miotático inverso são dois tipos de reflexos reflexos reflexos reflexos reflexos reflexos reflexos reflexos reflexos reflexos reflexos reflexos reflexos reflexos reflexos reflexos reflexos reflexos reflexos reflexos reflexos reflexos reflexos reflexos reflexos reflexos reflexos reflexos reflexos reflexos reflexos reflexos reflexos reflexos reflexos reflexos reflexos reflexos reflexos reflexos reflexos reflexos reflexos reflexos reflexos reflexos reflexos reflexos reflexos reflexos reflexos reflexos reflexos reflexos reflexos reflexos reflexos reflexos reflexos reflexos reflexos reflexos reflexos reflexos reflexos reflexos reflexos reflexos reflexos reflexos reflexos reflexos reflexos reflexos reflexos reflexos reflexos reflexos reflexos reflexos reflexos reflexos reflexos reflexos reflexos reflexos reflexos reflexos reflexos reflexos reflex,"O reflexo miotático inverso é dissináptico devido à transmissão por um interneurônio inibitório, levando ao relaxamento do músculo, enquanto o reflexo miotático é excitante, causando a contração muscular."
Quais são as funções dos reflexos de extensão cruz...,4.0,5.87,0.253,0.141,0.19,0.727,0.455,0.5,"Os reflexos de extensão cruzada e de retirada do flexor são dois tipos de reflexos neuromusculares que desempenham papéis importantes na manutenção da postura e na marcha.

**Reflexo de extensão cruzada:**

O reflexo de extensão cruzada é um reflexo reflexo que ocorre quando os músculos do membro oposto ao membro afetado se contraem, mantendo a postura em uma posição mais extensa. Isso ocorre porque os músculos do membro oposto têm a função de estabilizar e estender o joelho do membro afetado, prevenindo a flexão e mantendo a postura em uma posição mais vertical.

Em outras palavras, quando você se levanta ou se senta, o reflexo de extensão cruzada ajuda a estender o joelho do membro oposto, mant","O reflexo de extensão cruzada aumenta o suporte postural, enquanto o reflexo de retirada do flexor facilita a contração do músculo flexor durante a marcha."
Qual papel os centros superiores desempenham nos r...,8.99,1.43,0.086,0.044,0.086,0.875,0.509,0.5,"Os centros superiores do cérebro desempenham um papel fundamental nos reflexos de indivíduos normais, principalmente na sua capacidade de processar e gerenciar informações sensoriais, motoras e cognitivas. Embora os reflexos básicos sejam gerenciados pelo sistema nervoso autônomo (SNA), os centros superiores do cérebro são responsáveis por processar e integrar informações para gerenciar os reflexos mais complexos e os movimentos coordenados.

Aqui estão alguns exemplos de como os centros superiores do cérebro contribuem para os reflexos de indivíduos normais:

1. **Integração de informações**: Os centros superiores do cérebro, como a corteça e a corteça pré-frontal, recebem e processam informações de vários sentidos, incluindo visão, audição, tátil e motores.",Os centros superiores controlam e regulam continuamente os reflexos.
Quais são as funções principais do cerebelo no con...,13.08,0.78,0.129,0.015,0.115,0.833,0.466,0.5,"O cerebelo é um órgão cerebral localizado na parte posterior do cérebro, e desempenha um papel fundamental no controle dos movimentos. Aqui estão as funções principais do cerebelo no controle dos movimentos:

1. **Coordenação motora**: O cerebelo ajuda a coordenar os movimentos dos músculos e articulações, permitindo que os movimentos sejam executados de forma precisa e eficiente. Ele ajuda a sincronizar os movimentos dos músculos e dos ossos, evitando colisões e desequilíbrio.
2. **Aprendizado motor**: O cerebelo é responsável pelo aprendizado de novos movimentos e a adaptação de hábitos motores. Ele ajuda a reforçar a prática de movimentos, tornando-os mais eficientes e precisos com o tempo.
3. **Equ","O cerebelo prepara e controla movimentos harmoniosos, verificando a precisão do timing e da execução."
Quais são as três áreas importantes do cerebelo pa...,5.02,0.33,0.015,0.0,0.015,0.833,0.457,0.5,"O cerebelo é uma estrutura complexa no cérebro que desempenha um papel crucial no controle motora e na coordenação motora. Embora não seja considerado um ""centro motor"" no sentido tradicional, o cerebelo é fundamental para o movimento e a coordenação. Aqui estão três áreas importantes do cerebelo para o movimento:

1. **Inibição e coordenação**: O cerebelo é responsável por regular a intensidade e a frequência de inibição das ações motoras. Ele ajuda a controlar a coordenação entre diferentes partes do corpo, permitindo que as ações sejam realizadas de forma precisa e coordenada. Isso é especialmente importante para atividades como caminhar, correr, saltar e realizar movimentos precisos, como jogos de golfe ou tiro.

2. **Plasticidade e aprendizado motor**: O cere","Vestibulocerebelo, espinocerebelo e cerebrocerebelo."
Qual é a função do lobo floculonodular em relação ...,30.54,1.26,0.091,0.0,0.045,0.5,0.329,0.5,"O lobo floculonodular, também conhecido como lobo medial, é uma estrutura localizada na região do lobo temporal do cérebro, que desempenha um papel importante na regulação da postura e da equilíbrio.",Regula ajustes posturais usando informações do labirinto vestibular.
Qual função é atribuída ao verme espinal e cerebra...,50.59,0.75,0.114,0.029,0.1,0.556,0.327,0.5,"O verme espinal e cerebral desempenham um papel fundamental nos processos de controle motor e coordenação de movimentos nos seres vivos, incluindo humanos. Embora seja tecnicamente correto dizer que o verme espinal é o sistema nervoso que se encontra localizado na coluna vertebral, o termo ""verme cerebral"" não é tecnicamente correto, pois é a coluna vertebral que contém o verme espinal.

A função do verme espinal é transmitir sinais de controle motor para os músculos e recebê-los deles, permitindo a coordenação e o controle dos movimentos voluntários. Aqui estão algumas das principais funções do verme espinal:

1. **Controle motor**: O verme espinal transmite sinais de controle motor para os músculos, permitindo a contração e relaxamento deles. Isso","Controles os músculos proximais, postura, locomoção, movimento ocular e afeta distantias dos membros."
Quais estruturas no sistema nervoso são responsáve...,8.23,1.63,0.119,0.045,0.104,0.818,0.511,0.5,"Excelente pergunta!

A suavização e harmonização dos movimentos voluntários dos membros são responsáveis pelas seguintes estruturas no sistema nervoso:

1. **Coração (Medula Espinhal)**: A medula espinhal é a estrutura responsável por processar e transmitir sinais nervosos que controlam os movimentos voluntários dos membros. Ela recebe sinais de origem cerebral e envia respostas para os músculos, permitindo a coordenação e a harmonização dos movimentos.
2. **Cerebro Cerebeloso (Cerebro Cerebral)**: O cérebro cerebeloso é uma região do cérebro localizada na parte posterior do cérebro que regula a coordenação e a harmonização dos movimentos voluntários. Ele envia sinais para a medula espinhal e aos músculos para controlar a su",O espinocerebelo contribui para a suavidade e harmonia dos movimentos dos membros.
Quais funções os microcomplexos cerebelares desemp...,10.99,1.62,0.258,0.065,0.168,0.889,0.517,0.5,"Os microcomplexos cerebelares são estruturas pequenas localizadas no cérebro que desempenham um papel crucial no aprendizado motor e na atividade mental. Embora ainda haja muitas coisas a serem descobertas sobre o papel exato desses microcomplexos, aqui estão algumas das principais funções associadas a eles no aprendizado motor e na atividade mental:

**Aprendizado Motor:**

1. **Planejamento motor:** Os microcomplexos cerebelares são envolvidos no planejamento motor, ou seja, no processo de planejamento e coordenação dos movimentos. Eles ajudam a integrar informações sensoriais para criar um plano de ação eficaz.
2. **Coordenação motora:** Os microcomplexos cerebelares também desempenham um papel importante na coordenação motora, ou seja, na sincronização entre diferentes partes do corpo","Os microcomplexos cerebelares facilitam o aprendizado motor através da redução da atividade das fibras paralelas e detecem erros de movimento, enquanto também envolvem funções mentais semelhantes a processos motores."
Qual é a diferença marcante entre as lesões cerebe...,11.38,0.47,0.086,0.043,0.086,0.625,0.362,0.5,"As lesões cerebelares e as lesões em outros centros do cérebro têm características e efeitos diferentes, devido à localização e função específicas desses regiões cerebrais. Aqui estão algumas diferenças marcantes entre as lesões cerebelares e as lesões em outros centros:

**Lesões Cerebelares:**

*   A lesão cerebelar é uma lesão que afeta o córtex cerebeloso, que é uma região localizada na parte posterior do cérebro, responsável pela coordenação motora, equilíbrio, memória e aprendizado.
*   As lesões cerebelares podem causar problemas de movimento, coordenação e equilíbrio, como ataxia, incoordenação, instabilidade e perda de equilíbrio.
*   A ataxia é um símbolo mais comum de","Lesões cerebelares implicam erros dos movimentos, enquanto outras lesões levam à paralisia dos movimentos voluntários."
Quais são as funções executivas e sua importância ...,4.51,0.82,0.197,0.043,0.155,0.667,0.369,0.5,"As funções executivas são um conjunto de habilidades cognitivas que permitem que as pessoas planejem, organizem, priorizem, gerenciem e executem tarefas complexas. Elas são fundamentais para o desenvolvimento da autonomia, pois permitem que as pessoas tomem decisões, planejem e executem ações que afetam sua vida e sua sociedade de maneira eficaz e eficiente.

As funções executivas incluem:

1. **Planejamento**: a capacidade de planejar e organizar tarefas, objetivos e metas a longo prazo.
2. **Avaliação de riscos**: a capacidade de avaliar e gerenciar riscos e incertezas.
3. **Regulação emocional**: a capacidade de regular emoções e comportamentos para alcançar objetivos.
4. **Motivação**: a capacidade de se motiv","Funções executivas incluem habilidades de planejamento, organização, execução e controle, essenciais para a independência pessoal e sucesso acadêmico, profissional e social."
Quais problemas podem surgir se as funções executi...,5.02,0.72,0.158,0.044,0.115,0.636,0.39,0.5,"Os problemas que podem surgir em pessoas com traumatismo craniano que afeta as funções executivas são:

1.  **Dificuldade em planejar e organizar**: A capacidade de planejar e organizar tarefas e eventos pode ser comprometida, levando a problemas de gerenciamento de tempo e prioridade.
2.  **Dificuldade em controlar impulsos**: A falta de controle sobre impulsos e reações emocionais pode levar a problemas de estresse e ansiedade.
3.  **Dificuldade em manter a concentração**: A capacidade de se manter focado e atento pode ser comprometida, levando a problemas de concentração e memória.
4.  **Dificuldade em resolver problemas**: A capacidade de analisar e resolver problemas pode ser comprometida, levando a problemas de resolução de conflitos e tomada de","Dificuldades em tarefas diárias, tomada de decisões, emoções e adaptação a novas situações."
Quais condições podem afetar a função executiva co...,7.04,0.68,0.057,0.029,0.057,0.9,0.562,0.5,"A função executiva, que inclui habilidades como a flexibilidade cognitiva e o controle inibitório, pode ser afetada por várias condições. Aqui estão algumas das principais condições que podem afetar essas habilidades:

**Doenças neurodegenerativas**

1. **Doença de Alzheimer**: A doença de Alzheimer é uma condição neurodegenerativa que afeta a função executiva, incluindo a flexibilidade cognitiva e o controle inibitório.
2. **Doença de Parkinson**: A doença de Parkinson pode afetar a função executiva, incluindo a flexibilidade cognitiva e o controle inibitório, além de causar sintomas como tremores e rigidez muscular.
3. **Doença de Huntington**: A doença de Huntington é uma condição genética que afeta a função executiva, incluindo a flexibilidade cognitiva e o controle","Doenças neurodegenerativas, transtornos mentais, uso de drogas, envelhecimento."
Quais três habilidades cognitivas principais são i...,15.54,0.78,0.071,0.043,0.071,0.833,0.519,0.5,"O Modelo das Funções Executivas de Miyake e colaboradores (Miyake et al., 2000) identifica quatro habilidades cognitivas principais que são independentes, mas interagem entre si. São elas:

1. **Atenção**: refere-se à capacidade de concentrar a atenção em uma tarefa específica e ignorar distrações. A atenção é fundamental para a execução de tarefas cognitivas complexas e para a resolução de problemas.
2. **Memória de Trabalho de Lento**: refere-se à capacidade de armazenar e recuperar informações em curto prazo, especialmente informações relevantes para a tarefa em andamento. A memória de trabalho de lento é essencial para a resolução de problemas e a execução de tarefas cognitivas complexas.
3. **Visualização**: refere-se à capacidade de visualizar mentalmente informações","Memória de trabalho, controle inibitório e flexibilidade mental."
Qual é a importância dos modelos teóricos das funç...,19.29,0.45,0.1,0.014,0.071,0.667,0.374,0.5,"Os modelos teóricos das funções executivas são fundamentais na neurociência cognitiva porque oferecem uma compreensão abrangente das habilidades cognitivas que são responsáveis por uma variedade de tarefas complexas e coordenadas, como planejamento, atenção, memória de trabalho e resolução de problemas.

Os modelos teóricos das funções executivas fornecem uma estrutura teórica para entender como essas habilidades são integradas e coordenadas, permitindo que os pesquisadores e profissionais de saúde mental desenvolvam estratégias para diagnosticar e tratar problemas relacionados a essas funções.

Os modelos teóricos das funções executivas são importantes porque:

1. **Forneçam uma compreensão abrangente**: Eles oferecem uma visão geral das habilidades cognitivas envolvidas em tarefas executivas e",Orientar e organizar estratégias de avaliação e intervenção.
Qual método é usado para avaliar funções executiva...,23.32,0.61,0.063,0.032,0.063,0.818,0.507,0.5,"Uma pergunta interessante!

Existem vários métodos utilizados para avaliar as funções executivas em termos de autoavaliação de habilidades e estratégias de enfrentamento. Aqui estão alguns exemplos:

1. **Autoavaliação de habilidades de resolução de problemas**: Nesse método, os indivíduos são solicitados a avaliar suas próprias habilidades de resolução de problemas, incluindo sua capacidade de identificar problemas, analisá-los e encontrar soluções eficazes.
2. **Autoavaliação de habilidades de planejamento**: Os indivíduos são solicitados a avaliar suas habilidades de planejamento, incluindo sua capacidade de planejar tarefas, priorizar objetivos e gerenciar o tempo.
3. **Autoavaliação de habilidades de organização**: Nesse método, os indivíduos são solicitados",Questionários de autoavaliação.
Que vantagens e desvantagens apresenta a observaçã...,17.93,0.93,0.126,0.038,0.101,0.875,0.509,0.5,"A observação direta é uma técnica amplamente utilizada na avaliação de funções executivas em crianças e adultos. Aqui estão algumas vantagens e desvantagens da observação direta na avaliação de funções executivas:

**Vantagens:**

1. **Validade dos resultados**: A observação direta fornece informações sobre o comportamento real, que pode ser mais preciso do que as respostas fornecidas por um indivíduo.
2. **Compreensão do contexto**: A observação direta permite entender o contexto em que o indivíduo está se comportando, o que pode ser importante para a interpretação dos resultados.
3. **Deteção de habilidades não expressas**: A observação direta pode detectar habilidades não expressas ou não verbalizadas, que podem ser importantes para a avaliação de funções executivas.
4. **Redução do efeito","Os pontos fortes incluem a avaliação em tempo real, mas pode ser influenciada pelos comportamentos e habilidades observados."
Quais metodologias fornecem insights sobre o uso d...,10.43,2.73,0.13,0.059,0.101,0.889,0.51,0.5,"Excelente pergunta!

Existem várias metodologias que fornecem insights sobre o uso das habilidades executivas em ambientes naturais. Aqui estão algumas delas:

1. **Observação participativa**: Esta metodologia envolve observar indivíduos em ambientes naturais, como florestas ou montanhas, e registrar suas ações e comportamentos. Isso pode ajudar a entender como as pessoas utilizam suas habilidades executivas em contextos naturais.
2. **Experiências participativas**: Esta metodologia envolve envolver indivíduos em atividades que os desafiam a utilizar suas habilidades executivas em ambientes naturais, como navegação, orientação ou resolução de problemas. Isso pode ser feito em um ambiente controlado, como um laboratório, ou em um ambiente natural.
3. **Estudo de caso**: Este método envolve escolher um indivídu",Avaliações de habilidades executivas em ambientes naturais e exames de imagem cerebral (fMRI).
Quais fatores influenciam a decisão de encaminhar ...,12.28,0.37,0.041,0.014,0.041,0.714,0.401,0.5,"Excelente pergunta!

A decisão de encaminhar um paciente a um especialista em neurociência cognitiva depende de vários fatores. Aqui estão alguns dos principais:

1. **Sintomas clínicos**: A presença de sintomas específicos, como problemas de memória, concentração, linguagem ou movimento, pode indicar a necessidade de uma avaliação especializada.
2. **Histórico médico**: O histórico médico do paciente, incluindo episódios de doenças ou lesões, pode fornecer informações valiosas sobre a possível causa dos sintomas.
3. **Exame físico**: O exame físico pode revelar sinais de doenças ou lesões que possam estar relacionadas aos sintomas do paciente.
4. **Avaliação cognitiva**: A avaliação cognitiva pode ajudar a identificar problemas de processamento de informações, mem","Resultados da avaliação, objetivos de tratamento, comprometimento cognitivo atípico."
Quais são as formas de preservar e proteger as fun...,9.14,0.34,0.103,0.06,0.103,0.833,0.457,0.5,"Excelente pergunta!

As funções executivas são uma série de habilidades cognitivas que permitem que as pessoas planejem, organizem, priorizem e execute tarefas complexas. Aqui estão algumas formas de preservar e proteger as funções executivas:

1. **Exercícios físicos**: A atividade física regular pode melhorar a função executiva. Exercícios de alta intensidade, como corrida ou treinamento de força, podem aumentar a capacidade de atenção e memória de curto prazo.
2. **Treinamento cognitivo**: Desenvolver habilidades cognitivas, como resolução de problemas, memória e atenção, pode ajudar a fortalecer as funções executivas. Existem muitos jogos e atividades cognitivas disponíveis online que podem ser realizados em casa.
3. **Práticas de mindfulness**: A pr","Exercício físico regular, incluindo exercícios aeróbicos."
Qual atividade pode ajudar a melhorar as funções e...,10.94,0.32,0.015,0.0,0.015,0.571,0.325,0.5,"Excelente pergunta!

As funções executivas são uma habilidade complexa que envolve a coordenação de várias informações em diferentes níveis de consciência, incluindo atenção, memória de trabalho, planejamento e execução de tarefas. Aqui estão algumas atividades que podem ajudar a melhorar as funções executivas:

1. **Jogos de lógica e resolução de problemas**: Jogos como Sudoku, crosswords, resolução de mistérios e jogos de estratégia podem ajudar a desenvolver habilidades de lógica e resolução de problemas, que são componentes das funções executivas.
2. **Tarefas de planejamento**: Atividades que exigem planejamento e organização, como planejar um viagem, gerenciar um projeto ou criar um orçamento, podem ajudar a desenvolver habilidades de planejamento e",Treinamento cognitivo baseado em computador.
Quais são formas de preservar e melhorar as funçõe...,3.88,0.45,0.113,0.043,0.085,0.833,0.46,0.5,"Excelente pergunta!

As funções executivas são habilidades cognitivas que incluem planejamento, organização, priorização, controle de emoções, resolução de problemas e execução de tarefas complexas. Preservar e melhorar essas funções é crucial para manter a saúde mental e cognitiva. Aqui estão algumas formas de preservar e melhorar as funções executivas:

**1. Exercícios físicos e atividades físicas**

* Exercícios físicos regulares podem melhorar a função cerebral e aumentar a eficiência cognitiva.
* Atividades físicas, como caminhar, correr, nadar ou praticar yoga, podem ajudar a melhorar a função executiva.

**2. Aprendizado contínuo**

* Aprender novas habilidades ou conhecimentos pode ajudar a manter a mente ativa e estimular o cé","Exercício físico, alimentação saudável, sono adequado, treinamento cognitivo, redução do estresse, atividade mental."
