Instrução,PPL,BLEU,ROUGE-1 F1,ROUGE-2 F1,ROUGE-L F1,Faithfulness,Answer Relevance,Plan Adherence,Gerado,Referência
Quais temas exploram a neurociência cognitiva e a ...,4.42,0.54,0.188,0.036,0.153,0.25,0.143,0.5,"Explora a evolução da cognição, emoções, linguagem, aprendizado e inteligência.Qual é o propósito da linguagem na comunicação humana?Facilita a expressão de ideias, emoções e experiências, permitindo a interação social.Qual é a importância do aprendizado no desenvolvimento humano?O aprendizado é fundamental para o desenvolvimento de habilidades, comportamento social, adaptação a novas situações e resolução de problemas.Como as emoções interagem com a cognição e comportamento humano?Oprimem, influenciam e regulam as funções cognitivo-sensoriais, orientando decisões e ações.Quais são os dois tipos de cognição mencionados?Cognição sensorial e cognição abstrata.Qual é a diferença entre cognição sensorial e cognição abstrata?Cognição sensorial é baseada em estímulos sensoriais, enquanto a cognição abstrata é baseada","O livro explora a interseção da neurociência cognitiva, a psicologia, a filosofia e a IA, focando no conceito humano, a descoberta científica e o entendimento da mente."
Quais são alguns processos e funções intelectuais ...,6.48,1.72,0.19,0.086,0.159,0.571,0.323,0.5,"A cognição envolve processos como a percepção, a tomada de decisões e a avaliação de risco. Funciona através de funções como o pensamento, a memória, o julgamento e o pensamento lógico.Quais são os dois tipos de cognição, e como são classificados?A cognição é dividida em cognição abstrata e cognição concreta. A cognição abstrata envolve a compreensão de conceitos e ideias, enquanto a cognição concreta envolve a compreensão de objetos e situações específicas.Qual é a relação entre cognição e linguagem?A cognição é fundamental para o desenvolvimento e uso da linguagem, pois permite a compreensão e comunicação de ideias e conceitos.Qual é a importância da cognição em relação às habilidades motoras?A cognição é crucial para a organização e execução das habilidades motoras, permitindo que os indivíduos tomem decisões e realizem ações complexas.","A cognição envolve atenção, memória, linguagem, imaginação, julgamento,
avalição, resolução de problemas, planejamento e tomada de decisão."
Quais são os processos pelo qual os sinais sensori...,6.8,2.12,0.174,0.059,0.14,0.556,0.331,0.5,"Os sinais sensoriais são transformados em neurones e usados para gerar respostas motoras ou respostas neurais internas.Qual é a diferença entre respostas motoras e respostas neurais internas?Respostas motoras visceram a movimento, enquanto respostas neurais internas são respostas neurais a estímulos.Qual é a função das fibras sensoriais em relação aos estímulos?Fitas sensoriais transmitem sinais de estímulos.Qual é a importância dos sinais sensoriais e do sistema nervoso em processos cognitivos?Os sinais sensoriais e o sistema nervoso são cruciais para a aquisição de conhecimento, tomada de decisões e planejamento.Qual é a importância da percepção visual em processos cognitivos?A percepção visual é crucial para a tomada de decisões, planejamento e interação com o ambiente.Qual é o papel da estimulação sensorial em atividades motoras?A estimulação sens","Os sinais sensoriais são capturados, transmitidos para regiões do córtex, comunicados por conexões internas e combinados em áreas associativas para uma percepção integrada."
Qual é a função do sono NREM no desempenho cogniti...,2.88,2.56,0.176,0.064,0.138,1.0,0.586,0.5,"O sono NREM melhora a memória de trabalho, a atenção e a memória de longo prazo.Qual é o impacto do sono NREM na memória de trabalho?O sono NREM melhora a memória de trabalho, permitindo melhores habilidades executivas.Qual é a relação entre a privação de sono NREM e o desempenho cognitivo?A privação de sono NREM pode levar a uma redução no desempenho cognitivo.Qual é a importância do sono NREM no processamento de informações?O sono NREM é essencial para o processamento eficiente de informações.Quais são os efeitos da privação de sono NREM na função executiva e em tarefas cognitivas?A privação de sono NREM afeta negativamente a função executiva, a atenção e a memória de trabalho.","O sono NREM, particularmente o estágio de ondas lentas (SWS), é crucial para a consolidação da memória, melhorando o desempenho cognitivo."
Qual é o impacto da privação de sono na função cer...,4.6,3.45,0.197,0.105,0.166,0.833,0.467,0.5,"A privação de sono afeta negativamente a função cerebral, incluindo habilidades de tomada de decisão, processamento de informações, processamento de linguagem, habilidades motoras, controle emocional e atenção.Qual é o papel dos ondas delta e theta em um sono normal?O sono normal inclui ondas delta e theta, com a presença de ondas delta sendo um indicador de sono profundo.Qual é a importância do sono para a consolidação do aprendizado e o processo de memorização?O sono ajuda na consolidação do aprendizado, o processo de memorização e a organização do conhecimento.Quais são os sinais da privação de sono e o que pode causar?Sinais da privação de sono incluem falta de energia, dificuldade de concentração, falta de motivação, apatia, irritabilidade, dificuldade de atenção, dificuldade de tomada de decisão, agnosia, dificuldade de processamento de informações, dificuldade de processamento de linguagem, apatia, falta de","A privação de sono pode levar a uma redução na consolidação das conexões neuronais, afetando atenção, tomada de decisão, plasticidade sináptica e memória."
Quais são os efeitos em longo prazo da privação do...,3.63,2.23,0.125,0.057,0.114,0.5,0.281,0.5,"A privação do sono pode levar a problemas de atenção, memória, aprendizagem, saúde mental, metabolismo, humor, emoções e funções cerebrais.Qual é a diferença entre privação do sono e privação do sono regular?Privação do sono é o sono em um ciclo, enquanto privação regular do sono é o sono de 7 a 8 horas por noite.O que é a privação do sono regular e qual é sua prevalência?Privação do sono regular é o sono em um ciclo, com 7 a 8 horas por noite. Aproximadamente 40% dos adultos na América Ocidental experimentam privação regular do sono.Quais são os sintomas da privação regular do sono?Sintomas incluem sonolência, dificuldade para se concentrar, falta de motivação, depressão, ansiedade, irritabilidade, e dificuldades com o processamento de informações.Quais são os sintomas da","A privação do sono em longo prazo é associada a doenças neurodegenerativas, como as demências, e afeta o desempenho intelectual, acadêmico e trabalho."
Qual é o papel do sono em a manutenção da saúde co...,2.75,5.49,0.238,0.168,0.228,0.875,0.515,0.5,"O sono ajuda na manutenção da saúde cognitiva e na eliminação de toxinas.Quais são os benefícios do sono na função cognitiva?O sono melhora a função cognitiva, incluindo memória, atenção e processamento de informações.Qual é a importância do sono na redução do risco de doenças neurodegenerativas?O sono reduz o risco de doenças neurodegenerativas, como a doença de Alzheimer e o Parkinson.Qual é a relação entre sono e cognição executiva?O sono melhora a cognição executiva, como planejamento e tomada de decisão.Qual é o impacto do sono na cognição abstrata?O sono melhora a cognição abstrata, que envolve raciocínio lógico e resolução de problemas.Qual é o papel do sono no processamento de informações e memória?O sono ajuda no processamento de informações e na transferência da memória para o estado de alerta.","O sono ajuda na manutenção de uma função cognitiva saudável, consolidando memórias e permitindo a eliminação de beta-amiloide, reduzindo o risco de doenças neurodegenerativas."
Quais são os componentes da alma humana conforme d...,4.68,0.31,0.071,0.0,0.071,0.429,0.248,0.5,"A alma humana é composta por três partes: rational, spirited e appetitive.Qual é a natureza do racional e como se relaciona com a alma humana?O racional é a parte do alma humana que busca a verdade e é inerentemente boa, mas pode ser corrompida por emoções.Como a alma humana é afetada pelo temperamento e os estados de espírito?O temperamento afeta o racional, e o estado de espírito afeta o spirited.Qual é a relação entre a alma humana e o corpo?A alma humana é um ente incorpóreo que governa o corpo, mas é separada da alma.O que Platão diz sobre a alma e seu desenvolvimento?A alma é inerentemente boa, mas pode ser corrompida. Seu desenvolvimento está ligado à educação, mas a alma não pode ser totalmente educada.","Cognição, Emoção e Motivação."
Quais regiões do cérebro estão relacionadas a proc...,2.92,0.98,0.141,0.036,0.106,0.6,0.348,0.5,"Processos cognitivos e emocionais são relacionados a regiões como a córtex pré-frontal, córtex parietal, córtex temporal, córtex insular e hipocampo.Quais habilidades são consideradas habilidades socioemocionais?Habilidades socioemocionais incluem reconhecimento de emoções, empatia, compreensão de sentimentos, pensamento crítico, resolução de conflitos, comunicação, motivação, motivação para aprender, gestão do tempo, organização e planejamento.Quais são as duas formas de interação social mencionadas?Interação social pode ser direta ou indireta.Qual é a importância da comunicação na interação social?A comunicação é essencial para estabelecer relações, construir confiança, compartilhar experiências e resolver conflitos.Qual é o papel do cérebro em habilidades socioemocionais, segundo a teoria de Holman et al.?O cérebro ajuda a processar experiências e emoções, o que é fundamental para desenvolver habilidades socioemocionais.Qu","Processos cognitivos estão ligados às regiões corticais, emocionais aos subcorticais, como a amígdala e o hipocampo."
Quais são as consequências das emoções fortes na a...,3.13,2.25,0.185,0.093,0.174,0.778,0.463,0.5,"Emoções fortes podem afetar a atividade cerebral relacionada ao controle atencional, potencialmente alterando a capacidade de focar e processar informações.Qual é a relação entre emoções e o controle atencional na cognição social?Emoções influenciam o controle atencional na cognição social, moldando a atenção aos estímulos sociais com base em suas emoções.Em qual contexto as emoções afetam a atenção na cognição social?As emoções afetam a atenção na cognição social em situações que envolvem a interação social, influenciando o foco nas emoções dos outros.Qual é o papel das emoções em avaliar o contexto social?As emoções ajudam a avaliar o contexto social, permitindo uma resposta adaptativa ao ambiente social.Como as emoções afetam a atenção e o processamento de informações?As emoções podem afetar a atenção e o processamento de informações, priorizando certos","Emoções fortes modulam a atividade do córtex pré-frontal, influenciando o controle atencional. Emocões negativas aumentam a vigilância para ameaças, enquanto emoções positivas podem melhorar a atenção geral."
Quais circuitos neurais mediam a modulação da aten...,2.39,0.48,0.063,0.021,0.032,0.5,0.345,0.5,"Circuitos limbico, córtex cingulado, córtex pré-frontal e córtex parietal.Quais são os principais mecanismos que regulam a atenção seletiva?Atenção seletiva é regulada por mecanismos de controle consciente e automático, incluindo atenção, atenção, atenção, atenção, atenção, atenção, atenção, atenção, atenção, atenção, atenção, atenção, atenção, atenção, atenção, atenção, atenção, atenção, atenção, atenção, atenção, atenção, atenção, atenção, atenção, atenção, atenção, atenção, atenção, atenção, atenção, atenção, atenção, atenção, atenção, atenção, atenção, atenção, atenção, atenção, atenção, atenção, atenção, atenção, atenção, atenção, atenção, atenção, atenção, atenção, atenção, atenção, atenção, atenção, atenção, atenção, atenção, atenção, atenção, atenção, atenção, atenção, atenção, atenção, atenção, atenção, atenção, atenção, atenção, atenção, atenção,",A amígdala e o córtex cingulado anterior.
Quais áreas cerebrais interagem nos processos de e...,2.76,0.46,0.09,0.052,0.077,0.143,0.083,0.5,"O tálamo, córtex pré-frontal, córtex insular, córtex parietal, córtex temporal, córtex pré-torno, córtex orbitofrontal, córtex temporal anterior, hipocampo, agnôico, e córtex visual.Quais são os efeitos da disfunção da amígdala e do córtex orbitofrontal em relação às emoções?A disfunção da amígdala pode causar ansiedade e depressão, enquanto a disfunção do córtex orbitofrontal pode levar a distúrbios de atenção e comportamento.Qual é a relação entre o córtex orbitofrontal e a tomada de decisão?O córtex orbitofrontal é fundamental para a tomada de decisão, especialmente em situações de risco.Qual é a função do córtex pré-frontal em relação às emoções e a tomada de decisão?O córtex pré","Córtex pré-frontal ventromedial, sistema de recompensa, sistema límbico, amígdala."
Quais regiões do cérebro ajudam a fortalecer a rep...,3.81,0.89,0.061,0.037,0.049,0.333,0.2,0.5,"Córtex pré-frontal, hipocampo e amígdala.Quais habilidades podem ser melhoradas por atividades físicas, especialmente em crianças em idade escolar?Aprimoramento da atenção, processamento de informações, memória, tomada de decisão, memória a longo prazo, habilidades socioemocionais, autoconhecimento, autoconfiança, autoconfiança.Qual é a relação entre atividade física e cognição social em crianças e adolescentes?Atividades físicas ajudam a melhorar a cognição social, habilidades socioemocionais e autoconfiança.Quais são os benefícios de treinar de forma regular para crianças e adolescentes?Aumento da agilidade motora, capacidade de resposta rápida, força muscular, flexibilidade, saúde mental e saúde física.Quais são os benefícios de treinar de forma regular para adultos?Aumento da agilidade motora, capacidade de resposta rápida, força muscular","Córtex visual primário, córtex temporal inferior, hipocampo, córtex órbito-frontal, córtex pré-frontal, lobo parietal."
Quais são as consequências da falta de atividade f...,12.43,0.89,0.135,0.052,0.093,0.667,0.4,0.0,"A falta de atividade física em adultos contribui para doenças crônicas e reduz a longevidade. Em crianças, leva a obesidade, diabetes, doenças cardíacas e condições psiquiátricas.Qual é a relação entre atividade física e doenças crônicas em adultos?A atividade física regular reduz o risco de doenças crônicas como doenças cardíacas, diabetes, hipertensão e doenças psiquiátricas.Como a falta de atividade física afeta a saúde mental em adultos e crianças?A falta de atividade física está relacionada a um aumento no risco de doenças psiquiátricas, incluindo depressão, ansiedade e transtornos do sono.Qual é o impacto da falta de atividade física nas habilidades motoras e cognitivo-emocionais em crianças?A falta de atividade física reduz as habilidades motoras, cognitivo-emocionais, independência e habilidades socioemocionais em crianças.Quais são os benefícios da atividade","Os adultos 74% são sedentários, crianças se tornam mais sedentárias, levando a níveis mais baixos de aptidão, doenças crônicas mais cedo."
Quais mudanças no cérebro são relacionadas à práti...,6.28,0.95,0.188,0.027,0.108,1.0,0.569,0.5,"A prática regular de exercícios físicos leva a mudanças na estrutura e função cerebral, incluindo aumento da massa e atividade neural, especialmente em regiões relacionadas à memória e atenção.Qual é o impacto da prática regular de exercícios físicos na idade avançada?A prática regular de exercícios físicos pode melhorar a função cognitiva em idosos, ajudando a compensar os efeitos da idade no cérebro.Quais são os benefícios da prática regular de exercícios físicos para a saúde mental?A prática regular de exercícios físicos melhora a saúde mental, reduzindo a depressão, ansiedade e estresse, e aumentando a confiança em si mesmo e a autoestima.Quais tipos de exercícios são benéficos para a saúde mental?O treinamento aeróbico, como corrida, ciclismo e natação, é benéfico para a saúde mental.Qual é a importância do monitoramento da atividade física em indivíduos com transtornos mentais?O monitoramento da atividade","Melhoria na plasticidade sináptica, aumento do fluxo sanguíneo cerebral, novas sinapses, fortalecimento das redes neurais, otimização da transmissão de informações, melhorias na atenção e memória. Modulação da atividade de neurotransmissores como a dopamina."
Quais são os benefícios da atividade física regula...,5.68,1.92,0.263,0.057,0.216,0.857,0.486,0.5,"A atividade física regular melhora a função cerebral, ajuda na prevenção de doenças neurodegenerativas, melhora a saúde mental e aumenta a capacidade de aprendizagem.Quais são os principais fatores que influenciam a saúde cerebral na vida adulta?A saúde cerebral é influenciada por fatores ambientais, atividades sociais, adequação nutricional, monitoramento de doenças crônicas, níveis de estresse e exposição a toxinas.Qual é a importância da atividade física regular no desenvolvimento cerebral e na manutenção da saúde mental?A atividade física regular é essencial para o desenvolvimento cerebral e contribui para a saúde mental, prevenindo doenças neurodegenerativas e melhorando a função cognitiva e a capacidade de aprendizagem.Qual é a relação entre o estado mental e a saúde cerebral?O estado mental, incluindo ansiedade, depressão, estresse e níveis de humor, afeta a saúde cerebral, influenciando o desenvolvimento, função e manutenção da saúde cerebral.","Aumenta a disponibilidade de dopamina, melhora a motivação e o entusiasmo para aprender, estimula a liberação de BDNF para crescimento de neurônios, melhora a aprendizagem, o humor, a memória e a atenção, e reduz a inflamação sistêmica e cerebral."
Qual é o benefício da prática regular de atividade...,1.92,2.2,0.151,0.109,0.13,0.9,0.562,0.5,"A prática regular de atividade física pode reduzir os níveis de estresse crônico, melhorar a saúde mental, reduzir o risco de doenças inflamatórias e melhorar o humor geral.Quais são os dois tipos de inflamação e como são afetadas pela atividade física?A inflamação crônica e a inflamação aguda são os dois tipos. A atividade física regular pode diminuir a inflamação crônica e melhorar os resultados na inflamação aguda.Qual é a relação entre o estresse e a inflamação, e como a atividade física afeta isso?O estresse pode levar a inflamação crônica, e a inflamação crônica pode aumentar o estresse. A atividade física regular pode reduzir a inflamação crônica e, portanto, o estresse.Como a atividade física regular contribui para a saúde mental?A atividade física regular ajuda a aliviar o estresse, melhora o humor","O exercício regular pode reduzir o estresse crônico, inflamação e melhorar a função cognitiva."
Que fatores ambientais podem influenciar o neurode...,10.51,0.29,0.048,0.012,0.036,0.0,0.0,0.5,"Ambientes, modelos comportamentais, exposição a neurotoxinas, estresse, privação de oxigênio, falta de sono.Qual é o impacto da privação de oxigênio nos processos de aprendizagem e memória?A privação de oxigênio pode levar a mudanças na aprendizagem e memória, afetando o processo de consolidação de memórias.Qual é a relação entre o estresse crônico e o desenvolvimento do cérebro?O estresse crônico pode afetar o desenvolvimento do cérebro, potencialmente levando a alterações no processo de consolidação de memórias.Como o sono contribui para o processamento de informações?O sono é necessário para o processamento e consolidação de informações, contribuindo para a memória de longo prazo.Qual é a importância do sono na consolidação de memórias?O sono permite a consolidação de memórias, ajudando a transferir informações de curto prazo para longo prazo",Privação sensorial e enriquecimento ambiental.
Quais são os efeitos do enriquecimento ambiental n...,6.96,1.3,0.163,0.025,0.137,0.667,0.378,0.5,"O enriquecimento ambiental melhora a função cerebral, neurogenese, neuroplasticidade e memória.Qual é o impacto do envelhecimento em o desenvolvimento cerebral?O envelhecimento afeta negativamente o desenvolvimento cerebral, resultando em deterioração cognitiva, neuroanatomia, neurobiologia e memória.O que é a neuroplasticidade e como ela está relacionada ao desenvolvimento cerebral?A neuroplasticidade é a capacidade de alteração da estrutura e função cerebral em resposta a estímulos. Ela está relacionada ao desenvolvimento cerebral, permitindo adaptações e aprendizado.Qual é a diferença entre o desenvolvimento cerebral primário e secundário?O desenvolvimento cerebral primário envolve mudanças baseadas em fatores genéticos, enquanto o desenvolvimento cerebral secundário é influenciado por experiências externas e fatores ambientais.","Enriquecimento ambiental melhora plasticidade cerebral, capacidade cognitiva, forma de sinapses, formação de dendríticas, vascularização, neurogênese. Ele aumenta neurotrofinas (NGF, NT-3, BDNF) e altera a ativação de neurônios colinérgicos, serotonina, receptores adrenérgicos."
Quais alterações na estrutura e conectividade neur...,6.82,0.72,0.087,0.025,0.075,0.7,0.428,0.5,"A privação sensorial afeta a estrutura e a conectividade neural, levando a mudanças em regiões cerebrais relacionadas à percepção, emoções, cognição e motor.Qual é o impacto da privação sensória em infantes em suas habilidades socioemocionais e cognitivas?A privação sensória em infantes resulta em dificuldades socioemocionais, emoções e cognição, afetando seu desenvolvimento e habilidades sociais.Quais são as consequências da privação sensorial em infantes em seu desenvolvimento cognitivo e emocional?A privação sensorial em infantes leva a desafios em habilidades socioemocionais, emoções e cognição, impactando o desenvolvimento e habilidades sociais.Qual é a importância de um ambiente rico em estímulos sensoriais para o desenvolvimento das habilidades socioemocionais e cognitivas em infantes?Um ambiente rico em estímulos sensoriais é crucial para o desenvolvimento das habilidades socioemocionais e cognit","Alterações na estrutura e conectividade neuronal, incluindo distúrbios perceptivos, cognitivos e sociais crônicos."
Qual é a importância de estudar o enriquecimento a...,6.78,0.44,0.098,0.0,0.085,0.75,0.448,0.5,"Estudar o enriquecimento ambiental e privação sensorial ajuda a entender o desenvolvimento neural e as adaptações cognitivas.Qual é a diferença entre enriquecimento ambiental e privação sensorial?Enriquecimento ambiental é um aumento da variedade de estímulos sensoriais, enquanto privação sensorial é a ausência de estímulos sensoriais.Quais são os benefícios do enriquecimento ambiental no desenvolvimento neural?O enriquecimento ambiental melhora o desenvolvimento neural, o processamento sensorial e a aprendizagem.O que é privação sensorial e quais são seus efeitos no desenvolvimento neural?Privação sensorial é a ausência de estímulos sensoriais, levando ao desenvolvimento neural inalterado e à dificuldade em adaptar-se a novas situações.Qual é a relação entre privação sensorial e privação emocional?Privação sensorial e privação emocional são independentes, mas ambos podem afetar o desenvolvimento neural.","É essencial para desenvolver terapias que melhorem a saúde e o bem-estar, abordando o impacto no cérebro e comportamento."
Quais alterações moleculares são associadas ao nat...,6.24,1.4,0.149,0.032,0.117,0.714,0.406,0.5,"Aging cerebral envolve alterações moleculares, como a degradação de proteínas, alterações na estrutura do DNA, aumento de oxidação, e o desenvolvimento de proteínas de ligação, como a fibrina.Qual é a relação entre o envelhecimento cerebral e a doença de Alzheimer?O envelhecimento cerebral, especialmente em indivíduos com predisposição genética, é uma causa principal da doença de Alzheimer, caracterizada por demência, perda de memória e declínio cognitivo.Quais são os fatores de risco para o envelhecimento cerebral?Fatores de risco para o envelhecimento cerebral incluem o envelhecimento, predisposição genética, doenças crônicas e condições psiquiátricas.Qual é o impacto do envelhecimento no desenvolvimento e progressão da doença de Alzheimer?O envelhecimento afeta o desenvolvimento e progressão da doença de Alzheimer, influenciando o início dos sintomas, a velocidade de deterioração cognitiva e a severidade da doença.","Senescência neuronal, exaustão de células-tronco neurais, aumento da apoptose, agregação de proteínas, disfunção mitocondrial, acumulação de danos no DNA."
Qual é a faixa percentual de prevalência do declín...,4.85,0.71,0.055,0.0,0.037,0.556,0.356,1.0,"Entre 5% e 7% de indivíduos com mais de 60 anos.Quais são os sinais de um declínio cognitivo?Perda da capacidade de fazer escolhas, mudanças na memória, comportamento, tomada de decisão, problemas de atenção, agnosia, afasia, apraxia, ataxia, demência, problemas de coordenação motora, agnosia, apraxia, demência, ataxia, demência, ataxia, demência, ataxia, demência, ataxia, demência, ataxia, demência, ataxia, demência, ataxia, demência, ataxia, demência, ataxia, demência, ataxia, demência, ataxia, demência, ataxia, demência, ataxia, demência, ataxia, demência, ataxia, demência, ataxia,",Entre 6.7% e 25.2%.
Qual é a taxa anual de evolução do declínio cognit...,2.87,2.91,0.187,0.083,0.164,0.636,0.383,1.0,"A evolução anual do declínio cognitivo é de 0,5 a 1,0, indicando uma probabilidade de 30% de desenvolver demência em 10 anos.Qual é a importância dos estudos de caso em relação ao declínio cognitivo?Estudos de caso ajudam a entender o impacto do declínio cognitivo nas famílias e sistemas de cuidados.Quais são as duas categorias de demência e seus principais sinais?Alzheimer e demência vascular, com sinais de afetações cognitivas, visuais e motoras.Qual é o papel do ACh na demência?O ACh é crucial para a função cognitiva, com sua redução observada em demências como o Alzheimer.Qual é a relação entre demência vascular e demência de Lewy?A demência vascular pode causar demência de Lewy, enquanto a demência de Lewy pode levar a demência vascular","A taxa anual de evolução do declínio cognitivo é aproximadamente 5-17%, indicando uma alta probabilidade de desenvolvimento da demência."
Quais biomarcadores são utilizados para identifica...,7.49,0.93,0.149,0.058,0.126,0.429,0.243,0.5,"Biomarcadores incluem níveis de beta-amiloide no cérebro, níveis de proteína Tau, e avaliação de capacidades cognitivas.Qual é a importância dos biomarcadores na demência?Os biomarcadores ajudam na classificação de demência, monitoramento da progressão e em avaliação da eficácia dos tratamentos.Como a demência afeta o desenvolvimento de habilidades cognitivas?A demência leva a uma perda progressiva de habilidades cognitivas, afetando o funcionamento mental e a capacidade de realizar atividades diárias.Qual é a relação entre demência e doenças neurológicas?A demência é frequentemente um sintoma de doenças neurológicas, sendo o Alzheimer o tipo mais comum.Qual é o papel do neuropsicólogo na avaliação da demência?O neuropsicólogo é responsável por realizar avaliações neuropsicológicas, neuropsicognômicas, neuropsicognômicas e neurops","Proteínas beta-amiloides, genótipo APOE4, níveis anormais de proteína tau no líquido cefalorraquidiano e depósitos de proteína tau nos lobo lateral temporal."
Quais são os principais sintomas da demência que a...,4.04,0.44,0.085,0.035,0.068,0.333,0.194,0.5,"Problemas de memória, aprendizagem, atenção, agilidade, linguagem, problemas visuoespecíficos, percepção espacial, confusão, apraxia, agnosia, alogia, disonestias, alucinaciones, desorientação, anoses, apraxias, agnosias, ataxias, demencia.Qual é a diferença entre demência e anoses?A anoses são distúrbios da memória aguda, enquanto a demência envolve um processo de deterioração da cognição, incluindo anoses.Quais são os principais fatores de risco para a demência?Fatores de risco incluem idade, diabetes, hipertensão, infecção por HIV, malnutrição, transtornos de sono, tabagismo, infecções por parainfluenza, parainfluenza, parainfluenza, parainfluenza, parainfluenza, parainfluenza, parain","Deterioração da função cognitiva, impacto nas atividades sociais, ocupacionais e domésticas."
Quais são os dois principais grupos de demências m...,3.85,0.97,0.279,0.098,0.17,0.556,0.335,0.5,"Demências de Machado-Juncosa e Demência de Alzheimer. Exames neurológicos servem para avaliar a função cerebral e identificar a demência.Qual é a demência que é a segunda causa de morte em pacientes com SIDA?Demência de AIDS.Quais são as principais causas de demência não afeta demência em adultos em casa?Infarto agudo de miocânquo, tumores, demências degenerativas, envenenamento por medicamentos, demências de transtorno do espectro autista, demências de transtorno do espectro autista, demências de transtorno do espectro autista.Qual é a demência relacionada a distúrbios do espectro autista?Demência de trastorno do espectro autista.Quais são as duas formas de demência não afeta demência?Demência de transtorno do espectro autista",Os dois principais grupos são demências neurodegenerativas (como a Doença de Alzheimer) e não degenerativas. Os exames neurológicos ajudam a avaliar demências e outros distúrbios.
Quais marcadores histológicos são associados com d...,5.48,0.56,0.12,0.0,0.06,0.2,0.111,0.5,"ApoE4, TDP-43, Tau.O que é o TDP-43 e como está relacionado com demências?TDP-43 é um proteína nuclear de ligação e transporte de DNA, presente em neurônios. Ele é associado ao declínio cognitivo, neurodegeneração e demências, especialmente em demências de transtornos genéticos.Qual é a característica de demência de Lewy?Involucra agnosia, demência cognitiva, apraxia, distúrbios do sono, psicosis, ataxia, parkinsonismo, hipotonía, distúrbios do estado de sono e distúrbios do sono.Qual é a demência associada ao transtorno genético de Alzheimer (ATG)?ATG-1, ATG-2, ATG-3, ATG-4, ATG-5, ATG","Acumulação de proteínas, placas neuríticas, infusão intraneuronal, beta-amiloide, TAU, TDP-45, alfa-sinucleína, microtúbulos, MAPT, FUS."
Qual é uma desordem neurotóxica mencionada no text...,14.61,0.4,0.04,0.0,0.027,0.2,0.114,0.5,"Alzheimer's disease.Qual é a relação entre o apraxia e a cognição?O apraxia afeta a capacidade de realizar tarefas, mas não necessariamente a compreensão da tarefa.Qual é a distinção entre apraxia ideomotora e ideodinamia?Apraxia ideomotora envolve dificuldade em realizar ações sem entender o conceito, enquanto apraxia ideodinamia é a dificuldade em executar ações em resposta a um estímulo sem entender o conceito.Qual é o foco do estudo de uma paciente com apraxia ideodinamia?A paciente precisa de estímulo e ajuda para realizar a tarefa.Qual é a diferença entre apraxia ideomotora e ideodinamia?Apraxia ideomotora é a dificuldade em realizar ações sem entender o conceito, enquanto ideodinamia é a dificuldade em executar ações em resposta a um estím","Hipotireoidismo, Desnutrição severa, Uremia crônica, Vitamina B12, Tiamina, Hepatopatias, Poluentes, Paratireoides, Síndromes Metabólicas, Encefalopatia de Wernicke."
Quais são as duas estratégias utilizadas para gere...,11.12,0.27,0.036,0.0,0.036,0.625,0.358,0.5,"Gerenciar o agravo crônico da demência através de intervenção social e médica.Qual é a importância da intervenção social na gestão da demência?A intervenção social ajuda a melhorar o ambiente social, evitar o isolamento, promover a independência e a segurança, e melhorar a qualidade de vida.Qual é a importância da intervenção médica na gestão da demência?A intervenção médica envolve o uso de medicamentos, monitoramento de condições e a gestão de sintomas.Quais são os sinais do agravo crônico da demência?Desordens do pensamento, memórias, comportamento, linguagem, percepção, habilidades motoras, agnosia, apraxia, alogia, cognição social, comportamento e emoções, dificuldades de atenção e julgamento.Qual é o impacto da demência em anos de vida e na economia?A demência afeta o cuidado, o apoio e a qualidade de vida dos indivíduos, result",Tratamentos sintomáticos e intervenções.
Quais fatores podem controlar a transição do MCI p...,5.9,0.38,0.072,0.012,0.072,0.5,0.288,0.5,"Fatores de estilo de vida, predisposição genética, condições neurológicas e fatores ambientais.Quais são as duas categorias de demência?Demência de doença, como demência de Alzheimer, e demência não associada a doença.Qual é a condição caracterizada por perda progressiva do pensamento, memória e habilidades de tomada de decisão?Demência de Alzheimer.Qual é a forma de demência não associada a doença que afeta a memória e habilidades de tomada de decisão?Demência de Lewy.Quais são as condições neurológicas relacionadas com demência não associada a doença?Fratura cerebral, parkinsonismo, demência vascular, demência de Huntington.Qual é a condição caracterizada por uma das duas condições neurológicas mencionadas?Demência de Lewy.Quais são os sintomas da demência de Lewy?At",Identificar fatores controláveis pode ajudar na transição do MCI para a demência.
Qual artigo discute os efeitos da privação ambient...,3.22,5.84,0.151,0.118,0.128,0.8,0.518,0.5,"""Neurotoxicidade da privação ambiental e associações com transtornos psiquiátricos.""Qual é o impacto da privação ambiental na função cerebral e na cognição social?A privação ambiental afeta a função cerebral, o desenvolvimento do cérebro, a cognição social e o sistema imunológico.Quais são os efeitos da privação ambiental nos sistemas imunológico e neuroendócrino?A privação ambiental altera o sistema imunológico e neuroendócrino, influenciando a resposta imunológica e a expressão de genes relacionados com a cognição.Como a privação ambiental afeta a expressão de genes relacionados com a cognição?A privação ambiental influencia a expressão de genes relacionados com a cognição, afetando a resposta imunológica e a função cerebral.Qual é a relação entre a privação ambiental e os transtornos psiquiátricos?A",O artigo de Sahoo et al. (2022) aborda-effects cerebrais da privação ambiental e associações com transtornos psiquiátricos.
Quais são os aspectos-chave da atenção em termos d...,8.6,1.5,0.113,0.043,0.113,0.429,0.252,0.5,"A atenção envolve o processo de seleção e atenção ativa, adaptada à mudança social.Qual é o objetivo da atenção no contexto da mudança social?Aprimorar a capacidade de focar em mudanças sociais para facilitar a adaptação.Como a atenção é relevante para a adaptabilidade?A atenção é crucial para focar em mudanças sociais, essencial para a adaptabilidade.Qual é a relação entre atenção e desenvolvimento social em adultos?A atenção é fundamental para a interação social, sendo essencial para o desenvolvimento social em adultos.Quais são os dois tipos de atenção mencionados na seção?A atenção é dividida em atenção ativa e atenção passiva.","A atenção envolve a focalização consciente em uma tarefa principal, selecionando estímulos específicos para processamento, ignorando outros irrelevantes."
Qual é a sub-divisão do processo de desenvolviment...,5.04,0.7,0.101,0.064,0.101,0.571,0.333,0.5,"Processo de atenção e atenção seletiva.Quais são as duas formas de atenção seletiva mencionadas?Atendimento global e atenção local.O que é a atenção seletiva e qual é sua função?Atendimento seletiva é a capacidade de focar em um estímulo específico, ignorando outros, e é essencial para o processamento de informações sensoriais.Quais são os dois tipos de atenção seletiva mencionados?Atendimento global, focando em um estímulo específico, e atenção local, focando em estímulos próximos no espaço.Qual é o papel das estruturas sensoriais e do córtex pré-frontal em desenvolvimento da atenção?Estruturas sensoriais são necessárias para capturar estímulos, e o córtex pré-frontal é essencial para processamento de informações sensoriais.Qual é a importância da atenção seletiva em relação ao desenvolvimento cognitivo?A","Atenção seletiva, sustentada, atenção dividida e atenção alternada."
Qual é o conceito relacionado à capacidade de alte...,3.43,0.95,0.164,0.056,0.137,0.5,0.3,0.5,"Flexibilidade de atenção.Quais são os dois tipos de atenção?Atendimento seletivo e atenção dividida.Quais são as vantagens da atenção seletiva?Permite focar em tarefas específicas e melhora a produtividade.E a atenção dividida?Permite processar informações simultaneamente, mas é menos eficiente.Qual é a estratégia recomendada para alternar entre tarefas?Alternar tarefas de maneira sequencial, priorizando a mais importante.Quais são as consequências de não alternar adequadamente entre tarefas?Atenção dividida, fadiga, menos produtividade e aumento de erros.Qual é a técnica para melhorar a flexibilidade de atenção?Seguir uma lista de tarefas e alternar entre elas.Quais são as tarefas sugeridas para alternar?Tarefa 1, Tarefa 2, Tarefa 3, Tarefa",A atenção alternada é a capacidade de alternar atenção entre tarefas que exigem diferentes níveis de foco.
Quais condições podem causar alterações em mais de...,3.34,0.39,0.026,0.0,0.026,0.286,0.164,0.5,"Transtorno de Déficit de Atenção e Memória, Esquizofrenia, Doenças de Envelhecimento.Qual é o resultado da idade avançada sobre o processamento de informações?O processamento de informações torna-se mais lento, levando a um tempo de resposta mais longo.Quais são as condições que afetam o funcionamento do cérebro e a percepção?Transtornos de Envelhecimento, Doenças Neurodegenerativas, Transtornos de Déficit de Atenção e Memória, Esquizofrenia, Doenças de Envelhecimento.Quais são as principais diferenças entre o processamento de informações e a memória?O processamento de informações envolve a análise de informações, enquanto a memória é a capacidade de armazenar e recuperar informações.Qual é a relação entre a cognição e a motivação?A motivação influencia a cognição, levando a decisões e ações","Ansiedade, depressão, esquizofrenia, dislexia, TDAH."
Quais estruturas do cérebro foram identificadas co...,3.48,1.72,0.182,0.086,0.17,0.25,0.148,0.5,"O córtex pré-frontal, o córtex parietal, o córtex temporal, o córtex cingulado, o córtex lentigofacial, o córtex orbitofrontal e o córtex límbico.Quais regiões do cérebro estão envolvidas no processamento do estímulo visual?O córtex visual, incluindo a ínsula, o lobo temporal, o lobo parietal, o lobo frontal, o córtex cingulado, o córtex cingulado posterior e o córtex límbico.Qual é a função das células de barrelete no córtex visual primário?As células de barrelete são responsáveis por detectar sinais de luz em uma área específica do campo visual.Quais são as três camadas de processamento visual descritas na seção?O córtex visual primário, o córtex visual secundário e o córtex visual de associação.","O tálamo, córtex parietal, córtex límbico, região frontal e córtex temporal."
Qual é o pico de sensibilidade à luz e em que part...,2.98,2.07,0.123,0.062,0.108,0.5,0.302,0.5,"O pico de sensibilidade à luz é em 555 nm, que corresponde ao vermelho.Qual é o efeito da luz de 555 nm na visão?A luz de 555 nm é a luz mais sensível para a visão humana.O que é a luz em termos de radianos?A luz é um vetor de radianos.Qual é a relação entre radianos e graus?1 radiano é igual a 180/π graus.Qual é o valor em radianos para um emmetro?Um emmetro é igual a 2π radianos.Qual é o valor em radianos para um radian?Um radian é igual a 2π radianos.Qual é o valor em radianos para um grado?Um grado é igual a π/180 radianos.Qual é o valor em radianos para 360 graus?","O pico de sensibilidade é entre 450-480 nm, na porção azul do espectro."
Quais mecanismos biológicos estão relacionados ao ...,7.57,0.36,0.042,0.0,0.042,0.25,0.142,0.5,"Aging afeta o sistema nervoso, a neurotransmissão e a função cerebral, alterando a atenção.Como a idade afeta a capacidade de atenção, conforme os estudos?A idade afeta a capacidade de atenção, com estudos mostrando que a atenção está associada a uma taxa de processamento mais rápida.Quais fatores ambientais podem influenciar o desenvolvimento do sistema de atenção?Fatores ambientais como educação, saúde mental, atividades físicas, e práticas de vida saudáveis.Qual é o impacto do sistema de atenção em atividades de vida diária e trabalho?O sistema de atenção é fundamental para atividades de vida diária e trabalho, influenciando o desempenho, produtividade e qualidade de vida.Quais estratégias podem ajudar a melhorar a atenção?Estratégias incluem treinamento cognitivo, exercícios físicos, práticas de mindfulness e atividades sociais.Como as práticas de mindfulness podem melhorar a atenção?Práticas de mindfulness","Inflamação sistêmica, senescência celular, senescência imunológica, disfunções mitocondriais, propensão fibrótica, envelhecimento hormonal, alterações na composição corporal."
Qual condição neurológica está relacionada a uma p...,6.81,0.48,0.081,0.033,0.049,0.462,0.302,0.5,"AD (Demência de Alzheimer)Quais são os sintomas iniciais do AD?Deterioração leve de memória e atenção.Qual é a condição que pode se manifestar com sintomas agudos, como convulsões e parkinsonismo?AD de Lewy.Quais distúrbios são considerados distúrbios neurodegenerativos?Distúrbios neurodegenerativos referem-se a doenças que causam atrofia cerebral, como AD, PD, HD, ALS, MS.Quais distúrbios são classificados como distúrbios de neuroincheamento?Distúrbios de neuroincheamento, como demência vascular, demência de Creutzfeldt-Jakob, demência de prion, distúrbios de demência com esclerose múltipla.Qual é a característica principal dos distúrbios de dem",Envelhecimento com déficit de atenção leve.
Quais déficits cognitivos são comuns em indivíduos...,3.96,0.49,0.136,0.028,0.109,0.333,0.186,0.5,"Deficiências em atenção, processamento de informações, planejamento, organização e controle de emoções.Quais são os sinais de TDAH em crianças?Inconsistência em atenção, interrupções frequentes, dificuldade em focar, dificuldades em seguir comandos, comportamento inapropriado, e dificuldades em organizar e completar tarefas.Quais são os sintomas de TDAH em adultos?TDAH persistente, dificuldades em foco, interrupções, dificuldades em planejar, organização, gerenciamento de emoções, e dificuldades em comunicação.Qual é a relação entre TDAH e distúrbios neuropsiquiátricos?TDAH co-ocorre com distúrbios como depressão, transtorno de personalidade, TDAH persistente, e transtorno de ansiedade.Quais são os fatores de risco associados ao TDAH?Infância precoce, infantes prematuros","TDAH afeta funções executivas, atenção seletiva, memória de trabalho, temporização e tomada de decisão baseada em recompensas."
Quais fatores estão associados à redução no volume...,10.3,0.81,0.12,0.012,0.072,0.308,0.19,0.5,"Estímulo cognitivo, atividade física, exposição ao estresse, comorbidades como depressão e obesidade, e níveis elevados de cortisol.Qual é a relação entre TDAH e a neurotransmissão da dopamina em adultos?TDAH é frequentemente associado a um sistema nervoso não otimizado, com base na neurotransmissão da dopamina.Quais mudanças na neurotransmissão da dopamina podem ocorrer em adultos com TDAH?Modificações na neurotransmissão da dopamina podem ocorrer devido a fatores ambientais, como estresse, e predisposições genéticas.Qual é o papel da neurotransmissão da dopamina na função cognitiva em adultos com TDAH?A neurotransmissão da dopamina é fundamental para a função cognitiva em adultos com TDAH, afetando habilidades como planejamento, atenção, memória e tomada de decisões.Como a neurotransmissão da dopamina","Fatores biológicos como baixo peso ao nascer, tabagismo, exposição a drogas e álcool prenatal, distúrbios psiquiátricos maternos, disfunção familiar e baixo nível socioeconômico."
"Quais sintomas descreve o termo ""hiperfoco"" em ind...",9.06,0.0,0.0,0.0,0.0,0.0,0.0,0.5,"Hiperaftismo, hiperaftismo, hiperaftismo, hiperaftismo, hiperaftismo, hiperaftismo, hiperaftismo, hiperaftismo, hiperaftismo, hiperaftismo, hiperaftismo, hiperaftismo, hiperaftismo, hiperaftismo, hiperaftismo, hiperaftismo, hiperaftismo, hiperaftismo, hiperaftismo, hiperaftismo, hiperaftismo, hiperaftismo, hiperaftismo, hiperaftismo, hiperaftismo, hiperaftismo, hiperaftismo, hiperaftismo, hiperaftismo, hiperaftismo, hiperaftismo, hiperaftismo, hiperaftismo, hiperaftismo, hiperaftismo, hiperaftismo, hiperaftismo, hiperaftismo, hiperaftismo, hiperaftismo,",Hiperfoco na TDAH é intensa concentração em uma atividade.
Quais funções executivas são menos ativadas em ind...,23.16,0.4,0.096,0.016,0.096,0.286,0.171,0.5,"Funcões executivas como planejamento, resolução de problemas e atenção.Quais estratégias podem ajudar a melhorar a aprendizagem?Usar imagens, sons e sons.Quais desafios podem impactar a alfabetização de um indivíduo?Diferenças na fonética, ortografia, ortonomia, sintaxe, gramática, morfologia, derivação, cognate, léxico, morfologia, derivação, cognate, léxico, ortografia, sintaxe, gramática, derivação, cognate, léxico, ortografia, sintaxe, gramática, derivação, cognate, léxico, ortografia, sintaxe, gramática, derivação, cognate, léxico, ortografia, sintaxe, gramática, derivação, cognate, léxico, ortografia, sintaxe, gramática, derivação, cognate, léxico, ortografia, sintaxe, gramática, derivação, cogn",Atividade da rede de atenção dorsal e das redes de atenção ventral.
Quais são as características clínicas da dislexia ...,38.33,0.39,0.062,0.0,0.062,0.6,0.356,0.5,"A dislexia pode causar dificuldades em ler, escrever e reconhecer letras, afetando o desenvolvimento da linguagem.Quais são os sinais de dislexia em crianças?Dificuldades na leitura, escrita, reconhecimento de letras, confusão de letras, confusão de palavras e distúrbios de linguagem.O que é a dislexia em adultos?A dislexia em adultos envolve dificuldades em ler, escrever e reconhecer letras, com um impacto na comunicação.O que é a dislexia em adultos?A dislexia em adultos afeta a capacidade de ler, escrever e reconhecer letras, afetando a comunicação.Quais são os sinais de dislexia em adultos?Dificuldades na leitura, escrita, reconhecimento de letras, confusão de letras, confusão de palavras e distúrbios de linguagem.Quais são os sinais de dislexia em crianças e adultos?Dificuldades na leitura","Deficits em percepção visual, processamento visual temporal, atenção, e possíveis condições oculares. Não todos apresentam prejuízos cognitivos."
Qual é a eficácia dos treinos de atenção visual em...,1.92,3.96,0.165,0.1,0.154,0.857,0.498,0.5,"Os treinos de atenção visual melhoram a atenção visual, mas não alteram significativamente o desempenho na leitura.Quais são os dois tipos de atenção visual mencionados?Atendimento visual primário (visual primário) e secundário (visual secundário).Qual é a relação entre atenção visual e atenção auditiva?Atendimento visual e atenção auditiva não são correlacionados.Qual é a importância do reconhecimento visual em indivíduos com dislexia?O reconhecimento visual é fundamental para o processamento de informações visuais, essencial para a alfabetização.Como a atenção visual primária é relacionada a outras habilidades?A atenção visual primária está relacionada à atenção visual primária, à percepção visual, à memória visual, ao processamento de imagens e à consciência visual.Quais são as diferenças entre a atenção visual primária e a atenção visual primária?A atenção visual primária é a capacidade de focar",Os treinos de atenção visual aumentam a velocidade e precisão da leitura em indivíduos com dislexia.
Quais são as funções temporais específicas da área...,9.39,3.58,0.203,0.11,0.162,0.5,0.314,0.5,"O núcleo ventral tegmental lateral (VTA) é essencial para o controle de atenção e impulso, atuando no sistema de recompensa.Qual é a relação entre o VTA e a subcortex ventral tegmental em condições de estresse?O VTA e a subcortex ventral tegmental interagem em condições de estresse, influenciando o sistema de recompensa.O sistema de recompensa é afetado pelo estresse, o que pode levar a comportamentos compulsivos.A neurotransmissão dopaminergica é crítica para o sistema de recompensa e pode ser influenciada pelo estresse.A neurotransmissão dopaminergica, fundamental para o sistema de recompensa, está interconectada com o sistema de estresse.O sistema de recompensa e estresse interagem de forma complexa.O sistema de recompensa e estresse interagem de forma complexa, influenciando",Projeções temporais da Área Ventral Tegmental influenciam o controle de atenção e impulso no Núcleo Accumbens e Cortiço Prefrontal.
Quais biomarcadores são estudados em relação à cog...,1.78,0.65,0.063,0.032,0.063,0.25,0.208,0.5,"Estudos de cognição, estresse, atenção, humor, cognição social, cognição social, cognição social, cognição social, cognição social, cognição social, cognição social, cognição social, cognição social, cognição social, cognição social, cognição social, cognição social, cognição social, cognição social, cognição social, cognição social, cognição social, cognição social, cognição social, cognição social, cognição social, cognição social, cognição social, cognição social, cognição social, cognição social, cognição social, cognição social, cognição social, cognição social, cognição social, cognição social, cognição social, cognição social, cognição social, cognição social, cog",Biomarcadores de cognição e estresse.
Quais são as implicações clínicas e tratativas de ...,3.63,0.5,0.106,0.031,0.091,0.5,0.303,0.5,"ADHD e Bipolar Disorder em adultos apresentam desafios significativos em diagnóstico e tratamento, com ADHD afetando a função executiva e o manejo social, enquanto Bipolar Disorder exige atenção aos ciclos de humor.Qual é o impacto da privação de sono no desempenho cognitivo de indivíduos com ADHD?A privação de sono prejudica a função executiva, a memória e o desempenho social, exacerbando os desafios de ADHD em indivíduos.Quais são as estratégias de tratamento para ADHD e Bipolar Disorder?O tratamento envolve ajustes na rotina, medicação, terapia cognitiva e apoio social. É crucial avaliar os níveis de função executiva e adaptabilidade.","Implicações incluem diagnóstico preciso e estratégias terapêuticas adequadas, considerando a interseção das condições."
"Quais áreas de estudo são abordadas no ""Neurociênc...",3.96,0.86,0.107,0.027,0.081,0.222,0.134,0.5,"Apresenta as bases neurocientíficas do pensamento, incluindo o cérebro, sistema nervoso, neuroquímica e neuroimagem.O livro aborda como o pensamento está relacionado à atenção e à consciência?Aborda a atenção, consciência, atenção seletiva, atenção dividida, atenção desatendida e cognição.Quais são as bases da cognição e o processo de tomada de decisão?Cognição é baseada na atividade neuronal, tomada de decisão.Qual é o papel da neuroquímica no desenvolvimento do pensamento?A neuroquímica é fundamental para o desenvolvimento do pensamento.O livro discute a evolução do pensamento e o conceito de cognição de Mikhail Bakhtin?Discute a evolução do pensamento, a cognição de Mikhail Bakhtin.O que é o processo de tomada de decisão?Tomada de decisão é um processo","Neurociência Cognitiva, neurobiologia, desenvolvimento do cérebro, ciências da idade."
Qual é o estado de estar consciente e como está re...,4.72,7.65,0.329,0.166,0.193,1.0,0.59,0.5,"O estado de estar consciente é a capacidade de se envolver com o ambiente, enquanto o nível de alerta é a resposta de um indivíduo a estímulos ambientais.Qual é a diferença entre um indivíduo que está consciente e um que está apenas sonolento?Uma pessoa sonolenta não é consciente, mas pode ser influenciada por estímulos externos, enquanto um indivíduo consciente pode responder e reagir.Qual é a função do sistema nervoso central (CNS) em relação ao estado de consciência?O CNS é responsável pela regulação dos estados de consciência, incluindo a atenção e a percepção sensorial.Qual é a relação entre a privação de sono e o estado de sono?A privação de sono pode levar à privação do sono, afetando negativamente a função do CNS.Qual é a importância do sono para o sistema nervoso central e como ele está relacionado a processos cognitivos?O sono é essencial","O estado de estar consciente é um estado de lucidez e vigília que permite perceber e reagir aos estímulos, sendo um conhecimento de si mesmo e do ambiente, enquanto o nível de consciência está relacionado ao grau de alerta do indivíduo."
Quais são as principais características do nível d...,18.39,0.35,0.062,0.025,0.062,0.625,0.373,0.5,"O nível de consciência é caracterizado por percepção sensorial, reconhecimento, processamento, memória, atenção, consciência de si, controle, ação, interação, comunicação e tomada de decisão.Quais são os dois tipos de consciência mencionados?Consciencia consciente e inconsciente.Como é descrito o inconsciente em termos de consciência?O inconsciente é uma forma de consciência, mas não é totalmente consciente.Quais são os dois tipos de consciência no sistema RDOC?Consciencia consciente e inconsciente.Qual é o papel do sistema RDOC na formação da consciência?O sistema RDOC influencia a formação da consciência.Qual é a visão do sistema RDOC sobre a consciência?A consciência é vista como uma forma de percepção.O sistema RDOC considera a consciência como um resultado de processos.Sim, a consciência é resultado de processos.Quais são os",Facilita a interação da pessoa com o ambiente adequadamente ao contexto.
Quais são as duas fontes pelas quais o nível de co...,6.08,0.27,0.013,0.0,0.013,0.0,0.0,0.5,"Conduções sensoriais e o sistema de controle.O que é o sistema de controle?O sistema de controle inclui o sistema nervoso central, sistema nervoso periférico e sistema nervoso em desenvolvimento.Qual é a relação entre o sistema de controle e o sistema nervoso em desenvolvimento?O sistema de controle depende do sistema nervoso em desenvolvimento para desenvolver.Qual é a importância do sistema de controle no desenvolvimento do sistema nervoso central?O sistema de controle é crucial para o desenvolvimento do sistema nervoso central, incluindo o sistema nervoso em desenvolvimento.O que é o sistema de controle e o sistema nervoso em desenvolvimento?O sistema de controle inclui o sistema nervoso central, sistema nervoso periférico e sistema nervoso em desenvolvimento.O que é o sistema nervoso em desenvolvimento?O sistema nervoso em desenvolvimento é o sistema nervoso em formação durante o desenvolvimento pré-natal",Estímulos internos (pensamento) e estímulos ambientais (externos).
Quais são as regiões do cérebro responsável pelo e...,7.98,0.31,0.013,0.0,0.013,0.583,0.366,0.5,"Córtex pré-frontal, córtex parietal, córtex temporal, córtex límbico.Qual é o papel do córtex pré-frontal no processo de tomada de decisão e planejamento?Atribui-se a tomada de decisão e planejamento, mas não é necessário para o processamento de estímulos.Quais são os dois tipos de consciência descritos na neurociência cognitiva?Conscientia de controle consciente e inconsciente.Como é descrito o estado de vigília na neurociência cognitiva?O estado de vigília é uma forma de consciência que permite a detecção e processamento de estímulos, mas não envolve a consciência de controle.Qual é a importância do córtex límbico no processo de consciência?O córtex límbico é essencial para a consciência de controle, permitindo respostas motoras adequadas.Qual é a relação entre a consciencia de controle",Tronco cerebral e diencéfalo.
Quais estruturas são consideradas significativas p...,10.81,0.41,0.061,0.012,0.048,0.125,0.074,0.5,"A câmara lateral, o lobo parietal, o lobo temporal e a fronteira medial.Qual é a importância do córtex visual na percepção visual?O córtex visual é essencial para a percepção visual, sendo dividido em áreas para visão em monocular e binária, e em áreas para visão primária e secundária.Como as áreas de visão primária e secundária são divididas no córtex visual?A visão primária está localizada na área 5, com subdivisões para visão binária, monocular e visual primária. A visão secundária está localizada na área 19, com subdivisões para visão primária, monocular, binária, primária secundária e visual primária secundária.Quais são os subtipos da área 5 e seus papéis?A área 5 é dividida em áreas 19, 18, 37 e 39,","O SARA, tálamo, córtex parietal e pré-frontal direito."
Qual é o primeiro passo para avaliar o nível de co...,12.24,1.13,0.098,0.033,0.098,0.778,0.481,0.5,"Avaliar a resposta de alerta, incluindo a capacidade de se concentrar e responder a estímulos.Qual é a importância da avaliação da resposta de alerta em uma situação de emergência?A avaliação da resposta de alerta ajuda a determinar o nível de consciência e adequação das funções cognitivas do paciente.Qual é a abordagem para avaliar o estado de consciência de um paciente em uma emergência?Usar o sistema de classificação de Glasgow para avaliar a resposta de alerta, o nível de consciência e adequação das funções cognitivas.Qual é a avaliação final da resposta de alerta?Avaliar a capacidade do paciente de se concentrar, focar e responder a estímulos, com base em um sistema de classificação de Glasgow.Quais são os níveis de resposta de alerta?Nível 3: A resposta do paciente é um sinal de alerta, mas a resposta às perguntas é incompleta.Qual é a classificação de resposta",A avaliação primária e secundária (ABCDE) e a estabilização do paciente.
Qual é o escore mínimo na escala de coma de Glasgo...,6.14,0.78,0.09,0.013,0.065,0.375,0.223,0.5,"0,5.Quais são as principais causas do coma em adultos?Encefalopatias e distúrbios neurológicos.O que é uma distúrbência do estado de consciência?Uma alteração no nível de consciência, como coma, coma leve, estado de vigília, e estado de vigília alterado.Quais são os níveis de consciência?Consciente, coma, coma leve, estado de vigília, e estado de vigília alterado.Quais são os sinais de alerta em um paciente com coma?Parece dormir, respiração superficial, pulso irregular, e a ausência de resposta a estímulos.Quais são os fatores de risco para o coma?Encefalopatias, distúrbios neurológicos, infarto cerebral, e traumatismo cerebral.Quais são os sinais de alerta de distúrbios","O escore mínimo na ECG é 13, com 3 pontos atribuídos a cada um dos três parâmetros de resposta."
Quais os sinais clínicos observados na avaliação d...,10.12,0.31,0.069,0.014,0.056,0.286,0.158,0.5,"Exames otoscópicos e fundus oculares, incluindo testes de visualidade, pressão intraocular, tomografia cerebral, tomografia de cabeça e tomografia de corpo completo.Quais são as estratégias de tratamento para o TDAH?Medico, educação especial, terapia comportamental, terapia cognitiva, programas de treinamento, terapia ocupacional, programas de família, intervenção social.Qual é a importância da parentalidade em indivíduos com TDAH?A parentalidade influencia o desenvolvimento, habilidades de aprendizagem, gestão da energia, motivação, comportamento, autonomia e relacionamento social.Quais são os sinais de TDAH em crianças?Dificuldade em focar, comportamento inapropriado, distração, baixa concentração, falta de atenção, impulsividade, falta de autocontrole, falta de motivação, dificuldade em organizar, dificuldade em seguir regras, dificuldade em manter foco em tarefas, dificuldade em completar tarefas,",Sinais de doenças como diabetes e hipertensão intracraniana.
Qual tipo de pupila está associado ao SARA e ao ac...,18.72,0.36,0.019,0.0,0.019,0.2,0.126,0.5,"SARS, SAA, e o com papilo.Qual é a condição mais comum associada ao SARA?SARS.Quais são os sinais de que um paciente tem SARA?Mordida, fraturas, hemorragia subdural, distúrbios da agnosia visual, convulsões.Qual é a condição mais comum em crianças com SAA?Fora de agnosia visual.Quais condições são menos comuns, mas podem ser causadas por SAA?Alagamento do olho, estrabismo, nistagmo, hemorragia subdural, distúrbios da agnosia visual, convulsões.Qual é a condição mais comum em adultos com SAA?Distúrbios da agnosia visual, hemorragia subdural, nistagmo, convulsões, dist",Pupila uncal ou do III nervo craniano.
"Qual manobra indica lesão do tronco cerebral, mas ...",30.69,0.33,0.028,0.0,0.028,0.25,0.162,0.5,"Fazer a manobra de Chivantes, mas não a manobra de Gaggenbund.Qual é o sinal de um paciente com lesão da espina dorsal C3 ou C4?Lesão da articulação atlanto-occipitada (AOA).Quais são as causas comuns de lesões de AOA?Lesões traumáticas, como acidentes de carro, ou lesões congênitas, como defeitos de ossificação da AOA.Como é a lesão da AOA com base no nível da espinha dorsal afetada?Lesão da AOA com base no nível da espinha dorsal afetada.Qual é o resultado da lesão da AOA em relação ao nervo meduloso?Lesão da AOA em relação ao nervo meduloso.Quais são os sinais do paciente com lesão da AOA?Lesão da",Manobra oculocefálica; pode agravar um trauma medular associado.
Qual tipo de lesão indica movimentos oculares alte...,63.98,0.28,0.016,0.0,0.016,0.222,0.143,0.5,"Lesão do SNC, especialmente do córtex cerebral.Qual é a resposta auditiva do indivíduo com um sistema nervoso otorrinolaringológico comprometido?Falta de resposta auditiva.Qual é o resultado da lesão do nervo trigeminal na face?Aparência de uma erupção.Qual é o resultado da lesão do nervo facial na face?Aparência de um espraiamento na pele.Qual é a resposta auditiva de um indivíduo com lesão do nervo auditivo?Falta de resposta auditiva.Qual é a resposta auditiva de um indivíduo com lesão do nervo optico?Falta de resposta auditiva.Qual é a resposta auditiva de um indivíduo com lesão do nervo trigeminal?Falta de resposta auditiva.Qual é a resposta auditiva de um indivíduo",Lesões estruturais infratentoriais.
Quais são os padrões motores observados na pesquis...,12.55,0.45,0.041,0.0,0.041,0.167,0.103,0.5,"Reflexos consistem em movimentos automáticos, com a articulação e os músculos envolvidos sendo involuntários.Reflexos são respostas automáticas a estímulos, envolvendo articulação e músculos sem controle volitivo.Reflexos involuntários, como o reflexo de flexão da perna, são medidos com estímulos agudos.Reflexos involuntários são medidos com estímulos agudos, como o reflexo de flexão da perna.Reflexos são medidos com estímulos agudos.Reflexos são medidos com estímulos agudos, como a flexão da perna.Reflexos são medidos com estímulos agudos.Reflexos são medidos com estímulos agudos, como a flexão da perna.Reflexos involuntários, como o reflexo de flexão da perna, são medidos com estím","Sinergismo postural flexor, sinergismo postural extensor, reflexos com simetria e sinais patológicos."
Qual é a função dos ritmos circadianos em relação ...,4.08,1.5,0.164,0.055,0.131,0.833,0.469,0.5,"Os ritmos circadianos regulam a duração da vigília e o sono, influenciando a percepção da realidade.Qual é a relação entre a privação de sono e a função cognitiva?A privação de sono pode levar a uma redução na capacidade de concentração, memória e processamento de informações, afetando a tomada de decisão.Qual é o papel das neuroquininas em relação à vigília?As neuroquininas aumentam a atividade do sistema nervoso central, promovendo a vigília e a atenção.O que causa a privação de sono e como ela afeta a função cognitiva?A privação de sono é causada por condições que interrumpem o sono regular, como doenças mentais, e pode resultar em desorganização cognitiva, afetando a capacidade de atenção e tomada de decisão.Como a privação de sono afeta o funcionamento do sistema nervoso central e a função cogn","Os ritmos circadianos regem as oscilações entre vigília e sono, essenciais para a homeostase e otimização da fisiologia do organismo."
Qual é a distinção entre alterações patológicas da...,5.94,1.34,0.12,0.061,0.108,0.857,0.504,0.5,"Alterações patológicas da consciência quantitativas são mudanças na clareza da consciência de um indivíduo, como descrito no Test de Arousal e Consciencia (TAC).Quais são os componentes do Test de Arousal e Consciencia (TAC)?O TAC avalia a atenção, a consciência da doença, a agitação, a amnesia e a estimulação sensorial.Qual é a diferença entre estados de consciência alterados quantitativamente e qualitativamente?Alterações quantitativas de consciência afetam a clareza da consciência, enquanto as alterações qualitativas envolvem alterações na natureza da consciência, como descrito no Test de Arousal e Consciencia.Qual é o resultado de um Test de Arousal e Consciencia (TAC) que mostra um estado de consciência alterado quantitativamente?Um resultado de TAC indicando um estado de consciência alterado quantitativamente é um TAC total de 0","Alterações quantitativas referem-se ao rebaixamento do nível da consciência, variando de obnubilação a coma."
Quais são as características de um paciente em tor...,6.18,1.14,0.169,0.053,0.117,0.5,0.311,0.5,"O torpor é caracterizado por um estado de sono profundo e difícil de despertar, enquanto a sonolência leve envolve sonolência e somnolência prolongada, mas não um sono profundo.Qual é a importância do sono reparador no processo de cura do sono?O sono reparador é essencial para restaurar o sono normal e normalizar os padrões de sono, facilitando a cura do sono.Quais são os sintomas observados em pacientes com sonolência?A sonolência é marcada por sonolência, sonolência prolongada, somnolência, somnolência prolongada, sonolência, somnolência prolongada, sonolência, somnolência prolongada, sonolência, somnolência prolongada, sonolência, somnolência prolongada, sonolência, somnolência prolongada, sonolência, somnolência prolongada, sonolência, somnolência prolongada","Tormentos apresentam sonolência, reatividade a estímulos intensos e lentidão eletroencefalográfica, enquanto sonolência leve mostra dificuldade de concentração sem sonolência evidente."
Quais são sinais dos movimentos oculares errantes ...,5.53,4.48,0.222,0.068,0.178,0.818,0.597,0.5,"Movimentos oculares errantes, diplopia, nistagmo, nicoladromia, nistagmatoconjugata, nistagmatoconjugata com nistagmo, nistagmatoconjugata com nistagmo e nistagmatoconjugata com nistagmo.Quais são os reflexos anormais observados no teste de reflexos oculares?Nistagmo, nistagmatoconjugata, nistagmatoconjugata com nistagmo, nistagmatoconjugata com nistagmo.Quais são os sinais de um paciente em coma com paralisia flacida, rigidez muscular, rigidez articulatória, rigidez atrofia e nistagmatoconjugata?Paralisia flacida, rigidez muscular, rigidez articulatória, rigidez atrofia, nistagmat","Movimentos oculares errantes, nistagmo, transtornos do olhar conjugado, anormalidades dos reflexos oculocefálicos, oculovestibular e falta de reflexo de acomodação."
Que é um estado crepuscular no contexto da consciê...,9.23,3.44,0.136,0.057,0.113,0.75,0.42,0.5,"Um estado crepuscular é um estado de consciência intermedio, onde a atenção é dividida entre duas tarefas, mas a atenção principal é voltada para a primeira.Quais são os dois estados de consciência mencionados no texto?Os dois estados de consciência são o estado crepuscular, onde a atenção é dividida, e o estado de vigilância, onde a atenção principal é voltada para a primeira tarefa.Qual é a característica da atenção no estado crepuscular?Na atenção do estado crepuscular, a atenção principal é voltada para a primeira tarefa.Qual é a característica da atenção no estado de vigilância?Na atenção do estado de vigilância, a atenção principal é voltada para a segunda tarefa.Qual é o resultado de dividir a atenção?Dividir a atenção leva a um desempenho mais lento e menos preciso em ambas as tarefas.O estado crepuscular é considerado uma","Um estado crepuscular é um estado patológico transitório com obnubilação leve da consciência, mas conservação da atividade motora coordenada."
Quais sintomas podem indicar uma crise dissociativ...,27.44,1.28,0.031,0.016,0.031,0.111,0.069,0.5,"Convulsão, status epiléptico, agnosia, alucinacões, afasia, apraxia, ataxia, parálisis, distúrbios do estado de consciência, demência, parálisis fléxible, distúrbios da marcha, convulsões, distúrbios do sono, parálisis de hemicrania.Qual é a etiologia da distúrbios do sono com convulsão aguda em crianças?Distúrbios do sono com convulsão aguda em crianças são causados por infecções agudas.O que é uma distúrbios do sono agudo com convulsão aguda em crianças com infecção aguda?Distúrbios do sono agudo com convulsão aguda em crianças com infecção aguda é um quadro clínico com infecção aguda, com convulsão aguda e distúrbios","Abalos musculares, convulsões, ansiedade intensa."
Quais são as referências citadas para a estratégia...,141.96,0.47,0.0,0.0,0.0,0.857,0.554,0.5,"Refere-se ao trabalho de Cale, M. (1998) e a tese de Cale, M. (2003).Quais são as referências citadas para a estratégia defensiva consciente em psicopatologia?Refere-se ao trabalho de Cale, M. (2000) e a tese de Cale, M. (2003).Qual é a referência citada para o desenvolvimento da estratégia defensiva consciente?Refere-se ao trabalho de Cale, M. (2000).Quais são os dois modelos de desenvolvimento da estratégia defensiva consciente?Os dois modelos são o modelo de Cale, M. (2000) e o modelo de Cale, M. (2003).Quais são as referências citadas para a estratégia defensiva consciente em neurociência cognitiva?Refere-se ao trabalho de Cale, M. (2003).","Dalgalarrondo P., DeMyer WE., Robert B. Doroff, Martins HS, Neto RA, Velasco IT., Lent R., Sadock BJ, Sadock VA, Ruiz P., Plum & Posner."
Quais funções são atribuídas ao núcleo locus coeru...,7.93,0.6,0.051,0.013,0.051,0.286,0.167,0.5,"Regulação do estado de alerta, processamento de informações e controle do motor.Qual é a conexão entre o sistema de neurotransmissores e a cognição?O sistema de neurotransmissores está envolvido no processamento de informações sensoria, na atenção, na tomada de decisão, na motivação e na aprendizagem.Quais neurotransmissores são implicados no processamento de informações sensoria e na atenção?Norepinefrina e dopamina.Qual é o papel da neurotransmissão na cognição?Assistem na modulação do estado de alerta, na atenção, na motivação, na tomada de decisão, na motivação e na aprendizagem.Como a neurotransmissão influencia a motivação e a tomada de decisão?A neurotransmissão ajuda a ajustar a motivação e a tomada de decisão com base nas condições ambientais.O sistema de neurotransmissores está ligado à cog",Melhora o desempenho adaptativo e a função cognitiva.
Qual tópico aborda Berrios e Berlinck em suas obra...,13.12,0.39,0.015,0.0,0.015,0.375,0.217,0.5,"Transtornos de personalidade, esquizofrenia e distúrbios psiquiátricos.Qual é a perspectiva da Teoria da Autodisciplina sobre a relação entre personalidade e saúde mental?A personalidade é uma base fundamental para o desenvolvimento de distúrbios mentais, influenciada por fatores ambientais.Quais são as contribuições de Berrios e Berlinck em relação aos transtornos psiquiátricos?Desenvolvêrem uma nova classificação dos transtornos psiquiátricos com base na etiologia e na estrutura.Quais são os aspectos principais do Distúrbio da Cognição?Transtorno de cognição com sintomas agudos, incluindo distúrbios da atenção, percepção, memória, tomada de decisões e pensamento.Qual é a distinção entre transtornos mentais agudos e crônicos?Transtornos mentais agudos são","Descriptive psychopathology, psicopatologia fundamental."
Qual região cerebral é fundamental para o desenvol...,4.44,0.38,0.063,0.032,0.063,0.75,0.443,0.5,"O cérebro pré-frontal, em particular, é essencial para o desenvolvimento da competência social humana.Qual é a função do córtex pré-frontal em relação à tomada de decisão social?O córtex pré-frontal é implicado em processos de tomada de decisão social, incluindo a análise das intenções e emoções humanas, e é fundamental para a compreensão da moralidade.Quais são os processos envolvidos no desenvolvimento da competência social?A competência social envolve a integração do processamento sensorial, da avaliação da situação e da tomada de decisão em relação às ações e emoções humanas.Como a função do córtex pré-frontal afeta a moralidade?A função do córtex pré-frontal afeta a moralidade ao influenciar a capacidade de avaliar intenções e emoções humanas, e é essencial para a tomada de decisões morais.Qual é a relação entre a competência social e o sistema de recompensa?A competência social é","Córtex pré-frontal medial, cingulado anterior, giro frontal inferior, sulco temporal, amígdala, hipocampo e ínsula."
Qual é a relação entre cognição social e comportam...,19.67,2.15,0.151,0.087,0.13,0.857,0.492,0.5,"A cognição social influencia o comportamento humano através da percepção e interpretação das ações e emoções de outros.Qual é a importância da cognição social em um contexto de saúde mental?A cognição social é essencial para entender e tratar distúrbios de personalidade, como os transtornos de personalidade, permitindo um diagnóstico preciso.Como a cognição social afeta a tomada de decisão e a moralidade?A cognição social influencia a tomada de decisão e a moralidade, moldando as decisões com base no entendimento das ações e emoções humanas.Qual é a diferença entre cognição social e cognição emocional?A cognição social se concentra na percepção das ações e emoções humanas, enquanto a cognição emocional lida com emoções individuais e sua interação.Como a cognição social é afetada por experiências passadas?Experiências passadas moldam a cognição social","A cognição social influencia nossas decisões de comportamento, refletindo
nosmos pensamentos sobre relações sociais e experiências passadas."
Quais são os benefícios da cognição social na vida...,5.23,3.36,0.215,0.087,0.172,0.875,0.521,0.5,"A cognição social ajuda na resolução de conflitos, no desenvolvimento de habilidades de comunicação e na formação de relacionamentos.Qual é a importância da cognição social em relação às relações interagenciais?A cognição social é crucial para a formação de relacionamentos e para interações interagenciais eficazes.Como a cognição social contribui para a autoconfiança e o desenvolvimento de habilidades sociais?A cognição social influencia a autoconfiança e o desenvolvimento de habilidades sociais, contribuindo para um melhor funcionamento social.Quais são os efeitos da cognição social na vida adulta e na idade avançada?A cognição social impacta a vida adulta e a idade avançada, influenciando o bem-estar individual, a estabilidade familiar e a estabilidade social.O que é a cognição social e como ela se relaciona com o reconhecimento e a resposta a emoções?","Na vida adulta, ajuda na resolução de conflitos e tomada de decisões; no período senil, promove a saúde mental e ajuda a lidar com solidão e desafios emocionais."
Quais mudanças na cognição social ocorrem durante ...,8.34,0.42,0.101,0.023,0.09,0.444,0.262,0.5,"A cognição social é influenciada pela interação social e o aprendizado do ambiente, permitindo respostas adequadas.Quais são as consequências de uma cognição social inadequada?Pode levar a dificuldades na tomada de decisões, desenvolvimento da personalidade e compreensão do mundo.Qual é o impacto da cognição social na tomada de decisões?A cognição social influencia a avaliação da situação, o processo de tomada de decisão e a seleção das opções.Como a cognição social está relacionada às emoções?A cognição social é influenciada pela interação social e a avaliação das emoções.Quais emoções são envolvidas na cognição social?Amor, medo, raiva, frustração e raiva.Como a cognição social é afetada por experiências de vida?Experiências de vida moldam a cognição social, influenciando a percepção, a tomada","As crianças desenvolvem uma compreensão avançada dos desejos, pensamentos e emoções dos outros, distinguindo-os de suas próprias sensações corporais."
Qual é o marco de desenvolvimento ao longo do prim...,4.78,0.56,0.048,0.012,0.048,0.545,0.322,0.5,"O bebê segue um objeto, indicando desenvolvimento de atenção e controle motor.O que é o ""milho"" em termos de desenvolvimento humano?O ""milho"" refere-se ao desenvolvimento da criança ao longo de 10 anos, com base em 60 pontos de desenvolvimento.Quais são os principais marcos de desenvolvimento em 3 anos?Os principais marcos incluem a capacidade de usar as mãos para manipular objetos, construir pirâmides, e o desenvolvimento da linguagem, incluindo a fala.Qual é a importância da atenção e da atenção seletiva no desenvolvimento infantil?A atenção e a atenção seletiva são cruciais para o desenvolvimento do foco, processamento de informações sensoriais, aprendizado, planejamento e resolução de problemas.Como a atenção seletiva afeta o desenvolvimento cognitivo na infância?A atenção seletiva permite focar em tarefas específicas, levando ao desenvolvimento de habilidades de processamento de informações sensoriais,",Seguir um objeto em 180 graus aos 2 meses de idade.
Quais são exemplos de marcos úteis para avaliar o ...,8.64,0.41,0.056,0.0,0.042,0.111,0.066,0.5,"O sinal de Olivoli e a articulação de ""mama"".Quais são as características do sistema nervoso central e periférico?Sistema nervoso central: controle motor, sensorial, motor, e coordenação de movimentos; sistema de resposta. Sistema nervoso periférico: controle de movimento muscular, sensoriamento, e regulação de funções corporais.Qual é a função dos ganglios basais e a glândula pituitaria?Ganglios basais: secreção de hormônios; glândula pituitaria: secreção de hormônios.Quais são as funções do sistema nervoso vegetativo e o sistema nervoso parasimpático?Sistema nervoso vegetativo: controle dos órgãos internos; sistema nervoso parasimpático: regulação da secreção de enzimas e hormônios.Qual é a função das células nervosas sensoriais e motoras?","Desenvolvimento da teoria da mente, empatia, compreensão complexas de emoções."
Quais são os efeitos da socialização em desenvolvi...,11.83,0.3,0.058,0.012,0.058,0.833,0.469,0.5,"A socialização influencia o desenvolvimento cognitivo, como a linguagem, a tomada de decisões e o planejamento futuro.Qual é o impacto da privação social em desenvolvimento infantil?A privação social afeta negativamente o desenvolvimento cognitivo, emocional e social.Como a privação social afeta a capacidade de aprendizado social e emocional?A privação social limita a capacidade de aprendizado social e emocional, levando a um desenvolvimento infantil incompleto.Quais são as consequências da privação social em crianças e adolescentes?A privação social resulta em crianças e adolescentes com deficiência social, problemas de atenção, dificuldades de aprendizagem, problemas de comunicação, problemas de autoestima, comportamento antisocial, dificuldades no planejamento futuro.Quais são as características dos pais em ambientes de privação social?Os pais em ambientes de privação social são emocionalmente distantes, comunicativos inadequados, e demonstram falta de empatia e solidão.",Crianças socialmente isoladas têm QI e habilidades de compreensão verbal mais baixas.
Qual área do cérebro é responsável pela compressão...,2.03,1.04,0.064,0.052,0.064,0.125,0.073,0.5,"O córtex pré-frontal e o tálamo.Qual é a condição associada a uma lesão cerebral, resultando em perda da consciência do próprio corpo e da incapacidade de se curar?A condição é chamada de atrofia cerebral.Qual condição afeta a agnosia, impedindo a percepção adequada dos estímulos ambientais?A agnosia pode ocorrer devido a lesões no córtex parietal.Qual é a condição relacionada a um déficit na percepção da própria aparência corporal e da posição do corpo em relação ao ambiente?A agnosia de propriocepção.Qual é a condição caracterizada por uma perda da consciência da própria aparência corporal, mas com preservação da agnosia da propriocepção?A agnosia de laim.Qual é a condição resultante da agnosia da propriocepção, mas com preservação da agnosia de",O córtex pré-frontal medial.
Quais mudanças durante a transição de infância e a...,12.6,0.76,0.111,0.041,0.081,0.538,0.338,0.5,"Mudanças hormonais e neurobiológicas, mudanças na interação social e desenvolvimento de habilidades de resolução de conflitos.Qual é a importância dos processos de tomada de decisão e tomada de decisão social em indivíduos com transtornos de personalidade?Processos de tomada de decisão e tomada de decisão social são cruciais para a compreensão das diferenças individuais na motivação, emoção e comportamento, especialmente em indivíduos com transtornos de personalidade.Qual é a relação entre o desenvolvimento do sistema de recompensa e as mudanças na motivação durante a transição de infância para a adolescência?O sistema de recompensa é fundamental para entender as mudanças na motivação, incluindo emoções e comportamento, durante a transição de infância para a adolescência.Como as mudanças na motivação influenciam a escolha de atividades e os objetivos?Mudanças na motivação influenciam a escolha de atividades, a priorização de objetivos e a motivação para alcançar objetivos, sendo influenciadas por","Mudanças em habilidades cognitivas sociais, como processamento de emoções e desenvolvimento da mentalização."
Quais nós são responsáveis pela mentalização e par...,5.56,1.15,0.114,0.066,0.098,0.286,0.174,0.5,"Os núcleos motor, e o córtex parietal.Qual é a função do córtex parietal em relação à mentalização?O córtex parietal é essencial para o desenvolvimento da mentalização.O córtex pré-frontal medial é fundamental para o desenvolvimento da mentalização.Quais outras áreas são implicadas no processo de mentalização?O córtex temporo-parietal, córtex pré-frontal, córtex motor, córtex somato-motórico, córtex cingulado, córtex insulino-cingulado, córtex insulino-hipocampo, córtex insulino-córtex amígdala, córtex insulino-hipocampo, córtex insulino-amigdalino, córtex insulino-hipocampo.O córtex insulino-hipocampo é relevante para a mentalização?","O nó regulador, principalmente o córtex pré-frontal."
Quais fatores contribuem para o desenvolvimento fu...,8.14,0.18,0.01,0.0,0.01,0.111,0.091,0.5,"Fatores como interações sociais, experiências de vida, emoções, emoções, emoções, emoções, emoções, emoções, emoções, emoções, emoções, emoções, emoções, emoções, emoções, emoções, emoções, emoções, emoções, emoções, emoções, emoções, emoções, emoções, emoções, emoções, emoções, emoções, emoções, emoções, emoções, emoções, emoções, emoções, emoções, emoções, emoções, emoções, emoções, emoções, emoções, emoções, emoções, emoções, emoções, emoções, emoções, emoções, emoções, emoções, emoções, emoções, emoções, emoções, emoções, emoções, emoções, emoções, emoções, emoções, emoções, emoções, emoções, emoções, emoções, emoções, emoções, emoções, emoções, emoções, emoções, emoções, emoções, emoções, emoções, emoções, emoções, emoções, emoções, emoções, emoções, emoções, emoções, emoções, emoções, emoções, emoções, emoções, emoções, emoções, emoções, emoções, emoções, emoções, emoções, emoções, emoções","Dificuldades neurocognitivas, comportamento social e a influência do ambiente."
Quais recursos mentais contribuem para a capacidad...,7.79,0.33,0.041,0.01,0.041,0.1,0.06,0.5,"A tomada de decisão, a consciência, a auto-regulação e o pensamento social.Qual é a importância da consciência na tomada de decisão social?A consciência permite a avaliação da situação e a seleção de ações adequadas para a situação social.Quais são as duas fases da tomada de decisão social e como elas se relacionam com a consciência?Aphase de aquisição de informação e a fase de tomada de decisão, com a consciência atuando como um filtro na fase de aquisição.Qual papel desempenha o pensamento social na tomada de decisão social?O pensamento social ajuda a prever e entender as perspectivas e comportamentos dos outros, influenciando a tomada de decisão.Qual é a importância do pensamento social na tomada de decisão social?O pensamento social é essencial para prever as ações e reações de outros, permitindo que a tomada de decisão social seja adaptativa.Qual é a importância da auto-regulação na tomada","Percepção social, teoria da mente, processamento das emoções sociais, raciocínio moral."
Quais fatores influenciam o desenvolvimento das ha...,4.28,0.65,0.088,0.038,0.088,1.0,0.575,0.5,"Ambiente familiar, educação, exposição a mídias sociais e experiências sociais.Qual é a importância das habilidades de cognição social na vida diária?Essas habilidades ajudam na tomada de decisões, interação social, compreensão emocional, resolução de conflitos, desenvolvimento de relacionamentos e aprendizagem social.Quais são as consequências de uma cognição social deficiente?Dificuldade para fazer julgamentos adequados, interação social prejudicada, relações românticas e familiares comprometidas, aumento de problemas de saúde mental.Qual é a relação entre cognição social, cognição emocional e cognição de tomada de decisão?Esses três conceitos interagem, influenciando a tomada de decisões, interação social e compreensão emocional.Quais fatores influenciam o desenvolvimento das habilidades de cognição social em adultos?Ambiente familiar, educação, exposição a mídias sociais e experiências sociais.Quais","Experiências de vida, educação e cultura."
Quais fatores podem influenciar as mudanças na cog...,4.93,0.42,0.114,0.034,0.08,0.556,0.322,0.5,"Fatores ambientais, experiências, emoções, saúde física, atividade cognitiva, desenvolvimento de habilidades.Quales habilidades cognitivas são necessárias para a cognição social e como elas evoluem com o envelhecimento?Habilidades de tomada de decisão, resolução de problemas, memória, atenção. Evoluem para se adaptar às necessidades sociais.Qual a importância da cognição social no desenvolvimento da autoconfiança e autoestima?A cognição social influencia a autoconfiança e autoestima, sendo crucial no desenvolvimento social individual.Qual é a relação entre cognição social e tomada de decisão?A cognição social afeta a tomada de decisão, especialmente em situações de conflito social, influenciando as escolhas e ações individuais.Quais são os impactos da cognição social no processo de tomada de decisão em situações de conflito social?A cognição social permite avaliar as consequências e perspectivas de diferentes","Fatores fisiológicos, estilo de vida, condições de saúde relacionadas à idade e experiências de vida."
Qual é o papel da cognição social em indivíduos co...,8.08,3.28,0.194,0.066,0.145,0.571,0.345,0.5,"A cognição social é fundamental para a interação social, incluindo a compreensão das emoções e comportamentos dos outros. No Alzheimer, há um declínio na capacidade de interpretar emoções e comportamentos, afetando as relações sociais.A cognição social é crucial para a interação social, mas está comprometida no Alzheimer, dificultando a compreensão das emoções e comportamentos.Quais estratégias podem ajudar a melhorar a cognição social em indivíduos com Alzheimer?Terapias focadas na cognição social, apoio familiar e estratégias de compensação podem melhorar a capacidade de interação social.","A cognição social é impactada pelas emoções, o estado de saúde do idoso e outros fatores, afetando suas habilidades cognitivas."
Quais distúrbios podem afetar o desenvolvimento da...,2.14,0.39,0.027,0.0,0.027,0.571,0.333,0.5,"Distúrbios genéticos, neurodegenerativos, demencial, neuroinflammatório e disfunção do sistema imunológico.Qual é a importância da cognição social na vida diária?A Cognição Social permite interações sociais e compreensão das emoções e comportamentos humanos.Qual é o papel do sistema imunológico no desenvolvimento da cognição social?O sistema imunológico, especialmente o inflamação, está associado ao desenvolvimento da cognição social.Qual é a relação entre inflamação e cognição social?Inflamação pode levar à disfunção do sistema imunológico, afetando o desenvolvimento da cognição social.Como a cognição social é influenciada pela genética?A cognição social pode ser influenciada por distúrbios genéticos, mas o ambiente também desempenha um papel significativo.Qual é a importância da cognição social","Transtorno do Espectro Autista, Transtorno Bipolar e Esquizofrenia."
Quais são os desafios enfrentados por indivíduos c...,2.88,2.06,0.242,0.122,0.188,0.6,0.37,0.5,"Individuais com esquizofrenia experimentam dificuldades em interpretar emoções e prever comportamentos, levando a falhas em ToM e comunicação social.Qual é a importância do Teoria da Mente (ToM) na interação social?ToM é crucial para entender as intenções e emoções dos outros, facilitando a comunicação e a cooperação social.Como a cognição social é afetada na esquizofrenia?A cognição social é comprometida, resultando em dificuldades em interpretar emoções e prever comportamentos, dificultando a interação social.Quais são os principais sintomas da esquizofrenia?A esquizofrenia é caracterizada por delirios, delírios, alucinas, hallucinas, e alterações na cognição e na linguagem.Quais são os principais sintomas da esquizofrenia?A esquizofrenia é caracterizada por delir","Os indivíduos com esquizofrenia enfrentam dificuldades na cognição social, Teoria da Mente e no reconhecimento de intenções, emoções e linguagens não literais."
Quais são os impactos de uma capacidade prejudicad...,3.74,3.53,0.186,0.088,0.142,0.625,0.356,0.5,"Um ToM prejudicado afeta negativamente as relações sociais, o processamento emocional e a cognição social, levando a dificuldades em interações sociais.A deficiência em ToM pode levar a distúrbios na saúde mental, como depressão, ansiedade e esquizofrenia, devido à incapacidade de interpretar e prever os estados e comportamentos humanos.Qual é a importância de observar o comportamento social em crianças para avaliar o desenvolvimento do ToM?A observação do comportamento social em crianças ajuda a avaliar o desenvolvimento de habilidades de ToM, como a capacidade de prever ações baseadas em intenções, emoções e estados emocionais, que são cruciais para o desenvolvimento de habilidades sociais.Quais são as diferenças entre a Teoria da Mente (ToM) e o Empatia na cognição social?A Teoria da Mente (ToM) envolve a capacidade de prever as ações e estados emocionais de outras pessoas","Uma capacidade prejudicada de ToM afeta negativamente o funcionamento social e agrava os sintomas psiquiátricos, levando a dificuldades em regular emoções e a retirada dos relacionamentos."
Quais são os efeitos dos déficits na cognição soci...,4.55,0.35,0.026,0.0,0.026,0.714,0.438,0.5,"Deficit na cognição social afeta a interação social, a tomada de decisões e a tomada de decisões.Como a cognição social afeta a capacidade de avaliar a experiência do outro e a forma como é percebida?A cognição social permite avaliar a experiência do outro, afetando a forma como a experiência é percebida.Qual é o impacto da cognição social em indivíduos com demência na capacidade de interação social?A cognição social afeta a capacidade de interação social, influenciando a tomada de decisões.Qual é a importância de um ambiente seguro para indivíduos com demência com déficits na cognição social?Um ambiente seguro é crucial para indivíduos com demência com déficits na cognição social, ajudando a manter a segurança e a dignidade.",Aprimoram os sintomas psiquiátricos e necessitam de tratamento individualizado.
Quais são as consequências das deficiências na men...,8.75,0.6,0.052,0.026,0.039,0.429,0.247,0.5,"Deficiências podem levar a problemas de aprendizagem, comportamento e desenvolvimento social.Quais são os sintomas da demência leve?Problemas de memória, tomada de decisões, linguagem, consciência, cognição, habilidades motoras e funcionamento social.Quais são os sintomas da demência moderada?Distúrbios na cognição, habilidades motoras, atenção, memória, linguagem, percepção, emoções, julgamento, tomada de decisões, funcionamento social, e comportamento.Qual é a principal diferença entre demência leve e demência moderada?A demência leve afeta as habilidades cognitivas, enquanto a demência moderada afeta a tomada de decisões.Qual é o principal fator de risco para a demência?A idade avanzada é o fator de risco principal.Qual é a diferença entre demência leve e demência moderada em termos de anos de idade para desenvolver a doença?",Implicam em desafios no desenvolvimento social e cognitivo.
Quais são as associações entre inteligência e cogn...,2.37,1.65,0.187,0.089,0.132,0.7,0.42,0.5,"As crianças com autismo demonstram uma inteligência superior, mas têm dificuldades em entender e prever comportamentos sociais.Quais estratégias podem ajudar no desenvolvimento de cognição social?O uso de modelos mentais e a prática de cenários sociais.Qual é o papel dos cuidadores em apoiar o desenvolvimento de cognição social em crianças autistas?Os cuidadores podem facilitar a compreensão das emoções e emoções em crianças autistas.Quais são os desafios enfrentados por crianças autistas na resolução de conflitos?A dificuldade em reconhecer emoções e emoções em si.Qual é a importância de um ambiente seguro e empático no desenvolvimento de cognição social?O ambiente ajuda a entender emoções e emoções, promovendo um melhor desenvolvimento da cognição social.Como o distúrbio do espectro autista afeta o desenvolvimento das habilidades sociais?O autismo afeta o desenvolvimento das habilidades sociais",O estudo compara associações na cognição social e inteligência em crianças com e sem transtornos do espectro autista.
Quais aspectos da saúde mental são melhorados na t...,12.4,1.03,0.063,0.026,0.063,0.778,0.481,0.5,"A terapia melhora a qualidade de vida, saúde mental, habilidades de coping e gestão da doença.Quais são as características da cognição social em pacientes com transtorno bipolar?A cognição social envolve a capacidade de interpretar e responder adequadamente a situações sociais, sendo alterada em pacientes com transtorno bipolar.O que é a cognição social e como é afetada em pacientes com transtorno bipolar?A cognição social é a capacidade de interpretar e responder adequadamente a situações sociais, sendo alterada em pacientes com transtorno bipolar.Qual é o impacto da cognição social na qualidade de vida dos pacientes com transtorno bipolar?A cognição social afeta a capacidade dos pacientes de interagir e navegar em suas vidas sociais, impactando a qualidade de vida.Qual é a importância da cognição social na terapia de pacientes com transtorno bipolar?A cognição social é","Função, qualidade de vida e bem-estar."
Quais são os componentes essenciais de um processo...,7.6,4.15,0.154,0.083,0.154,0.5,0.276,0.5,"O processo de tomada de decisão envolve avaliação de risco, seleção de opções e execução de uma decisão.Qual é a importância do planejamento no processo de tomada de decisão?O planejamento ajuda a priorizar objetivos e estratégias, reduzindo indecisões.Qual é a relação entre tomada de decisão e comportamento humano?Tomada de decisão influenciada pelo contexto social, fatores ambientais e emoções.Qual é o papel do cérebro na tomada de decisão?O cérebro realiza avaliações, previsões e medos, permitindo decisões informadas.Como os fatores ambientais influenciam a tomada de decisão?Fatores ambientais como contexto social, emoções e estímulos externos podem afetar as escolhas e priorizações de uma pessoa.Qual é a importância de uma avaliação racional em um processo de tomada de decisão?Uma avaliação racional permite que as opções sejam avaliadas de forma justa, levando a decisões mais eficazes.Como a","O processo de tomada de decisão envolve identificar opções, estimar valores, comparar e escolher para atingir objetivos, minimizando custos de tempo e esforço."
Qual é a base do processo de tomada de decisão (TD...,11.71,1.08,0.093,0.021,0.093,0.8,0.463,0.5,"O processo de tomada de decisão (TD) é fundamentado em sistemas de processamento de informação, onde as informações são analisadas para tomar decisões.Quais são as duas formas de tomar decisões em TD?TD envolve tomar decisões de forma individual ou coletivamente.Quais são as três formas de tomada de decisão individual em TD?Tomada de decisão individual pode ser individual, interativa, ou grupal.Qual é a forma de tomada de decisão individual que é considerada ideal para o TD?A tomada de decisão individual ideal é interativa, pois permite a interação com o ambiente.Qual é a forma de tomada de decisão individual que não é ideal para o TD?A tomada de decisão individual ideal não é a tomada de decisão grupal, pois não envolve interação com o ambiente.Qual é a forma de tomada de decisão individual que envolve tomada de decisão coletiva?A forma de tomada de decisão individual","O processo de TD é baseado no conhecimento prévio ou crença, envolvendo fatores cognitivos, percepção do ambiente e análise de possibilidades."
Qual é a diferença entre tomada de decisão impulsi...,4.25,4.04,0.122,0.079,0.122,1.0,0.581,0.5,"A tomada de decisão impulsiva é rápida e emocional, enquanto a deliberativa é lenta, lógica e emocional.Qual é a influência da cognição social em uma situação de tomada de decisão?A cognição social influencia as decisões de uma pessoa considerando o comportamento, emoções e atitudes dos outros.Qual é o papel do sistema de recompensa em a tomada de decisão?O sistema de recompensa é fundamental para motivar a tomada de decisão, com recompensas e punições influenciando as escolhas.Como a cognição social afeta as decisões individuais?A cognição social afeta as decisões individuais considerando a perspectiva, emoções e atitudes dos outros.Qual é a relação entre cognição social e tomada de decisão coletiva?A cognição social é crucial para a tomada de decisão coletiva, influenciada pelas emoções, atitudes e perspectivas dos outros.Qual é a diferença entre tomada de decisão individual e","Tomada de decisão impulsiva é rápida, envolvendo atalhos cognitivos, enquanto deliberativa é lenta, ponderando variáveis e riscos."
Quais três sistemas principais são envolvidos na t...,5.3,1.84,0.181,0.118,0.149,0.4,0.243,0.5,"O sistema de recompensa, o sistema de controle de ação e o sistema de atenção.Qual é a função do sistema de recompensa em relação à tomada de decisão?O sistema de recompensa é responsável pelo processamento do valor da recompensa, influenciando a seleção de ações.Qual neurotransmissor é primário no sistema de recompensa?DAAT e dopamina.O que é o sistema de controle de ação e como contribui para a tomada de decisão?O sistema de controle de ação é responsável pelo planejamento de ações e para a execução de movimentos.O que é o sistema de atenção e como interage com os outros dois sistemas?O sistema de atenção é responsável por priorizar estímulos e para focar na tomada de decisão.Qual é o papel do sistema de atenção no processo de tomada de decisão?O sistema de atenção ajuda a determinar qual estímulo deve ser tratado, priorizando ações de acordo","Sistema de codificação de estímulo, sistema de seleção de ação e sistema de recompensa esperada."
Qual é a função do córtex orbitofrontal no process...,8.44,1.91,0.114,0.046,0.114,0.857,0.504,0.5,"O córtex orbitofrontal é envolvido no processo de tomada de decisão, influenciando a escolha de ações com base em recompensas e recompensas esperadas.Qual é o papel do córtex pré-frontal na tomada de decisão?O córtex pré-frontal é responsável por avaliar as consequências de ações passadas e prever o resultado futuro.Quais são os dois tipos de decisões mencionados no texto?Decisões de valor e decisões de probabilidade.Como as decisões de valor e probabilidade se diferenciam na tomada de decisão?Decisões de valor envolvem avaliar recompensas, enquanto decisões de probabilidade envolvem prever resultados.Quais são os dois tipos de tomada de decisão?Tomada de decisão de curto prazo e tomada de decisão de longo prazo.Qual é a diferença entre tomada de decisão de curto prazo e tomada de decisão de longo prazo?Tom",O córtex orbitofrontal é fundamental no sistema de codificação de estímulo durante a fase de análise.
Qual sistema neural interliga regiões cerebrais re...,4.19,3.16,0.182,0.053,0.143,0.5,0.311,0.5,"Sistema de neurotransmissão dopaminergica.Quais áreas são afetadas pela lesão do sistema de neurotransmissão dopaminergica?Frontal, parietal, temporal e hipocampo.Qual condição pode surgir com lesões no sistema de neurotransmissão dopaminergica?Distúrbios de comportamento.Quais são as implicações para a tomada de decisão em distúrbios de comportamento?Pessoas com distúrbios de comportamento apresentam dificuldades em avaliar riscos e recompensas, levando a decisões impulsivas.Qual é a importância do sistema de neurotransmissão dopaminergica na tomada de decisão?Atribui valores e recompensa a ações, influenciando a escolha entre recompensas imediatas e futuras.Qual é o papel do sistema de neurotransmissão dopaminergica na tomada de decisão?O sistema de neurotransmissão dopaminerg","O sistema de recompensa esperada interliga regiões como amígdala e córtex pré-frontal, influenciando a escolha por recompensas com base no aprendizado do passado."
Qual região do cérebro é fundamental para a tomada...,4.75,6.74,0.225,0.17,0.202,0.889,0.559,0.5,"A região prefrontal, especialmente o córtex medial e o lobo temporoparietal, é essencial para a tomada de decisão influenciada pelo sono.Qual é a função do córtex medial do lobo frontal?O córtex medial do lobo frontal é fundamental para a tomada de decisão, especialmente em situações de alta exigência cognitiva e conflito.Qual é o papel do córtex pré-frontal lateral e do lobo temporal na tomada de decisão influenciada pelo sono?O córtex pré-frontal lateral e o lobo temporal contribuem para a tomada de decisão influenciada pelo sono, especialmente em situações de baixa exigência cognitiva e conflito.Qual é a relação entre o sono e a atividade da amígdala?O sono é fundamental para regular a atividade da amígdala, o que contribui para a tomada de decisão influenciada pelo sono.Qual é a contribuição do córtex","O córtex pré-frontal sofre modulação da ínsula e do córtex cingulado, importante para a tomada de decisão influenciada pelo sono."
Quais são as características da fase 1 do sono?...,9.03,1.69,0.166,0.042,0.124,0.8,0.454,0.5,"Fase 1 é um sono de leve profundidade, com um aumento leve no peso corporal, relaxamento muscular e sensibilidade sensorial.Qual é a função da fase 2 do sono?Fase 2 é um sono de profundidade moderada, onde os movimentos do corpo se tornam mais lentos, e a sensibilidade sensorial é reduzida.Qual é a importância da fase 3 do sono?Fase 3 é um sono de profundidade profunda, caracterizado por movimentos lentos do corpo, sensibilidade sensorial reduzida e um estado de relaxamento muscular.Quais são os benefícios do sono reparador durante a fase 4 do sono?Fase 4 é um sono de profundidade profunda, com um sono reparador, onde o corpo é completamente relaxado, sensibilidade sensorial é reduzida e movimentos corporais lentos.Qual é a importância das ondas de sono no","Fase 1 é a fase mais leve com sono superficial, como um cochilo, e diminuição da atividade cerebral."
Quão muitas horas de sono um indivíduo precisa por...,2.19,0.59,0.059,0.0,0.029,0.273,0.179,0.5,"No mínimo 7-8 horas.Quais são os dois principais tipos de sono?Sonolência e sono profundo.Qual é a característica da sonolência?Sonolência é o estado de sono agudo e leve.Qual é a característica do sono profundo?Sonolência é um estado de sono agudo e leve.Quais são as duas fases do sono profundo?Fase 1 e fase 2.Qual é a característica da fase 1 do sono profundo?O cérebro é mais ativo, mas o corpo é mais receptivo.Qual é a característica da fase 2 do sono profundo?O cérebro é mais receptivo.Qual é a característica da fase 3 do sono profundo?O cérebro é mais ativo, mas o corpo é mais receptivo.Quais são as três fases do sono profundo?",De 7 a 9 horas.
Quais são os fatores influenciando a qualidade do ...,35.75,0.64,0.068,0.011,0.056,0.5,0.281,0.5,"Fatores como idade, saúde mental, condições de sono e hábitos de sono.Qual é a importância do sono na saúde mental?O sono é crucial para a recuperação e o funcionamento adequado da saúde mental.O que é o sono e como ele é dividido em ciclos?O sono é um estado fisiológico de descanso, dividido em fases de vigília e doçura com transições fluidas.Qual é a relação entre a privação de sono e a saúde mental?A privação de sono pode levar a um aumento no risco de transtornos mentais e distúrbios de sono.Como a privação de sono afeta o sistema imunológico?A privação de sono pode afetar negativamente o sistema imunológico, levando a um estado de imunossupressão.Quais são as consequências da privação de sono em crianças e adolescentes?Pode levar a problemas de aprendizagem","Sono inconsciente, informations concientes, horas de sono, alimentação, eletrônicos, humor, emoções, emoções, emoções, julgamento."
Quais áreas do cérebro são implicadas na influênci...,4.45,0.71,0.1,0.051,0.1,0.571,0.338,0.5,"Córtex pré-frontal, córtex parietal, córtex temporal, córtex amigdala, córtex hipocampo, amígdala, hipocampo.Quais funções são executadas pelo córtex pré-frontal em relação às emoções e decisões?Regulação emocional, tomada de decisão, tomada de decisão moral, processamento de emoções.Qual é a importância do córtex amigdala na tomada de decisão?Inspira decisões emocionais, coopera com o córtex pré-frontal para avaliação de emoções.Quais áreas do córtex temporal contribuem para a tomada de decisão e emoções?Córtex temporal superior e inferior, incluindo o córtex parietal, envolvem emoções e emoções em decisões.Qual é a função do córtex parietal em relação às emoções e decisões?Atribui emoções, ajuda na tomada de decisão.Qual é a",O córtex parietal e o sistema visual são implicados.
Qual é o papel das emoções na tomada de decisão?...,8.11,2.28,0.139,0.08,0.129,0.8,0.449,0.5,"As emoções influenciam a tomada de decisão, levando a respostas mais rápidas e adequadas às situações.Como as emoções afetam o processo cognitivo?As emoções podem interromper o processo cognitivo, tornando-o mais difícil.Qual é a importância das emoções na tomada de decisão?As emoções são importantes para avaliar as consequências de uma decisão.Como as emoções podem afetar a tomada de decisão em diferentes culturas?Em diferentes culturas, as emoções podem influenciar a tomada de decisão de maneiras diferentes, dependendo das normas culturais.Quais emoções são mais importantes para decisões de risco?O medo e a ansiedade são emoções que afetam a tomada de decisão em situações de risco.Como as emoções afetam a tomada de decisão em situações de conflito social?Em situações de conflito social, emoções como raiva, ira e ressentimento podem levar a decisões impulsivas.Qual é a importância das emoções","As emoções podem levar a decisões precipitadas, cautelosas ou otimistas, impactando tanto a razão quanto a avaliação de opções."
Quais fatores influenciam a tomada de decisão econ...,4.27,4.58,0.205,0.138,0.148,0.75,0.463,0.5,"Estresse psicológico, distúrbios cognitivos, saúde mental, saúde física, habilidades econômicas, influência social, habilidades de tomada de decisão.Qual é a relação entre distúrbios cognitivos e tomada de decisão econômica individual?Distúrbios cognitivos podem afetar a tomada de decisão econômica individual, levando a escolhas de menor benefício.Quais distúrbios cognitivos podem influenciar a tomada de decisão econômica individual?Distúrbios de cognição, distúrbios de atenção, distúrbios de memória, distúrbios de processamento de informações.Como a cognição pode afetar a tomada de decisão econômica individual?Cognição afeta a capacidade de avaliar opções, prever resultados e analisar riscos.Quais estratégias podem melhorar a tomada de decisão econômica individual?Educação financeira, educação emocional, planejamento financeiro, gestão de riscos.Qual é a","A tomada de decisão econômica é influenciada pelo estresse psicológico, distúrbios cognitivos, labilidad emocional e os desafios financeiros, como a pobreza."
Qual é o papel do córtex pré-frontal e da dopamina...,5.48,1.36,0.14,0.071,0.128,0.875,0.505,0.5,"O córtex pré-frontal é envolvido na tomada de decisões econômicas, com a dopamina atuando como um regulador.Como a teoria do equilíbrio influenciou o desenvolvimento da economia?A teoria do equilíbrio influenciou o desenvolvimento da economia, promovendo o conceito de que as ações humanas podem causar efeitos em um sistema.Quais são as duas formas de tomar decisões econômicas?Decisões econômicas podem ser tomadas individualmente ou coletivamente.Qual é o conceito de 'economia de mercado' na Teoria Econômica?A economia de mercado é um sistema onde as necessidades humanas são atendidas através da interação de agentes individualizados, utilizando recursos e preços.Quais são as quatro condições necessárias para o funcionamento do sistema de economia de mercado?Economia de mercado requer recursos, preços, indivíduos individualizados e interações.Qual é o impacto do mercado no desenvolvimento econômico?","O córtex pré-frontal planeja decisões, e a dopamina aumenta a otimismo para escolhas recompensadoras."
Quais áreas do cérebro estão implicadas na conduçã...,4.33,0.37,0.0,0.0,0.0,0.471,0.322,0.5,"A região subcortical, como a ínsula, é essencial para a condução do comportamento de busca de recompensas, enquanto a corteccional é crucial para avaliar o custo-benefício da decisão.Qual é o papel da córtex pré-frontal e do lobo temporal, segundo a Teoria da Motivação?A córtex pré-frontal é fundamental para o planejamento de ações e a tomada de decisões, enquanto o lobo temporal é envolvido na avaliação de recompensas e na regulação de emoções.Qual é a função da ínsula na regulação emocional e na tomada de decisão?A ínsula é fundamental para a regulação emocional e para avaliar recompensas, influenciando a tomada de decisão.Qual é a função do córtex pré-frontal e do lobo temporal em relação à regulação emocional e ao planejamento?O córtex pré-frontal é crucial para a regulação emocional e","Amígdala, VTA, OFC, dmPFC, vmPFC."
Qual impacto as emoções morais têm nas decisões so...,7.72,0.77,0.083,0.024,0.071,1.0,0.579,0.5,"As emoções morais influenciam as decisões sociais, priorizando a cooperação e a solidariedade, levando a ações altruísmicas.Qual é o papel das emoções na tomada de decisões?As emoções, como a empatia, afetam a tomada de decisões, especialmente em situações que envolvem outras pessoas, influenciando ações morais.Como as emoções morais se relacionam com a cooperação social?As emoções morais, como a empatia, promovem a cooperação social, influenciando decisões altruísmicas.Qual é a relação entre emoções morais e emoções básicas?As emoções morais são derivadas das emoções básicas, mas são mais complexas e orientadas para objetivos sociais.Qual é o impacto das emoções morais na formação do caráter?As emoções morais, como a empatia, desempenham um papel crucial na formação do caráter, influenciando a moral",Emotions como culpa e gratidão orientam o comportamento humano nas decisões sociais.
Quais sistemas cerebrais contribuem para a tomada ...,4.21,1.53,0.067,0.014,0.067,0.0,0.0,0.5,"O sistema límbico, sistema lírico, sistema lírico, sistema língonóide, sistema língonóide, sistema língonóide, sistema língonóide, sistema língonóide, sistema língonóide, sistema língonóide, sistema língonóide, sistema língonóide, sistema língonóide, sistema língonóide, sistema língonóide, sistema língonóide, sistema língonóide, sistema língonóide, sistema língonóide, sistema língonóide, sistema língonóide, sistema língonóide, sistema língonóide, sistema língonóide, sistema língonóide, sistema língonóide, sistema língonóide, sistema língonóide, sistema língonóide, sistema língon","O sistema emocional (amígdala, hipocampo), sistema de mentalização (junção temporoparietal, córtex pré-frontal dorsomedial), sistema recompensa (córtex pré-frontal ventromedial) e sistema de controle (córtex frontoparietal)."
Quais fatores influenciam a tomada de decisão huma...,10.37,0.39,0.055,0.033,0.055,0.667,0.377,0.5,"Tomada de decisão é influenciada por emoções, experiência, percepção sensorial e percepção de risco.O que é a cognição social e como está relacionada à tomada de decisão?A cognição social é a capacidade de entender e prever comportamentos de outros. Ela influencia a tomada de decisão, especialmente em situações em que os interesses de um são incompatíveis com os de outro.Quais são os tipos de erros na tomada de decisão?Erros na tomada de decisão podem ser causados por preconceitos, falta de informações, pressões externas, e emoções, levando a decisões subótimas.Quais são os fatores que podem levar a uma tomada de decisão errônea?Fatores que podem levar a decisões errôneas incluem pressões externas, emoções, preconceitos e falta de informações.Qual é o impacto das emoções na tomada de decisão?As emoções podem influenciar a tomada de decisão,","Percepção sensorial, interação social, ambiente físico, estado emocional, personalidade, memórias, sono."
Quão a tomada de decisão impacta diferentes áreas ...,10.16,3.41,0.165,0.104,0.134,0.571,0.355,0.5,"A tomada de decisão afeta áreas como saúde, educação, economia, finanças e o desenvolvimento individual.Qual é a importância da tomada de decisão na vida?A tomada de decisão é crucial para o desenvolvimento pessoal, bem-estar e o sucesso na vida.Qual é a relação entre tomada de decisão e saúde mental?A tomada de decisão é fundamental para o desenvolvimento de estratégias de enfrentamento, ajudando a melhorar a saúde mental.Qual é a importância da tomada de decisão na vida?A tomada de decisão é importante para o desenvolvimento individual, bem-estar e o sucesso na vida.Qual é a importância da tomada de decisão na vida?A tomada de decisão é fundamental para o desenvolvimento individual, bem-estar e o sucesso na vida.Qual é a importância da tomada de decisão na vida?A tomada de decisão é crucial para o desenvolvimento individual, bem-estar e o sucesso na vida.Qual é","A tomada de decisão afeta psicologia clínica, fisiopatologia de transtornos mentais, economia comportamental, estratégias de decisões complexas, relações interpessoais, finanças e trabalho."
Quais áreas de estudo estão envolvidas na investig...,4.27,0.32,0.013,0.0,0.013,0.4,0.237,0.5,"Processos cognitivos, comportamento, neurociência e psicologia.Quais são as duas abordagens predominantes na teoria de tomada de decisão?Teoria cognitiva versus teoria comportamental.Qual é a principal diferença entre a abordagem cognitiva e a abordagem comportamental na tomada de decisão?A abordagem cognitiva considera o pensamento racional, enquanto a abordagem comportamental se concentra no comportamento.Como é descrito o processo de tomada de decisão no contexto da neurociência cognitiva?O processo de tomada de decisão é descrito como uma sequência de eventos que envolvem a avaliação de opções, avaliação de risco, planejamento e execução.Quais são os dois tipos de funções executivas mencionadas?Funções executivas básicas e funções executivas complexas.Qual é a relação entre a tomada de decisão e a cognição, segundo a perspectiva da neurociência cognitiva?A cogni","Neurociencia, Psicologia, Ergonômica."
Quais são alguns dos tópicos abordados pelos artig...,9.21,1.0,0.213,0.08,0.146,0.286,0.162,0.5,"Transtornos de comunicação, cognição, emoções, e interação social.Qual é a relação entre cognição e emoções conforme mencionado nos artigos?Cognição afeta emoções, e emoções influenciam a cognição.Quais são os benefícios de uma comunicação eficaz?Melhora a qualidade de vida, melhora a experiência de vida, e é crucial para o desenvolvimento individual.Como a cognição afeta o desenvolvimento individual?A cognição influencia a tomada de decisões, o comportamento, a interação social, e a aprendizagem.Qual é a importância do desenvolvimento social e emocional?O desenvolvimento social e emocional é fundamental para o crescimento pessoal, saúde mental, e a capacidade de se comunicar efetivamente.Como as emoções afetam o processo cognitivo?As emoções podem alterar a percepção, a atenção, e a tomada de decisões.Quais são os efeitos da","Cognição da tomada de decisão em doenças, cognição da tomada de decisão, impacto do sono na cognição humana e desenvolvimento."
Quais fatores podem influenciar a fisiologia do so...,8.21,0.8,0.072,0.024,0.072,0.5,0.291,0.5,"Ambientes, condições de saúde, fatores ambientais, hábitos diários, qualidade do sono.Qual é a importância do sono na saúde mental?O sono é crucial para a regulação emocional e o desenvolvimento de habilidades sociais.Qual é o papel do sono na regulação emocional e desenvolvimento social?O sono ajuda na regulação emocional e no desenvolvimento de habilidades sociais.Como a privação do sono pode afetar o cérebro e a saúde mental?A privação do sono pode causar inflamação, alteração de neurotransmissores, e pode contribuir para condições como depressão, ansiedade e transtornos do sono.Quais são as consequências da privação do sono em termos de inflamação e mudança de neurotransmissores?A privação do sono pode levar a inflamação cerebral, alterações de neurotransmissores e exacerba condições psicológicas.Quais condições podem ser exacerbadas pela privação do","Ambientes do sono, higiene do sono, emoções."
Quais emoções afetam a prontidão de ação em decisõ...,4.96,0.41,0.105,0.0,0.092,0.25,0.162,0.5,Efeitos da emoção nas decisões.O que é a motivação social e como se diferencia da motivação individual?Motivação social versus motivação individual.O que é o objetivo e como é definido em termos de motivação social?Objetivo e motivação social.O que é a motivação social orientada a objetivos?Motivação social orientada a objetivos.O que é a motivação social orientada a objetivos e como funciona na motivação social orientada a objetivos?Motivação social orientada a objetivos e o processo.Qual é a distinção entre motivação social orientada a objetivos e motivação social orientada a resultados?Motivação social orientada a objetivos versus motivada por resultados.Qual é a diferença entre motivação social orientada a objetivos e motivação social orientada a resultados?Motivação social orientada a,O medo e a felicidade modificam a prontidão de ação.
Quais fatores podem influenciar a tomada de decisã...,16.99,0.32,0.035,0.0,0.035,0.545,0.324,0.5,"Fatores psicológicos, desenvolvimento, normas culturais, valores pessoais e contexto econômico.O que é o RBD e como é diferente da tomada de decisão econômica individual?O RBD é um conceito teórico que diferencia a tomada de decisão econômica individual com a tomada de decisão econômica social, enfatizando as diferenças de comportamento em contextos individuais versus sociais.Quais são as duas teorias do RBD?O RBD pode ser baseado em preferências individuais ou em escolhas coletivas.Qual é a principal diferença entre as duas teorias do RBD em relação às decisões coletivas?A primeira teoria considera decisões coletivas como resultado de um consenso, enquanto a segunda enfatiza decisões coletivas que se alinham com o utilitarismo.Qual é a crítica principal sobre o RBD em relação à tomada de decisão econômica individual?O RBD não explica como as decisões individuais são influenciadas por valores, normas e","Situação financeira, tempo, risco e alfabetização financeira."
Que mecanismos neuronais são discutidos no context...,4.35,1.08,0.095,0.036,0.095,0.375,0.217,0.5,"O sistema de recompensa, incluindo dopamina, e o sistema de memória de treinamento.Qual é o papel do sistema de recompensa no aprendizado social?O sistema de recompensa é responsável pelo reforço de comportamentos, incentivando ações que levam a resultados positivos.Quais são os dois tipos de aprendizado social mencionados?O aprendizado de modelos e o aprendizado por meio de consequências.Qual é a importância do aprendizado por meio de consequências na tomada de decisão?Ajuda a ajustar o comportamento com base nos resultados esperados, influenciando as decisões.Qual é a contribuição do sistema de memória de treinamento na tomada de decisão?Permite a previsão dos resultados e estimula a escolha de opções com melhores resultados.Quais são os dois tipos de decisões mencionados?Decisões de escolha e decisões de seleção.Quais são os dois tipos de escolha mencionados?Escolhas de",O mecanismo neural de aprendizagem social e tomada de decisão.
Qual é o papel do controle cognitivo na afetividad...,5.27,0.98,0.033,0.022,0.033,0.5,0.292,0.5,"O controle cognitivo ajuda a regular as emoções, levando a uma percepção mais precisa do contexto e à tomada de decisões mais adequadas.Como o sistema de controle cognitivo e emocional interage no contexto da tomada de decisão?O sistema de controle emocional e cognitivo interage, permitindo que as emoções influenciem o pensamento e vice-versa, levando à tomada de decisão mais eficaz.Qual é o impacto de uma compreensão emocional no desenvolvimento do sistema de controle cognitivo?Uma compreensão emocional aprimora o sistema de controle cognitivo, permitindo a regulação emocional, o desenvolvimento de emoções e a tomada de decisões mais adequadas.Qual é a relação entre emoções e percepção de contexto?O processamento emocional afeta a percepção de contexto, influenciando a avaliação da situação e a tomada de decisão.Quais são os dois tipos de emoções descritos no texto?O texto diferencia emoções como reações a estímulos externos","O controle cognitivo na afetividade é usado para gerenciar experiências emocionais, positivas ou negativas."
Qual é a principal diferença entre emoção e sentim...,5.03,0.65,0.117,0.0,0.074,0.333,0.182,0.5,"Emoções são respostas fisiológicas imediatas, enquanto sentimentos são interpretações conscientes do processo emocional.Qual é a importância da compreensão emocional em crianças?A compreensão emocional ajuda a promover relacionamentos e comunicação eficazes, permitindo que as crianças aprendam a lidar com emoções e experiências.Quais são os sinais de que uma criança pode estar lidando com uma doença mental?Sinais incluem mudanças na forma de se comunicar, comportamento e interação social.Qual é a relação entre emoções e pensamento?O pensamento molda as emoções, influenciando como percebemos e reagimos a situações.Qual é a importância da gestão emocional em adultos?A gestão emocional é crucial para a saúde mental, influenciando o comportamento, as relações sociais e o desempenho no trabalho.Qual é a influência da família na formação das emoções?Família influencia a formação das emoções, oferecendo modelos de comportamento emocional e ensinando normas","A emoção é uma resposta inconsciente e autônoma, enquanto o sentimento é sua percepção consciente."
Quais emoções são consideradas primárias e como di...,4.11,1.04,0.142,0.099,0.142,0.833,0.564,0.5,"Emocções primárias são autônomas e não derivadas de outras emoções. Emocões secundárias são derivadas de emoções primárias.Quais emoções são consideradas primárias e como as emoções secundárias são derivadas das emoções primárias?Emocões primárias incluem tristeza, alegria, raiva, medo, raiva, e raiva. Emocões secundárias são derivadas das emoções primárias.Quais emoções são consideradas primárias e como as emoções secundárias são derivadas das emoções primáticas?Emocões primárias incluem tristeza, alegria, raiva, medo, raiva, e raiva. Emocões secundárias são derivadas das emoções primárias.Quais emoções são consideradas primárias e como as emoções secundárias são derivadas das emoções primárias?Emocões primárias incluem tristeza, alegria, raiva, medo, raiva, e raiva. Emocões","As emoções primárias são inatas e independentes do estímulo externo, enquanto as secundárias são moldadas por preceitos socioculturais."
Qual é a relação entre respostas motrôes e emoções...,6.33,1.13,0.144,0.061,0.12,0.5,0.293,0.5,"Respostas motrôes são associadas a emoções, especialmente a emoções relacionadas a recompensas.Quais são os dois tipos de emoções e como eles influenciam o comportamento?Oprimidas e recompensadas. Oprimidas induzem respostas motrôes que limitam ações, enquanto recompensadas incentivam respostas motrôes que promovem ações.Quais são as duas teorias sobre o papel das emoções na tomada de decisões?Emoções podem afetar a tomada de decisões, mas podem ser baseadas em raciocínio ou heurística.Como as emoções podem influenciar o comportamento em situações de escolha?Emotions podem influenciar a escolha, levando a escolhas impulsivas ou baseadas em raciocínio.Quais são os dois tipos de emoções mencionados no texto?Emoções e emoções.O que é emocionalidade e como ela afeta a tomada","Respostas motrôes, como rir ou chorar, são reflexos involuntários de emoções fortes, enquanto respostas voluminárias envolvem processamento neurofuncional mais complexo."
Quais regiões do cérebro são parte do Circuito de ...,2.54,3.19,0.15,0.089,0.113,0.5,0.299,0.5,"O Circuito de Papez inclui o hipotálamo, o tálamo, o tronco encefálico, a ínsula, o lobo temporal, o lobo frontal, a amígdala e o lobo occular.O Circuito de Papez é fundamental para o processamento de qual tipo de informação?Processa informações relacionadas a emoções, sexualidade, comportamento, memória, consciência e atenção.Qual é a relação entre o sistema límbico e o sistema nervoso central (SNC)?O sistema límbico interage com o SNC, que controla o sistema nervoso motor e os reflexos, para regular os movimentos voluntários.Quais reflexos são controlados pelo SNC?Reflexos de movimentos voluntários, como a liberação de um músculo, são controlados pelo SNC.O sistema límbico interage com o sistema nervoso periférico","Circuito de Papez inclui o córtex cingulado, córtex orbitofrontal, amígdala, córtex parietal, hipocampo, hipotálamo e núcleos anteriores do tálamo."
Quais estruturas são envolvidas no processamento n...,4.44,1.31,0.133,0.038,0.114,0.5,0.288,0.5,"O tálamo e o córtex cingulado medial, com o córtex pré-frontal medial e o córtex temporal, são envolvidas no processamento.O córtex pré-frontal medial e o córtex temporal são cruciais para a resposta emocional, enquanto o córtex cingulado medial lida com emoções e emoções, como o Córtex Prefrontal Lateral, é fundamental para a regulação emocional.Qual é a importância da compreensão das emoções em saúde mental?A compreensão das emoções é vital para o diagnóstico, tratamento e prevenção de doenças mentais, como depressão, e melhora do cuidado.Qual é a relação entre emoções e comportamento?As emoções influenciam o comportamento, sendo a regulação emocional essencial para a tomada de decisões e interação social.Quais são as condições mentais relacionadas às emoções?Depressão, transtorno bipolar, transtorno de ansiedade generalizada, transtorno","O córtex cingulado, gânglios da base, hipocampo, hipotálamo, sistema nervoso autônomo, sistema imunológico, formam o sistema límbico. O hipotálamo envia sinais para o tronco encefálico, retângulo formador do tronco encefálico, e sistema imunológico, influenciando respostas fisiológicas e comportamentais."
Quais são os principais mecanismos fisiológicos de...,12.19,0.48,0.099,0.029,0.085,0.429,0.249,0.5,"O hipotálamo desencadeia respostas fisiológicas a estímulos externos e internos, incluindo o sistema nervoso central, sistema endocrino, sistema nervoso e sistema imunológico.O hipotálamo é fundamental para a homeostase.Sim, o hipotálamo desempenha um papel crucial na manutenção da homeostase.Qual é o papel do hipotálamo na regulação do humor?O hipotálamo regula o humor, controlando a secreção de hormônios.Quais hormônios são secretados pelo hipotálamo?O hipotálamo secreta hormônios como o LH, FSH, TSH, GnRH, ACTH e CRH.Qual é a relação entre o hipotálamo e a liberação de hormônios?O hipotálamo estimula ou inibe a liberação de hormônios de glândulas endócrinas.Qual","A regulação da pressão arterial, temperatura corporal, motilidade do trato gastrointestinal e osmolalidade."
Quais funções é responsável a amígdala em resposta...,6.68,0.75,0.118,0.036,0.094,0.75,0.446,0.5,"A amígdala está envolvida na formação da resposta emocional a estímulos sensoriais, influenciando o comportamento e a tomada de decisão.Quais são as regiões e funções da corteza visual e auditiva?A corteza visual e auditiva têm funções específicas: a visual para a visão e a auditiva para a audição.Qual é o papel das áreas de córtex pré-frontal, parietal e temporal na tomada de decisão?As áreas de córtex pré-frontal, parietal e temporal estão envolvidas na tomada de decisão, influenciando a capacidade de avaliar, avaliar e fazer escolhas.Quais são as regiões e funções das áreas sensoriais, somato-motor, visual e auditiva?As áreas sensoriais e somato-motor lidam com sensações e movimentos, enquanto as visual e auditiva lidam com visão e audição.Quais","A amígdala processa emoções, gera respostas comportamentais, auxilia no relacionamento com o meio ambiente e modula funções afetivas."
Qual fator influencia fortemente o vínculo entre p...,12.81,0.29,0.033,0.0,0.033,0.778,0.458,0.5,"O vínculo entre pais e crianças nascidas é influenciado fortemente pelo nível de atenção e carinho que os pais dão à criança.Quais são os dois tipos de relacionamentos descritos por Ainsworth (1969)?Ainsworth (1969) descreve dois tipos de relacionamentos: um com base na proximidade física e outro com base na proximidade emocional.O tipo de relação com base na proximidade física envolve a criança buscando o contato físico.O tipo de relação com base na proximidade emocional envolve a criança buscando proximidade emocional, como a presença de um adulto.Qual é a importância do vínculo entre pais e crianças nascidas na saúde mental das crianças?O vínculo entre pais e crianças nascidas é crucial para a saúde mental das crianças, pois afeta suas respostas ao estresse e desenvolvimento emocional.Quais são as características de um vínculo saudável?Um vínculo saudável é caracterizado pela segurança",Estímulo pré-natal com conversas e músicas.
Quais são os efeitos da afetividade negativa da mã...,2.76,2.15,0.156,0.079,0.123,0.714,0.403,0.5,"A afetividade negativa pode levar à regulação emocional inadequada, sensibilidade aumentada, dificuldade em manter a calma, e desenvolvimento de emoções prejudiciais.Como o ambiente familiar influencia o desenvolvimento da inteligência emocional de um filho?Um ambiente familiar positivo, com amor, apoio e compreensão, promove o desenvolvimento da inteligência emocional.Qual é a importância das interações sociais na regulação emocional?Interações sociais fornecem modelos e estratégias para a regulação emocional, enriquecem o desenvolvimento emocional e podem melhorar a capacidade de empatia e compreensão emocional.Qual é a função da cognição social na regulação emocional?A cognição social ajuda a interpretar emoções e comportamentos, aprimora a capacidade de entender as emoções dos outros e facilita a regulação emocional em diferentes situações.Qual é o papel da cognição emocional na regulação emocional?A cognição emocional é crucial para entender e avaliar emoções, para","A afetividade negativa da mãe pode prejudicar a regulação emocional saudável de um filho, afetando seu desenvolvimento."
Qual é o impacto do desenvolvimento emocional na c...,2.76,1.06,0.11,0.056,0.099,0.75,0.438,0.5,"O desenvolvimento emocional afeta positivamente a confiança e o desempenho escolar, com crianças com desenvolvimento emocional adequado mostrando maior autoconfiança e desempenho escolar superior.Quais são os aspectos da autoconfiança mencionados na literatura?A autoconfiança envolve confiança em habilidades, competência e adequação, sendo importante para o desenvolvimento social e emocional.Quais características de desenvolvimento emocional são consideradas essenciais para o desenvolvimento social e emocional?O desenvolvimento emocional inclui autoconfiança, competência, adequação, autoestima, autoestima social, autoestima parental e autoestima familiar.Como o desenvolvimento emocional afeta a capacidade de uma criança de lidar com emoções e situações?O desenvolvimento emocional melhora a capacidade de uma criança em entender emoções, tomar decisões adequadas e lidar com situações de vida.Quais são as características de desenvolvimento emocional necessárias para um bom desenvolvimento social e emocional?Para um desenvolvimento social e emocional adequado, é necessário desenvolver autoconf",Crianças com apoio emocional tendem a ter maior autoconfiança e rendimento escolar melhor.
Quais aspectos influenciam o neurodesenvolvimento ...,15.3,0.33,0.037,0.0,0.037,0.2,0.108,0.5,"Exigências socioeconômicas, ambiente familiar, acesso a nutrição adequada e educação.Qual é a importância do neurodesenvolvimento durante a adolescência?O desenvolvimento neural molda a capacidade de aprendizagem, resolução de problemas e funções sociais.Qual é a relação entre o desenvolvimento neural e a educação?O desenvolvimento neural afeta a capacidade de aprendizado, desenvolvimento de habilidades e a adaptação social.O que é o cérebro?O cérebro é o sistema central da mente, composto por células nervosas, conectadas por neuronas, permitindo a interação e comunicação entre diferentes regiões.Qual é a função da Rede da Coroa?A Rede da Coroa é fundamental para o processamento de informações sensoriais, a liberação de hormônios e o controle motor.O que é a Rede de Movimento?A Rede de Movimento é responsável pelo controle motor, incluindo movimentos voluntários.","Experiências com cuidadores, amizades e valores culturais da família."
Quais fatores estão associados a uma sensibilidade...,21.12,0.68,0.088,0.025,0.075,0.625,0.358,0.5,"Família, educação, exposição a estresse, experiências sensoriais, e interações sociais.Qual é a importância do desenvolvimento sensorial na compreensão do mundo?O desenvolvimento sensorial permite que os indivíduos percebam e respondam adequadamente a estímulos ambientais.Quais são as funções dos centros em diferentes áreas do cérebro?Processamento e registro de estímulos sensoriais, integração e processamento de informações, geração de respostas adequadas.Quais são os resultados de uma sensibilidade tendenciosa?Ação tendenciosa e prejudicial para o indivíduo e seus entornos.Quais são os efeitos do estresse no desenvolvimento neural?O estresse pode afetar o desenvolvimento do sistema nervoso central, levando a uma sensibilidade tendenciosa.Como a exposição sensorial e as experiências podem afetar o desenvolvimento neural?Estímulos sensoriais e experiências podem moldar o","Privação emocional na infância, cuidados parentais inadequados e experiências em orfanatos."
Qual é o papel do corpo estriado nos processos com...,6.61,2.65,0.134,0.049,0.122,0.571,0.327,0.5,"O corpo estriado está associado ao desenvolvimento de habilidades motoras e comportamentais, como tomada de decisão e aprendizado.Como o sistema de recompensa está relacionado à motivação e comportamento?O sistema de recompensa promove o comportamento motivado, incentivando o aprendizado e o desenvolvimento.Qual é a diferença entre motivação intrínseca e extrínseca?Motivação intrínseca é motivada pela própria satisfação e prazer, enquanto motivação extrínseca é motivada por recompensas externas, como recompensas ou reconhecimento.Qual é a importância da motivação intrínseca em ambientes educacionais?A motivação intrínseca é fundamental para aprendizado e desenvolvimento, pois incentiva a curiosidade e a busca por conhecimento.Qual é a relação entre motivação intrínseca e motivação extrínseca?A motivação intrínseca é influenciada pela motivação extrínseca, mas a motivação intrín","O corpo estriado está relacionado à avaliação social e sensibilidade em adolescentes, influenciando decisões e sentimentos sobre aceitação social."
Qual é o papel da amígdala em adolescentes ansioso...,6.44,0.85,0.128,0.047,0.116,0.75,0.443,0.5,"A amígdala influenciada pelo sistema nervoso autónomo pode afetar a capacidade de aprendizagem social.Como a idade afeta o desenvolvimento das habilidades de aprendizagem social?O desenvolvimento das habilidades de aprendizagem social ocorre em fases, sendo a primária dependente do sistema nervoso central e a secundária desenvolvida pelo sistema nervoso autónomo.Qual é a importância das habilidades de aprendizagem social em adolescentes?Essas habilidades são cruciais para a adaptação social, bem-estar e aceitação na comunidade.Qual é a relação entre o sistema nervoso central e o sistema nervoso autónomo em aprendizagem social?O sistema nervoso central é responsável pela primária, enquanto o sistema nervoso autónomo é fundamental para a secundária.Qual é a importância da integração social durante a adolescência?A integração social é vital para o desenvolvimento social, bem-estar e aceitação na comunidade.Qual é a","A amígdala fica hiperativa em situações de avaliação de aceitação social, afetando respostas comportamentais e emocionais."
Qual papel a afetividade desempenha no processo de...,4.63,0.57,0.069,0.012,0.057,0.571,0.326,0.5,"A afetividade é fundamental para a aquisição de conhecimento, motivação, motivação social e aprendizado de habilidades.Quais são os efeitos da falta de atenção emocional em crianças?Pode levar a uma compreensão limitada do mundo, dificuldades de aprendizagem e desenvolvimento social.Qual é a importância da atenção emocional na saúde mental?A atenção emocional é crucial para a saúde mental, ajudando a enfrentar emoções e sentimentos, bem como a promoção da saúde emocional.O que é a neurociência cognitiva?É uma área científica que investiga o cérebro e seus processos para entender a aprendizagem, o comportamento, a cognição, a linguagem, a comunicação social e a saúde mental.O que é o neurociência cognitiva?É uma disciplina científica que examina o cérebro e seus processos para entender a cognição, o comportamento, a aprendizagem, a linguagem, a comunicação social e a saúde mental.Quais",A afetividade tem um papel fundamental na modulação do crescimento cognitivo.
Quais são as mudanças no desenvolvimento cognitivo...,4.21,1.21,0.116,0.021,0.105,0.556,0.333,0.5,"O desenvolvimento cognitivo e cerebral muda ao longo da vida, com mudanças na atividade neuronal, plasticidade e estrutura cerebral.Quais são os efeitos da privação de sueño nos processos cognitivos?A privação de sono afeta negativamente a atenção, a memória de trabalho, a atenção focada, a atenção dividida, a memória de longo prazo, a capacidade de processamento de informações, a memória de curto prazo e a memória de trabalho.Qual é o impacto da privação de sono na cognição social e na aprendizagem?A privação de sono afeta a cognição social, a cognição emocional e a aprendizagem, enquanto o sono normal melhora a cognição social, a cognição emocional e a aprendizagem.Como a privação de sono afeta o desenvolvimento cognitivo na infância?A privação de sono afeta negativamente o desenvolvimento cognitivo na infância, com impacto em habilidades de atenção,","O desenvolvimento cognitivo continua a se desenvolver até a idade adulta, mas o cérebro experimenta atrofia, perda de massa cerebral e redução na conectividade interneuronal."
Quais diferenças foram observadas entre o desenvol...,18.74,0.98,0.177,0.055,0.136,0.6,0.359,0.5,"O desenvolvimento cognitivo de adultos jovens é mais robusto, enquanto adultos velhos experimentam uma diminuição na capacidade de aprendizado e processamento de informações.Quais técnicas são usadas para avaliar a cognição em adultos velhos?Técnicas como testes neuropsicológicos, avaliações de habilidades motoras e avaliação de habilidades adaptativas são usadas.Quais fatores podem influenciar o desenvolvimento cognitivo em adultos velhos?Fatores ambientais, saúde física, atividades cognitivas e suporte social.Qual é a importância de considerar a cognição no desenvolvimento de estratégias de intervenção?Considerar a cognição é crucial para criar estratégias de intervenção personalizadas que abordem as necessidades cognitivas específicas dos indivíduos.","Adultos velhos mostraram lentidão cognitiva e diminuição no processamento sensório-motor, impactando o desempenho diário, enquanto a vida afetiva não exibe perdas semelhantes."
Quais são os transtornos que afetam negativamente ...,6.21,0.34,0.039,0.013,0.039,0.375,0.215,0.5,"Transtornos mentais, depressão, ansiedade, e transtorno de personalidade bipolar.Qual é a relação entre a atenção plena e a atenção plena consciente?A atenção plena consciente é um aspecto da atenção plena, focando na experiência presente.Como a atenção plena pode melhorar a qualidade de vida?Pode melhorar a qualidade de vida ao ajudar a focar no momento presente, promovendo relaxamento e um estado mental mais claro.Qual é o impacto da atenção plena no processo de tomada de decisão?A atenção plena pode influenciar a tomada de decisão, promovendo uma abordagem mais consciente e menos impulsionada.Quais são as fases da atenção plena?Fase 1: Foco no momento presente, Fase 2: Apreciar o momento presente, Fase 3: Aceitação sem julgamento.Qual é o objetivo da atenção plena?O objetivo é cultivar um estado mental","Transtornos de Humor, incluindo distúrbios da afeto."
Quais quatro componentes originais da teoria dos h...,5.7,0.72,0.048,0.0,0.048,0.5,0.298,0.5,"Quatro humores: sangue, bile, suor e feto.Quais são as cinco principais classes de humores segundo a teoria dos humores?Sanguíneos, bilios, purulentos, fétidos e mucosos.Qual é a relação entre a temperatura corporal e o humor sanguíneo?Seja quente, seja sanguíneo.Quais condições são consideradas 'sanguíneas' e qual é a sua relação com o humor sanguíneo?Sangue quente, humor sanguíneo.Quais são os três tipos de humor bilios e suas respectivas condições?Bilios quente, humor bilioso; bilios frio, humor bilioso; bilios quente, humor bilioso.Qual é a condição associada ao humor purulento e qual é a sua relação com o humor bilioso?Purulento, humor bilioso.","Bile negra, bile amarela, fleuma e sangue."
Quão pode afetar o humor e como os medicamentos in...,3.35,1.81,0.175,0.076,0.138,0.571,0.327,0.5,"O humor pode afetar o estado mental, o que pode levar a distúrbios. Medicamentos podem corrigir ou causar distúrbios do humor.Quais são os fatores de risco associados aos distúrbios do humor?Fatores de risco incluem distúrbios do humor, doença física, demência, depressão, infecções, obesidade e envelhecimento.Qual é a relação entre o humor e a atenção?O humor está relacionado à atenção, sendo um processo de atenção e atenção.Qual é a diferença entre o humor e o humor?O humor envolve uma mudança emocional, enquanto o humor envolve uma mudança de humor.Qual é o papel dos neurotransmissores no humor?Os neurotransmissores, como dopamina, serotonina e noradrenalina, desempenham um papel fundamental no humor, especialmente na produção de humor.Qual é a relação entre","O humor pode ser afetado por condições, e os medicamentos podem antecipar ou piorar o distúrbio do humor."
Quais sintomas afetam o cérebro devido a privação ...,17.73,1.29,0.07,0.0,0.07,0.667,0.43,0.5,"A privação de sono e perturbação do humor causam sintomas como depressão, apatia, dificuldade em focar, irritabilidade, apatia, fadiga, e apetite diminuido.Qual é a relação entre privação de sono, perturbação do humor e o sono?A privação de sono, perturbação do humor e sono estão interligados, com privação de sono e perturbação do humor afetando negativamente o sono.Quais fatores podem contribuir para a privação de sono e perturbação do humor?Fatores como estresse, ansiedade, depressão, distúrbios do sono, distúrbios do sono, distúrbios do sono, distúrbios do sono, distúrbios do sono, distúrbios do sono, distúrbios do sono, distúrbios do sono, distúrbios do sono","Lapses de memórias, percepção distorcida da cognição, diminuição da serotonina, ansiedade, mal-estar."
Qual é um agravante que pode contribuir para mudan...,12.7,0.72,0.047,0.016,0.047,0.714,0.427,0.5,"Um agravante que contribui para mudanças no humor e percepção.Qual é o estado de consciência associado a um estado de agnosia?Um estado de consciência atenuado.Quais são os dois tipos de agnosia?Agnosia semagnosia e agnosia comagnosia.Qual é o resultado da agnosia semagnosia?A incapacidade de reconhecer estímulos, como um objeto familiar.Qual é a diferença entre agnosia semagnosia e agnosia comagnosia?Agnosia comagnosia envolve a incapacidade de reconhecer estímulos, mas a capacidade de reconhecer objetos.Qual é o nome da agnosia que afeta a capacidade de reconhecer emoções em expressões faciais?Oconjuangemotivacional.Qual é a agnosia que afeta a capacidade de reconhecer o gênero de um objeto?","Isolamento social, levando a um déficit de reconhecimento emocional."
Qual é a principal diferença entre depressão unipo...,2.15,1.06,0.141,0.057,0.127,1.0,0.629,0.5,"Depressão unipolar é um distúrbio na regulação emocional, enquanto o transtorno bipolar envolve mudanças na regulação emocional.Quais são as duas formas de transtorno bipolar?Transtorno bipolar I e II.O que é o Transtorno Bipolar I?Transtorno bipolar I é caracterizado por uma mudança na regulação emocional, incluindo depressão e maníaco.Qual é a classificação de um paciente com Transtorno Bipolar I?O paciente é diagnosticado com Transtorno Bipolar I.Qual é o tratamento recomendado para o Transtorno Bipolar I?O tratamento envolve terapia psicológica, medicação e acompanhamento.Qual é o tratamento recomendado para o Trestorno Bipolar II?O tratamento envolve terapia psicológica, medicação e acompanhamento.Qual é a principal diferença entre depressão unipolar e depressão com","Depressão unipolar envolve tristeza persistente, enquanto bipolar oscila entre mania e depressão."
Quais regiões do córtex cingular são envolvidas no...,5.88,2.54,0.307,0.08,0.188,0.545,0.338,0.5,"Os transtornos de humor mais prevalentes envolvem a região anterior do córtex cingular, com a região posterior contribuindo com transtornos de humor.Quais distúrbios de humor estão associados a lesões do córtex cingular?Distúrbios de humor, incluindo depressão, estão associados a lesões do córtex cingular.Quais são as principais características de um transtorno de humor agudo?Transtornos de humor agudos são caracterizados por uma agitação, falta de sono e um humor irreal.Como a doença de Alzheimer afeta a agitação e o humor em pacientes?A doença de Alzheimer pode causar agitação, humor irreal, distúrbios de sono, demência, apatia, desorientação, e falta de sono.Qual é a condição que envolve distúrbios de humor e da cognição?O transtorno bipolar","O giro do córtex cingular anterior, particularmente as subdivisões rostrais e ventrais, está envolvido nos processos emocionais. A subdivisão caudal está associada a processos cognitivos e autocontrole. Em depressão maior e transtorno bipolar, a porção subgenual rostral do córtex cingular e a amígdala mostraram atividade aumentada, enquanto o hipocampo experimentou atrofia."
Quais fatores são associados a interferências no e...,8.97,0.83,0.137,0.025,0.124,0.4,0.249,0.5,"Fatores ambientais, emoções, cognição, saúde mental.Qual sistema é fundamental para a cognição social?O sistema de processamento social.Qual é a importância da cognição social na saúde mental?Ajuda na formação de estratégias de tratamento.Qual é a relação entre cognição social e cognição emocional?Cognição social influencia a cognição emocional.Quais são os elementos de uma estratégia de tratamento para o transtorno de personalidade em um sistema de cuidados ambulatorar?Cognición, cognição emocional, terapia de grupo, terapia individual, avaliação do ambiente.Qual é a relação entre cognição social e cognição emocional?Cognição social influencia a cognição emocional.Quais são os aspectos da cognição social?Processamento social, avaliação, organização.Quais são os","Fatores individuais, psicológicos, ambientais e alta correlação genética estão envolvidos, afetando a cognição e a qualidade de vida."
Qual fonte discute a integração multisensorial e o...,6.54,0.42,0.0,0.0,0.0,0.5,0.281,0.5,"O livro ""Cognoscientíficos"" de Marín e Larré (2007).Quais fatores influenciam o desempenho multisensorial em indivíduos idosos?Aging, condições de saúde e habilidades motoras.Qual é o impacto da perda visual em o desempenho multisensorial?Pobre o desempenho multisensorial e vice-versa.Qual é a importância da estimulação sensorial no contexto de envelhecimento?Fator em desenvolvimento de estratégias compensatórias para melhorar o desempenho multisensorial.Qual é a relação entre cognição multisensorial e cognição social em idosos?A cognição multisensorial influencia a cognição social, afetando a capacidade de interação social.Qual é o papel das habilidades motoras na cognição multisensorial?As habilidades motoras influenciam o desempenho multisensorial, sendo um fator importante no",Kaohsiung J Med Sci. 2022 Jul;38(7):703-711. doi: 10.1002/kjm2.12539.
Quais fatores podem prever a expressão emocional d...,21.44,0.38,0.061,0.0,0.061,1.0,0.677,0.5,"Fatores socioeconômicos, estresse familiar, estresse social, estresse ocupacional, estresse de saúde, estresse ambiental, estresse emocional, estresse social, estresse ocupacional, estresse familiar, estresse ambiental, estresse emocional.Qual é a relação entre estresse familiar e estresse ocupacional em crianças de meio idoso?Estresse familiar e ocupacional podem coexistir, afetando a saúde emocional das crianças.Quais fatores podem prever a expressão emocional dependente do contexto em adultos de meio idoso?Fatores socioeconômicos, estresse familiar, estresse social, estresse ocupacional, estresse de saúde, estresse ambiental, estresse emocional, estresse social, estresse ocupacional, estresse familiar, estresse ambiental, estresse emocional.Quais estudos de caso são usados para analisar o impacto das condições socioeconômicas em crianças de meio idoso?",O estresse infantil é um indicador que pode prever o que?
Quais são as funções cognitivas discutidas no estu...,17.42,0.41,0.107,0.012,0.083,0.667,0.377,0.5,"O estudo de gnosi lida com a cognição, as funções de conhecimento, percepção e atenção.Qual é o papel da cognição no estudo de gnosi?A cognição é fundamental no estudo de gnosi, envolvendo a aquisição, armazenamento e processamento de informações.O que é a cognição social e como se diferencia da cognição individual?A cognição social envolve entender e interpretar comportamentos e emoções em outras pessoas, enquanto a cognição individual se refere à compreensão de si mesmo e do ambiente.Qual é a relação entre a cognição social e a cognição emocional?A cognição social e a cognição emocional estão interligadas, com a cognição social permitindo a avaliação do comportamento e emoções em outros, influenciando as emoções e comportamentos individuais.Quais são os componentes da cognição emocional?A cognição","Gnosia envolve reconhecer estímulos, independente da sensação, transformando a sensação em percepção."
Qual é a função principal da segunda unidade funci...,7.61,0.36,0.015,0.0,0.015,0.333,0.196,0.5,"Assistir as imagens para identificação e julgamento.Quais são os dois tipos de gnosias mencionados no texto?Gnosias agnosias.Qual é a diferenciação entre agnosias e anosognosia?Agnosias referem-se a um problema na percepção e julgamento das imagens, enquanto anosognosia é a falta de percepção da própria doença.Qual é a importância da agnosia na avaliação do estado do paciente?A agnosia pode indicar uma lesão cerebral e é importante para o diagnóstico de transtornos cognitivos.Qual é a principal diferença entre agnosias visuales e auditivas?Agnosias visuales são prejudiciais para a percepção da imagem, enquanto agnosias auditivas prejudicam a percepção da imagem auditiva.Qual é a principal diferença entre agnosias visuais e visuais?Agnosias visuais prejud","Receber, analisar e armazenar informações."
Quais condições podem causar agnosia?...,3.78,2.81,0.173,0.073,0.115,0.2,0.117,0.5,"Agnosia pode ser causada por lesões cerebrais, distúrbios neurológicos, doenças neurológicas, traumatismo craneoencefálico, distúrbios neuropsicológicos, demência, parkinsonismo, esquizofrenia, transtornos de déficit de atenção, distúrbios de linguagem, distúrbios de processamento visual, transtorno bipolar, distúrbios de humor, distúrbios de memória, distúrbios do sono, distúrbios do sono, distúrbios do sono, distúrbios do sono, distúrbios do sono, distúrbios do sono, distúrbios do sono, distúrbios do sono, distúrbios do sono, distúrbios do sono, distúrbios do sono, distúrbios do sono, distúrbios do sono, distúrbios do sono, distúrbios do sono","Agnosia pode resultar de derrames, tumores, infecções, demência, hipóxia, envenenamento, traumatismo craniano, distúrbios do desenvolvimento ou outras condições neurológicas."
Quais sintomas podem indicar agnosia visual em um ...,15.43,0.46,0.052,0.0,0.034,0.429,0.293,0.5,"Dificuldade em reconhecer objetos visuais, mesmo sendo visualizados, e dificuldade em distinguir entre objetos.Quais tipos de agnosia visual existem?Agnosia visual incompreta, agnosia visual incompreta com agnosia de som, agnosia visual incompreta com agnosia de som, agnosia visual incompreta com agnosia de som, agnosia visual incompreta com agnosia de som, agnosia visual incompreta com agnosia de som, agnosia visual incompreta com agnosia de som, agnosia visual incompreta com agnosia de som, agnosia visual incompreta com agnosia de som, agnosia visual incompreta com agnosia de som, agnosia visual incompreta com agnosia de som, agnosia visual incompreta com agnosia de som, agnosia","Incapacidade de diferenciar objetos como garfos e facas; problemas na vida cotidiana, como se vestir."
Quais são as duas formas de agnosias descritas no ...,4.85,0.37,0.017,0.0,0.017,0.5,0.298,0.5,"Agnosias agnosias de reconhecimento e agnosias de discriminação.Qual é a diferença entre agnosias de discriminação e agnosias de reconhecimento?Agnosias de discriminação afetam a capacidade de distinguir estímulos, enquanto agnosias de reconhecimento afetam a capacidade de reconhecer estímulos.Qual é a causa das agnosias mencionadas no texto?Acontecimentos na área cerebral, como lesões, distúrbios, doenças neurológicas e traumas.Quais são as três categorias de agnosias de reconhecimento mencionadas no texto?Agnosias de reconhecimento, agnosias de discriminação e agnosias de discriminação.O que é a agnosia de discriminação?A agnosia de discriminação é a incapacidade de distinguir estímulos.Qual é a agnosia",Aperceptiva e associativa.
Que sintomas podem apresentar alguém com agnosia a...,12.27,0.88,0.07,0.018,0.07,0.3,0.185,0.5,"Dificuldade em reconhecer objetos, faces e formas, apesar de ter visão intacta.Quais são os tipos de agnosia associativa?Agnosia associativa visuo-estoquial, agnosia associativa visuo-prótese, agnosia associativa visuo-formal, agnosia associativa visuo-figural, agnosia associativa visuo-perceptual.Quais são as causas de agnosia associativa visuo-estoquial?Lesão cerebral, distúrbios do córtex visual, demência, transtorno de afasia de Broca, transtorno de afasia de Wernicke, distúrbios do córtex visual, distúrbios do córtex somato-motor.Qual é o tratamento para agnosia associativa visuo-estoquial?Reabilitação, terapia de reconhecimento de objetos, terapia de","Dificuldade em identificar objetos familiares na mão oposta ao dano, anosognosia."
Quais distúrbios são associados a agnosias visuais...,3.58,3.16,0.114,0.09,0.063,0.857,0.549,0.5,"Agnosias visuais, auditivas e táteis estão relacionadas a distúrbios de percepção, processamento e reconhecimento.Quais são as condições que podem causar agnosias visuais?A agnosia visual pode ocorrer devido a um transtorno de visão, uma agnosia afásica, distúrbios de percepção visuais, distúrbios de processamento visual, distúrbios de reconhecimento, distúrbios de atenção visual, distúrbios de atenção de movimento, distúrbios de atenção visuais, distúrbios de atenção de movimento, distúrbios de atenção visual, distúrbios de atenção de movimento, distúrbios de atenção visual, distúrbios de atenção de movimento, distúrbios de atenção visual, distúrbios de atenção de movimento, distúrbios de atenção visual, distúrbios de atenção de movimento, distúrbios de atenção","Distúrbios de reconhecimento visuais, auditivas e táteis sem déficits sensoriais ou cognitivos."
Quais são os 4 tipos de agnosia visual mencionados...,4.22,1.82,0.196,0.028,0.112,0.556,0.339,0.5,"Agnosia visual, agnosia facial, prosopagnosia e agnosia do rosto. A prosopagnosia está ligada à face.O que é a agnosia visual e como se diferencia de outras condições de agnosia?A agnosia visual é a dificuldade em reconhecer objetos, faces, textos, etc., com o uso visual. Diferente da prosopagnosia, que é a dificuldade em reconhecer faces.Quais são as principais causas da agnosia visual?A agnosia visual pode ser causada por lesões cerebrais, demência, distúrbios neurológicos, como o Parkinson, distúrbios da visão, ou alterações na estrutura cerebral.Como as distúrbios da visão afetam a agnosia visual?Distúrbios da visão, como a ceguade em um olho, podem levar a distúrbios de agnosia","Os 4 tipos são prosopagnosia, agnosia de objeto, simultanagnosia, agnosia de textura e afantasia. A prosopagnosia é relacionada a reconhecimentos de rostos."
Qual é a diferença entre simultagnosia dorsal e ve...,2.78,3.17,0.162,0.068,0.149,0.833,0.486,0.5,"Simultagnosia dorsal envolve a dificuldade em reconhecer objetos, enquanto simultagnosia ventral é a dificuldade em entender a função ou significado de um objeto.Qual é a condição descrita por simultagnosia ventral?Simultagnosia ventral é a dificuldade em perceber o propósito ou significado de um objeto.Qual é a relação entre simultagnosia ventral e anosognosia?Simultagnosia ventral pode ser uma manifestação da anosognosia.Qual é a forma de anosognosia descrita no texto?Anosognosia leve, onde o indivíduo é consciente da doença, mas não reconhece a necessidade de cuidados.Qual é a forma de anosognosia leve descrita no texto?Anosognosia leve moderada, onde o indivíduo está parcialmente consciente da doença, mas não reconhece a necessidade de cuidados.Qual é a forma de anosognosia leve leve descrita no","Simultagnosia dorsal impede a visão de múltiplos objetos, enquanto simultagnosia ventral impede a compreensão da imagem inteira."
Qual lesão cerebral está associada à agnosia das c...,4.06,0.44,0.121,0.031,0.106,0.571,0.341,0.5,"Lesão cerebral do córtex occular.Quais são as duas formas de agnosia visual descritas na seção?Agnosia visual de apraxia e agnosia visual de anosognosia.Qual é a causa da agnosia visual de anosognosia?Lesão cerebral do córtex parietal.Qual é o principal problema na agnosia visual de apraxia?Dificuldade em identificar objetos.Qual é a diferença entre agnosia visual de apraxia e agnosia visual de anosognosia?Agnosia visual de apraxia é incapacidade de usar objetos adequadamente, enquanto agnosia visual de anosognosia é incapacidade de reconhecer a deficiência.Qual é a condição do agnosia visual de anosognosia?A agnosia visual de anosognosia é um caso em que a pessoa não reconhece a",Agnosia das cores está associada a uma lesão na região occipitotemporal esquerda do cérebro.
Quais são as duas abordagens na reabilitação neuro...,8.56,0.38,0.045,0.0,0.045,0.714,0.413,0.5,"O método neuropsicológico e o método neurofisiológico.Quais são os objetivos da reabilitação neuropsicológica?A reabilitação neuropsicológica visa reabilitar a função cognitiva e melhorar a capacidade do indivíduo de realizar tarefas diárias.Quais são os principais objetivos da reabilitação neurofisiológica?A reabilitação neurofisiológica visa corrigir as distúrbios fisiológicos e promover a reorganização neural.Qual é a importância do neuropsicólogo na avaliação de agnosias visuais?O neuropsicólogo avalia agnosias visuais, orienta a terapia neuropsicológica e ajuda a identificar a necessidade de intervenção neurofisiológica.Qual é o papel do neurofisiologista na reabilitação de agnosias visuais?O neurofisiologista planeja, executa e avalia a intervenção neuro",Restauração e compensação.
Que tipo de reabilitação é considerado mais eficaz...,10.05,0.36,0.06,0.015,0.06,0.5,0.287,0.5,"Reabilitação auditiva e visual.Qual é o resultado de um estudo sobre reabilitação auditiva versus visual em agnosia de objeto?Reabilitação auditiva resulta em uma taxa de melhora maior de 75% em comparação com a reabilitação visual.Quais são as duas classes principais de agnosia?Agnosia de objeto e agnosia de pessoa.Qual é a característica principal da agnosia de pessoa?A incapacidade de reconhecer rostos, mesmo sendo familiar com eles.Quais são os dois tipos de agnosia de pessoa?Agnosia de pessoa sem agnosia de objeto e agnosia de pessoa com agnosia de objeto.Quais são as duas causas de agnosia de pessoa?Distúrbios do córtex cerebral e distúrbios do córtex temporal.Quais são as duas",Reabilitação de restauração.
Qual é o termo para agnosia auditiva generalizada ...,11.83,0.33,0.039,0.02,0.039,0.667,0.51,0.5,Afonologia.Qual é o termo para agnosia auditiva generalizada que afeta apenas a linguagem?Afonologia.Qual agnosia afeta a percepção de sons agudos e distantes?Agrafonia.Qual agnosia afeta a percepção de sons agudos e distantes?Agrafonia.Qual agnosia afeta a percepção de sons agudos e distantes?Agrafonia.Qual agnosia afeta a percepção de sons agudos e distantes?Agrafonia.Qual agnosia afeta a percepção de sons agudos e distantes?Agrafonia.Qual agnosia afeta a percepção de sons agudos e distantes?Agrafonia.Qual agnosia afeta a percepção de sons agudos e distantes?Agrafonia.,Agnosia auditiva (AA) geral
Qual condição distingue a AA da afasia de Wernicke...,6.37,2.75,0.112,0.063,0.087,0.5,0.293,0.5,"A AA envolve dificuldades de comunicação, enquanto a afasia de Wernicke não.Qual é a relação entre a AA e o TBI?A AA pode ser uma complicação de um TBI, afetando o processamento de informações auditivas e a fala.Quais são as características da AA?A AA apresenta dificuldades em entender, repetir e produzir fala, mas a compreensão auditiva é preservada.Quais são as principais causas da AA?Causas incluem lesões no córtex temporal, distúrbios na linguagem, demência, distúrbios do sono, demencia e doenças neurológicas.Quais são as condições neurológicas que podem causar AA?Lesões no córtex temporal, distúrbios na linguagem, demência, distúrbios do sono, demência, doenças neurológicas.Qual é a importância da AA na avaliação da cog","AA pode apresentar anosognosia, mas a afasia de Wernicke é distinta pelo uso normal da linguagem escrita."
Quais condições podem levar à agnosia de som ambie...,5.92,0.45,0.075,0.0,0.05,0.5,0.279,0.5,"A agnosia de som ambiental pode ser causada por transtornos neurológicos, doenças neurológicas, trauma craneoencefálico, infecção, afeta a compreensão de sons ambientais.O que é a agnosia de som ambiental e como afeta a vida diária das pessoas?A agnosia de som ambiental é uma deficiência na capacidade de identificar sons ambientais, afetando a comunicação e a adaptação ambiental.Qual é a principal diferença entre agnosia de som ambiental e afasia?A agnosia de som ambiental envolve dificuldades no reconhecimento de sons, enquanto a afasia afeta a linguagem.Quais são as causas específicas da agnosia de som ambiental?Causas específicas incluem infecções, traumatismos craneoencefálicos, tumores, distúrbios do sistema nervoso, alterações neurológicas, disfunção cerebral, doenças do sistema imunológico, doenças","Acidentes cerebrovasculares, lesões de lobos temporais, encefalite por herpes simples, síndrome de Landau-Kleffner, demência, formas congênitas."
Quais testes são necessários para determinar a ori...,7.49,0.49,0.074,0.0,0.059,0.25,0.153,0.5,"O paciente deve passar por audiometria, neuropsicologia e tomografia computarizada.Quais são os sinais clínicos da distúrbio auditivo?Distúrbio auditivo é a dificuldade em perceber o som.Qual é a diferença entre distúrbio auditivo agudo e distúrbio auditivo progressivo?Distúrbio auditivo agudo é causado por lesões agudas no ouvido, enquanto o distúrbio auditivo progressivo é causado por lesões em tecidos subepiteliais ou de membrana.Qual é a causa primária de distúrbio auditivo agudo e progressivo?Distúrbio auditivo agudo pode ser causado por lesões agudas nos tecidos subepiteliais do ouvido ou na membrana. O distúrbio auditivo progressivo é causado por lesões nos tecidos subepiteliais ou da membrana","Necessário realizar audiométricos, teste de emissão otoacústica e potencial evocado auditivo de tronco encefálico."
Quais são os três tipos de agnosia tátil mencionad...,3.88,1.11,0.098,0.017,0.082,0.857,0.536,0.5,"Agnosia tátil visosensorial, agnosia tátil visoespacial e agnosia tátil visoespacial.O que é a agnosia tátil visosensorial?A agnosia tátil visosensorial é a incapacidade de interpretar sinais táteis, como textura, forma e peso, sem nenhuma perda visual.Qual é a principal diferença entre agnosia tátil visosensorial e agnosia tátil visoespacial?A agnosia tátil visosensorial envolve perda de percepção tátil sem perda visual, enquanto a agnosia tátil visoespacial envolve perda de percepção tátil com perda visual.Quais são os dois tipos de agnosia tátil visoespacial mencionados no texto?A agnosia tátil visoespacial de ombros e a agnosia tátil visoespacial","Amorfognosia, agnosia de contorno e agnosia de forma."
Qual é um exemplo de agnosia tátil relacionada ao ...,12.42,0.6,0.043,0.015,0.029,0.667,0.453,0.5,"Agnosia tátil.Qual é o termo para agnosia visual relacionada ao reconhecimento de um objeto por sua forma?Agnosia visual.Qual tipo de agnosia afeta a capacidade de reconhecer um objeto por sua cor, mas não sua forma?Agnosia colorimétrica.Qual é a diferença entre agnosia e anosognosia?Agnosia é a incapacidade de reconhecer, enquanto anosognosia é a falta de consciência de uma condição.Qual é o termo para agnosia relacionada ao reconhecimento de um objeto por sua forma, mas não sua cor?Agnosia de forma.Qual é o termo para agnosia relacionada ao reconhecimento de um objeto por sua cor, mas não sua forma?Agnosia colorimétrica.Qual é a forma de agnosia que afeta a capacidade de reconhecer um objeto por sua cor, mas não",Ahilognosia - incapacidade de identificar qualidades distintas como textura e peso.
Quais são as etapas iniciais para aumentar a consc...,8.39,0.56,0.053,0.011,0.053,0.5,0.278,0.5,"Reconhecimento do déficit, avaliação do impacto em atividades diárias, criação de um plano personalizado.Qual é o objetivo do reconhecimento do déficit em um paciente com demência?Reconhecer o déficit ajuda a ajustar o cuidado, melhorar a qualidade de vida e apoiar a independência do paciente.Qual é a importância de avaliar o impacto do déficit nas atividades diárias do paciente?Avalia o impacto do déficit nas atividades diárias para ajustar o cuidado, fornecer suporte e promover a independência do paciente.Quais são os componentes de um plano de cuidado personalizado?Planejamento individualizado, estratégias de suporte, ajustes na casa e serviços comunitários.Como o cuidado adaptado pode promover a independência do paciente com demência?O cuidado adaptado fornece estratégias de apoio e ajustes para ajudar o paciente a continuar suas atividades diárias e aumentar a autonomia.Quais são os benefícios da intervenção precoce nos déficits",Apresentar estímulo na modalidade prejudicada; deixar que o paciente experimenta o mesmo estímulo na modalidade não prejudicada.
Qual é o foco da neurociência cognitiva na abordag...,3.05,0.78,0.102,0.03,0.102,0.778,0.465,0.5,"Foco na avaliação e intervenção em agnosias visuais e auditivas.Quais são as bases teóricas da neurociência cognitiva na reabilitação?Neurobiologia, psicologia cognitiva, fisiologia.Quais são as áreas de especialização do campo?Reabilitação de agnosias visuais e auditivas.Como a neurociência cognitiva se relaciona com a fisioterapia cognitiva?A neurociência cognitiva fundamenta a fisioterapia cognitiva, visando melhorias na função cerebral.Qual é a importância da avaliação neuropsicológica em pacientes com agnosias visuais?Avalia as habilidades sensoriais e motoras, ajudando a determinar o nível de agnosia.Quais são as considerações em relação ao tratamento da agnosia auditiva?O tratamento deve abordar a perda auditiva, como perda auditiva",Estabelece diretrizes neurocientíficas para a recuperação da agnosia visual e auditiva.
Quais áreas encefálicas são ativadas durante a aqu...,14.25,0.3,0.03,0.0,0.03,0.25,0.142,0.5,"Área frontal, área temporoparietal, lóbulos frontais, ínsula e córtex pré-frontal.O que é o Trastorno da Comunicação de Déficiente (TCD) e como é tratado?TCD é uma deficiência em habilidades de comunicação, fala, escrita e leitura. O tratamento envolve treinamento, terapia linguística e apoio social.Qual é o impacto do TCD no desenvolvimento cognitivo?TCD afeta o desenvolvimento da linguagem, habilidades sociais e funções executivas.Qual é a relação entre TCD e deficiência intelectual (ID)?TCD é uma forma de ID, afetando habilidades de comunicação e fala.Qual é o principal desafio na avaliação clínica do TCD?TCD é difícil de diagnosticar porque pode coexistir com outras condições.Quais fatores contribuem para o TCD?Fatores genéticos e ambientais.Qual",Áreas envolvidas incluem processamento visual e auditivo.
Quais sons são usados nas línguas nativas para tra...,2.29,0.0,0.031,0.0,0.031,0.111,0.101,0.5,"Sons de batida, batida, silbante, silbante, silbante, silbante, silbante, silbante, silbante, silbante, silbante, silbante, silbante, silbante, silbante, silbante, silbante, silbante, silbante, silbante, silbante, silbante, silbante, silbante, silbante, silbante, silbante, silbante, silbante, silbante, silbante, silbante, silbante, silbante, silbante, silbante, silbante, silbante, silbante, silbante, silbante, silbante, silbante, silbante, silbante, silbante, silbante, silbante, silbante, silbante",Bebês usam sons vocais para transmitir significado em línguas nativas.
Quais são os benefícios da informação visual no co...,3.7,1.68,0.12,0.061,0.11,0.857,0.504,0.5,"A informação visual ajuda a aumentar a compreensão, reforçar a comunicação e facilitar a transcrição.Como a informação visual complementa a comunicação oral?A informação visual é essencial para a compreensão, o reforço da mensagem, a transcrição e a transcrição da comunicação oral.Quais são os aspectos da comunicação oral e escrita que diferem na comunicação visual?A comunicação visual envolve o uso de sinais visual, como gestos, expressões faciais e sinais de mão, que complementam a comunicação oral.Quais são os benefícios da comunicação visual na educação?A comunicação visual facilita a compreensão, o reforço da mensagem e a transcrição, melhorando a aprendizagem e a retenção de informações.Qual é a importância da comunicação visual na educação?A comunicação visual é crucial na educação, pois ajuda a entender, reforçar, transcrever e facilitar a transcrição de informações, além de apoiar a compreensão e a","A informação visual, como os movimentos da boca, ajuda na compreensão da fala, especialmente em ambientes barulhentos."
Quais fatores contribuem para a dificuldade de apr...,10.85,0.4,0.096,0.022,0.086,0.5,0.324,0.5,"Fatores incluem a experiência limitada de exposição, dificuldades na aquisição de fonologia, gramática, léxico, e a dificuldade em perceber e replicar sons nativos.Qual é a diferença entre aquisição e aquisição?A aquisição é a aquisição de um novo idioma por crianças, enquanto a aquisição é a aquisição de um novo idioma por indivíduos.Quais são os dois tipos de aquisição de línguas?Ato de aquisição de línguas, que envolve a aquisição de um novo idioma, e aquisição de línguas nativas, que envolve a aquisição de línguas nativas.Qual é a diferença entre aquisição de línguas nativas e aquisição de línguas nativas?Ato de aquisição de línguas nativas, que envolve a aquisição de línguas nativas.Qual é a diferença entre aquisição de línguas nativas e aquisição de línguas nativas?A",Desempenho em tarefas gramaticais diminui com a idade de chegada; aprendizado prévio impede a detecção de padrões na segunda língua.
Qual é o efeito da maturidade e experiência na aqu...,6.19,0.75,0.101,0.051,0.076,0.833,0.482,0.5,"A maturidade e experiência facilitam a aquisição de línguas.Qual é o impacto do desenvolvimento neuroquímico na aquisição de línguas?O desenvolvimento neuroquímico é crucial para a aquisição de línguas.Quais são os dois modelos de aquisição de línguas?O modelo nativista e o modelo empirista.O modelo nativista sugere que a aquisição de línguas é um processo natural.O modelo empirista enfatiza a necessidade de estímulos externos.Quais são as duas formas de aquisição de línguas mencionadas?Acquisition de línguas nativas e acquisition de línguas secondárias.Qual é a diferença entre acquisition de línguas nativas e secondárias?A acquisition de línguas nativas é o aprendizado do primeiro idioma de um indivíduo, enquanto a acquisition de línguas secondárias envolve aprendizado",Maturidade e experiência promovem um período crítico para o desenvolvimento da linguagem.
Qual é a importância da experiência no fechamento ...,2.52,5.83,0.184,0.118,0.146,0.9,0.579,0.5,"A experiência é crucial para fechar a janela de aprendizado de uma nova língua na vida posterior.De que maneiras a experiência pode afetar a capacidade de aprendizado de uma nova língua?A experiência pode afetar a capacidade de aprendizado de uma nova língua através do desenvolvimento de gramática, vocabulário e compreensão do contexto cultural.Qual é a relação entre o tempo de exposição e a aquisição de gramática, vocabulário e compreensão do contexto cultural em um segundo idioma?O tempo de exposição é correlacionado com a aquisição de gramática, vocabulário e compreensão do contexto cultural em um segundo idioma.Qual é a importância do tempo de exposição na aquisição de habilidades linguísticas em um segundo idioma?O tempo de exposição é crucial para a aquisição de habilidades linguísticas em um segundo idioma, especialmente em relação a gramática, vocabulário e compreensão do contexto cultural.Qual é a relevância do tempo de exposição na aquisição de","A experiência pode fechar a janela de aprendizado de uma nova língua, limitando o aprendizado em fases posteriores da vida."
Que áreas do cérebro são responsáveis pela interpr...,1.6,6.45,0.225,0.144,0.225,0.636,0.448,0.5,"Aírovolcu, lóbulos frontais inferiores, área de Broca, área de Wernicke, córtex auditivo secundário, córtex parietal.A área de Broca é responsável pela organização da articulação da fala, enquanto a área de Wernicke é responsável pela interpretação do significado das palavras.Qual é a função da área de Broca e da área de Wernicke em relação à fala?A área de Broca é responsável pela organização da articulação da fala, e a área de Wernicke é responsável pela interpretação do significado das palavras.Qual é a função da área de Wernicke em relação à fala?A área de Wernicke é responsável pela interpretação do significado das palavras.Qual é a função da área de Broca em relação à fala?A área de Broca é responsável pela organização da articulação da fala.Qual é a função da","A área de Wernicke processa o significado das palavras, e a área de Broca organiza a articulação da fala."
Quais áreas do cérebro são envolvidas na transform...,11.77,0.88,0.146,0.034,0.101,0.812,0.509,0.5,"A área visual de Broca e a área auditiva de Wernicke.Quais funções são executadas pelas áreas de Broca e Wernicke?Converção de sinais visuais em vocalizações durante a leitura e conversão de padrões auditivos em movimentos motores durante a escrita.Qual é a relação entre a leitura e a escrita em termos de processos cerebrais?A leitura e a escrita envolvem processos cerebrais semelhantes, mas a escrita exige um controle adicional dos movimentos motores.Quais são as vantagens da aprendizagem assistida?A aprendizagem assistida permite uma melhor compreensão do conteúdo, reforça a motivação, estimula a iniciativa do aluno e melhora as habilidades de resolução de problemas.Quais são os benefícios da aprendizagem assistida na aquisição de habilidades motoras?A aprendizagem assistida ajuda a desenvolver habilidades motoras, facilita a adaptação a novas habilidades e promove a independência no processo","As áreas de Wernicke, Broca, córtex visual esquerdo, áreas auditivas correspondentes, Exner, e as regiões pré-motora estão envolvidas."
Quais áreas cerebrais são envolvidas no processame...,7.12,1.29,0.124,0.028,0.097,0.714,0.425,0.5,"Área frontal, ínsula, hipocampo, córtex parietal, temporal e límbaco.O córtex pré-frontal, ínsula, córtex parietal, córtex temporal e límbaco.Qual é a função do córtex temporal em relação à linguagem?O córtex temporal é fundamental para o processamento auditivo da linguagem.Quais funções executivas são afetadas pela disfunção do córtex frontal?Atenção, memória de trabalho, controle motor.Qual é a importância do córtex pré-frontal no processamento da linguagem?O córtex pré-frontal é crucial para a compreensão e produção de linguagem.Quais áreas são envolvidas no processamento de estímulos visuais?Córtex visual, córtex parietal, córtex temporal e límbaco.O córtex visual, córtex","Hemisfério esquerdo, regiões frontal, temporal, parietal, pré-frontal, giro do cíngulo, área insular esquerda."
Quais regiões do córtex cerebral são associadas à ...,2.51,0.75,0.092,0.031,0.077,0.571,0.337,0.5,"A LMAN, área 22, e a LPO, área 39, são envolvidas na compreensão da linguagem.Qual é a função da LMAN?A LMAN é crucial para o processamento fonológico do discurso.E a LPO, que papel desempenha?A LPO é essencial para a atribuição de semanticas à linguagem.Qual é a consequência de lesões na LMAN?Lesões na LMAN levam a distúrbios de fala, como afasia de Broca.E quanto à LPO?Lesões na LPO resultam em afasia de Wernicke, afetando a atribuição de semanticas.Quais são os dois tipos de afasia de Wernicke?O afasia de Wernicke leve e grave.Quais regiões são implicadas no afasia de Wernicke leve?A área","O hemisfério cerebral esquerdo, áreas de Broca e Wernicke."
Que diferenças ocorrem na processedual da linguage...,3.52,1.47,0.204,0.098,0.136,0.727,0.439,0.5,"Os bilíngues com idade de aquisição diferente da segunda língua demonstram uma linguagem menos flexível, mas uma melhor compreensão do contexto.Qual é o impacto da idade de aquisição na aquisição da segunda língua em indivíduos bilíngues?A idade de aquisição afeta a fluência e a gramática na segunda língua, sendo mais difícil adquirir a segunda língua após o terceiro ano.O que influenciou a capacidade de recuperação de habilidades linguísticas em adultos bilíngues?O neuroplasticidade e a adaptabilidade do cérebro influenciam a recuperação de habilidades linguísticas em adultos bilíngues.Qual é a importância da cognição social na linguagem?A cognição social permite-nos entender o contexto, emoções e intenções, o que é crucial para uma comunicação eficaz.Qual é a relação entre linguagem e emoções?A linguagem é uma base para a expressão de emoções e vice-versa,","Em indivíduos bilíngues, a segunda língua é processada em diferentes partes da Área de Broca se aprendida na vida adulta, enquanto ambas as línguas são processadas na mesma área se aprendidas na infância."
Quais sintomas caracterizam a afasia de Broca?...,3.86,0.69,0.082,0.014,0.068,0.4,0.231,0.5,"Dificuldade na articulação de palavras e frases, mas compreensão de fala.Qual é a diferença principal entre a afasia de Broca e a afasia de Wernicke?A afasia de Broca envolve dificuldades na fala, enquanto a afasia de Wernicke envolve confusão na compreensão e uso de palavras.Qual é a condição de que a agnosia e a alaliaxia são manifestações?A agnosia é um transtorno de reconhecimento de estímulos sensoriais, e a alaliaxia é um transtorno de fala.Qual é a condição que envolve a incapacidade de reconhecer estímulos sensoriais?A agnosia é a incapacidade de reconhecer estímulos sensoriais.Qual é a condição que envolve a incapacidade de reconhecer estímulos sensoriais e a incapacidade de fala?A agnosia e a alaliaxia são condições que envolvem a","Falta de articulação fluida, discurso lento e dificuldade em repetir palavras."
Qual é o principal problema na fala dos pacientes ...,18.53,0.4,0.062,0.0,0.046,0.857,0.529,0.5,"Incapacidade de entender a fala ou texto.Quais são as duas formas da afasia de Wernicke?Fala fluida e gramaticalmente correta, mas sem sentido.Qual é o problema na fala na afasia de Broca?Fala fragmentada, com dificuldades em formar palavras e frases.Qual é a condição relacionada à afasia de Wernicke?A disortografia de Wernicke, com desordens de linguagem e compreensão.O que é a afasia de Broca?A fala fluida, mas sem sentido.Quais são as duas formas da afasia de Broca?Fala fragmentada e dificuldade em formar palavras e frases.Qual é a condição relacionada à afasia de Broca?A disortografia de Broca, com desordens de linguagem e compreensão.Qual é o principal problema","Dificuldade na análise morfémica e fonêmica, resultando em parafasias fonêmicas."
Quais áreas do cérebro são afetadas na afasia de c...,4.18,0.38,0.038,0.0,0.025,0.667,0.376,0.5,"A área frontal, parietal e temporal.Qual é a condição de um paciente com afasia de condução?A paciente não pode produzir palavras ou frases, mas ainda pode entender o que é dito.Qual é o tratamento recomendado para afasia de condução?Trabalho de neurorehabilitação focado no desenvolvimento da linguagem.Quais habilidades são afetadas na afasia de condução?Fala, escrita, compreensão e produção de frases.Qual é a diferença entre afasia de condução e afasia de transcórtex?A afasia de transcórtex envolve falas, escrita, compreensão e produção de frases, com a afasia de condução afetando apenas a fala.Qual é o impacto da afasia de condução na vida social da paciente?A paciente pode se envolver em conversas, mas com dificuldades em produzir frases.Quais outras condições","Giro temporal superior esquerdo, lobo parietal inferior esquerdo, córtex auditivo primário esquerdo, substância branca subcortical."
Qual lesão cerebral está associada à afasia global...,10.78,0.44,0.079,0.0,0.066,0.333,0.238,0.5,"Lesão cerebral em segundo hemicranio.Qual lesão cerebral afeta a fala, mas não altera o processamento fonológico?Lesão cerebral em primeiro hemicranio.Qual lesão cerebral afeta a fala, mas não altera o processamento fonológico?Lesão cerebral em primeiro hemicranio.Qual lesão cerebral afeta a fala, mas não altera o processamento fonológico?Lesão cerebral em primeiro hemicranio.Qual lesão cerebral afeta a fala, mas não altera o processamento fonológico?Lesão cerebral em primeiro hemicranio.Qual lesão cerebral afeta a fala, mas não altera o processamento fonológico?Lesão cerebral em primeiro hemicranio.Qual é a condição neurológica caracterizada por perda da percepção auditiva, afasia e agnosia?Lesão cerebral em primeiro hemicran","Afasia global com lesões no Broca, núcleos da base, ínsula, áreas auditivas do córtex e Wernicke."
Qual é a característica principal da afasia transc...,11.36,0.4,0.059,0.0,0.044,0.667,0.413,0.5,"A afasia transcortical motora é caracterizada por dificuldade na fala e compreensão, mas sem distúrbios no processamento auditivo ou na fala.Qual é a diferença entre afasia transcortical motora e afasia transcortical leve?A afasia transcortical leve apresenta dificuldade na fala e compreensão, mas sem distúrbios na fala ou na fala.Qual é a diferença entre afasia transcortical leve e afasia transcortical profunda?A afasia transcortical profunda apresenta dificuldade na fala e compreensão, mas sem distúrbios na fala ou na fala.Qual é a causa da afasia transcortical profunda?A afasia transcortical profunda é causada por lesões na área de Broca, Wernicke ou área de Luria.Qual é a causa da afasia transcortical leve?A afasia transcortical leve é causada por",Falência na fluência da fala com capacidade preservada de repetir.
Qual é o padrão clínico da afasia transcortical mi...,13.81,0.44,0.074,0.015,0.059,0.667,0.387,0.5,"A afasia transcortical mista apresenta um padrão de lesão de um lado da linguagem, sem distúrbios de fala ou escrita, com a fala sendo mais severa.Quais são os sintomas da afasia transcortical mista?A fala é mais severa, sem distúrbios de fala ou escrita, com o lado afetado incapaz de falar, escrever ou ler.O que é a afasia transcortical mista?Uma afasia mista causada por lesões em diferentes áreas do córtex e o córtex parietal.Quais áreas do cérebro estão envolvidas na afasia transcortical mista?Córtex frontal, parietal, temporal e líbio.Quais são os tipos de afasia mista?Afasias transcortical mista, afasia de Broca, afasia de Wernicke.","Dificuldade de se expressar e entender, mas repetição de frases e músicas familiares."
Quais são os dois planos distintos na percepção vi...,7.95,1.27,0.128,0.052,0.128,0.2,0.119,0.5,"O plano primário envolve a detecção de luz e estímulos visuais, enquanto o plano secundário envolve a interpretação desses estímulos em forma de imagem.Qual é a função dos fotorreatores e onde estão localizados?Os fotorreatores detectam luz e formam imagens. Eles estão localizados na retina.Qual é a importância da agnosia na compreensão da visão?A agnosia é um déficit na capacidade de reconhecer estímulos visuais, apesar da visão visual intacta.Qual é a diferença entre agnosia e alalia?A agnosia afeta a capacidade de reconhecer estímulos visuais, enquanto a alalia afeta a capacidade de reconhecer estímulos auditivos.Qual é a causa da agnosia anosiforme e como é diferente da agnosia anosiforme com persistência?A agnosia anosiforme é causada por distúrb",O primeiro plano determina a entrada luminosa; o segundo envolve a interpretação do estímulo elétrico no cérebro.
Qual característica é essencial para a percepção v...,21.79,0.28,0.011,0.0,0.011,0.667,0.387,0.5,"A percepção visual construtiva envolve a integração do estímulo visual com memória, experiência e contexto.Qual é a relação entre percepção visual construtiva e percepção visual primária?A percepção visual primária é a capacidade de perceber estímulos visuais básicos, enquanto a percepção visual construtiva envolve a compreensão e interpretação dessas imagens em um contexto.Quais são as duas formas de percepção visual primária?A visão binária e a visão afiada são as duas formas de percepção visual primária.Qual é a base da visão afiada e qual é a base da visão binária?A visão afiada é baseada em estímulos visuais discretos, enquanto a visão binária é baseada em estímulos visuais discretos e contínuos.Quais são os dois tipos de percepção visual primária?A visão afiada é a percepção de estímulos visuais discretos e contínuos, enquanto a visão",Propriedade e movimento harmoniosos.
Quais são as principais células receptoras envolvi...,2.8,0.37,0.012,0.0,0.012,0.571,0.34,0.5,"Células receptoras de luz, células receptoras auditivas e células receptoras gustativas.Qual é a função das células receptoras auditivas?Transmitiram sinais elétricos para o sistema nervoso central.Quais tipos de sinais elétricos são transmitidos pelas células receptoras auditivas?Sinais elétricos e auditivos.Qual é a importância do sistema auditivo na percepção?Permite a comunicação e a transmissão de informações.Quais são os dois tipos de percepção sensorial?Percepção primária e secundária.Qual é a diferença entre percepção primária e secundária?Percepção primária envolve a transmissão direta de sinais elétricos e auditivos, enquanto a percepção secundária envolve a transmissão de sinais elétricos e auditivos para o sistema nervoso central.Qual é o papel da percepção primária e secundária na comunicação e transmissão de informações?","Fotorreceptores, quimiorreceptores, receptores térmicos e mecanorreceptores."
Quais são os seis tipos de mecanorreceptores encon...,12.69,0.7,0.069,0.014,0.069,0.333,0.217,0.5,"O tato possui mecanorreceptores adaptativos, mecanorreceptores sensoriais, mecanorreceptores de temperatura, mecanorreceptores de pressão, mecanorreceptores de toque, e mecanorreceptores de vibração.Qual é a função dos mecanorreceptores adaptativos?Eles são responsáveis pela percepção de pressão.Qual é a função dos mecanorreceptores sensoriais?Eles são responsáveis pela percepção de força.Qual é a função dos mecanorreceptores de temperatura?Eles são responsáveis pela percepção de temperatura.Qual é a função dos mecanorreceptores de pressão?Eles são responsáveis pela percepção de pressão.Qual é a função dos mecanorreceptores de toque?Eles são responsáveis pela percepção de toque.Qual é a função dos mecanorreceptores de vibração?Eles são responsáveis pela percepção de vibração.Qual é a","Movimentação, estiramento, deformação e vibração."
Qual é a função das células ciliadas internas e ex...,39.89,0.32,0.028,0.0,0.028,0.9,0.562,0.5,"Células ciliadas internas e externas detectam movimento da membrana basilar, enviam sinais para os neurônios e trigeminos, que são transmitidos para o sistema nervoso central.Qual é a importância da neurotransmissão na transdução do movimento da membrana basilar?A neurotransmissão é crucial para a transdução do movimento da membrana basilar, permitindo a comunicação entre neurônios e trigeminos.Quais são os tipos de sinais enviados pelos neurônios e trigeminos para o sistema nervoso central?Os sinais enviados são de natureza inibitória ou excitativa, influenciando o estado da membrana basilar e os movimentos subsequentes.Qual é a consequência do movimento da membrana basilar para a liberação de neurotransmissão?O movimento da membrana basilar desencadeia a liberação de neurotransmissão, que atinge as células",Elas ajudam na amplificação sonora.
Quais são as duas vias da projeção retinofugal de ...,14.52,1.42,0.118,0.036,0.106,0.625,0.409,0.5,"A via retinofugal de cada olho, com suas vias de saída, se divide em duas: a via ventrolateral, que projeta para o núcleo lateral do thalamus; e a via dorsomedial, que projeta para o núcleo medial do thalamus.Qual é a função da via ventrolateral em relação à visão?A via ventrolateral projeta para o núcleo lateral do thalamus, que é vital para a visão.Qual é a função da via dorsomedial em relação à visão?A via dorsomedial projeta para o núcleo medial do thalamus, que é essencial para a visão.Qual é a função do núcleo lateral do thalamus em relação à visão?O núcleo lateral do thalamus projeta para o córtex visual de cada olho.Qual é a função do núcleo medial do thalamus em relação à visão?O núcleo","A via visual primária, chamada de geniculo estriatal, e a via que dirige da retina até o colículo superior no tecto."
Qual é a função dos ganglionares da retina na visu...,38.6,0.33,0.024,0.0,0.024,0.4,0.228,0.5,"Atribuem um valor de cor e luminosidade aos estímulos visuais.Quais são as duas vias visuales e sua diferenciação?O olho interno fornece visão em ambientes escuros, a retina interna é responsável por visão em ambientes iluminados.Qual é a visão em ambientes escuros e qual é a visão em ambientes iluminados?Visão em ambientes escuros é fornecida pelo olho interno, enquanto a visão em ambientes iluminados é fornecida pela retina interna.Qual é a distância de foco normal para a visão em distâncias distantes?A distância de foco normal para a visão em distâncias distantes é de 25 cm.Qual é a distância de foco normal para a visão em distâncias próximas?A distância de foco normal para a visão em distâncias próximas é de 60 cm.Qual é a distância de foco para a visão em distâncias distantes?A","Controlam movimentos sacádicos rápidos e bruscos, como a leitura."
Quais vias são implicadas no processamento visual ...,3.87,0.62,0.083,0.024,0.071,0.615,0.413,0.5,"O córtex visual, o núcleo geniculado lateral, a córtex pré-frontal, a amígdala, o tálamo, a área 4, o cerebelo, a corteza visual. O núcleo geniculado lateral dirige o movimento visual para o córtex visual.Qual é a função do córtex visual primário e o córtex pré-frinal?O córtex visual primário é responsável pela visão em movimento, visão em detalhes, reconhecimento de estímulos, percepção de movimento. O córtex pré-frinal é envolvido no processamento visual, planejamento do movimento, coordenação fina, controle de movimentos.Qual é o papel do tálamo e do córtex pré-frinal na via visual e movimento?O tálamo é uma via que dirige o movimento visual para o córtex pré-frinal. O córtex pré-frinal é uma via que dirige o movimento visual para o córtex visual primário","As vias ventral e dorsal estão implicadas, com o córtex estriado como alvo principal."
Qual é o papel das áreas parietais posteriores do ...,6.07,0.42,0.092,0.0,0.046,0.889,0.587,0.5,"As áreas parietais posteriores do córtex cerebral são cruciais para a percepção espacial e a coordenação.O que é a agnosia?A agnosia é uma deficiência de reconhecimento.Qual é a diferença entre agnosia e alfasomia?A agnosia é a incapacidade de reconhecer objetos, enquanto a alfasomia é a dificuldade de localizar objetos.Qual é a diferença entre agnosia e asimetria?A agnosia é a incapacidade de reconhecer objetos, enquanto a asimetria é a dificuldade em posicionar as mãos.Qual é a diferença entre agnosia e ataxia?A agnosia é a incapacidade de reconhecer objetos, enquanto a ataxia é a dificuldade em posicionar as mãos.Qual é a diferença entre agnosia e apraxia?A agnosia é a incapacidade de reconhecer",Coordenam informações sensoriais e motoras para reconhecimento e orientação do movimento.
Quais regiões do cérebro são envolvidas na rotação...,9.07,0.32,0.071,0.036,0.071,0.0,0.0,0.5,"O córtex parietal, o córtex temporal, o córtex frontal, a ínsula, o lobo temporal, o lobo parietal, a ínsula, o lobo frontal, a ínsula, a ínsula, o lobo frontal, a ínsula, o lobo parietal, o lobo temporal, o lobo frontal, a ínsula, o lobo parietal, o lobo temporal, a ínsula, o lobo frontal, a ínsula, o lobo parietal, o lobo temporal, a ínsula, o lobo frontal, a ínsula, o lobo parietal, o lobo temporal, a ínsula, o lobo frontal, a ínsula, o lobo parietal, o lobo temporal, a ínsula, o lobo frontal, a ínsula, o lobo parietal","Córtex parietal e processos cognitivos, incluindo atenção visual endógena."
Quais características são presentes em um paciente...,7.21,0.43,0.083,0.0,0.083,0.5,0.315,0.5,"Incapacidade de rolar a testa, rigidez e atrofia cortical posterior.Qual é a principal causa de DA em indivíduos com demência leve ou moderada?Da com demência leve ou moderada, com 50% de casos relacionados a ADEM, e 30% de casos relacionados a AD.Qual é o resultado de uma lesão da DA?Da com demência leve ou moderada, com 50% de casos relacionados a ADEM, e 30% de casos relacionados a AD.Qual é a diferença entre DA com demência leve e demência moderada?DA com demência leve é progressão mais lenta do que DA com demência moderada.Quais são os sinais da DA?DA com demência leve ou moderada, com 50% de casos relacionados a ADEM, e 30% de casos relacionados a AD.Qual é a","Desempenho reduzido na percepção espacial, simultanagnosia, percepção de objetos, dispraxia de construção, agnosia ambiental, apraxia oculomotora, ataxia óptica, alexia, desorientação, acalculia, apraxia, prosopagnosia aperceptiva, agrafia, agnosia de dedos."
Quais sintomas podem indicar que alguém possui sín...,12.44,0.48,0.161,0.0,0.131,0.125,0.08,0.5,"Dificuldade para ler, diplopia, disfonia, e dificuldades auditivas.O que é Syndrome de Irlen (SI)?Um transtorno sensorial associado a problemas de processamento visual, auditivo e fala.Qual é a principal causa do SI?Dificuldade no processamento de estímulos visuais.O que é Syndrome de Visual-Perceptual (SVP)?Um transtorno sensorial com dificuldades no processamento visual.O que é Syndrome de Visual-Perceptual (SVP)?Um transtorno sensorial com dificuldades no processamento visual.O que é Syndrome de Visual-Perceptual (SVP)?Um transtorno sensorial com dificuldades no processamento visual.O que é Syndrome de Visual-Perceptual (SVP)?Um transtorno sensorial com dificuldades no processamento visual.Qual é o diagnóstico principal do SI?","Baixa capacidade de leitura, sensibilidade à luz, distorção de fundo de olho, distorções gráficas, campo visual diminuído, dificuldade de fixação ocular e percepção alterada da profundidade."
Quais são as principais dificuldades visuais enfre...,9.89,1.43,0.109,0.041,0.082,0.556,0.325,0.5,"Dificuldades em perceber objetos, detalhes e luzes, especialmente em ambientes escuros.Qual é a etiologia da Doença de Parkinson?Causa por degeneração de dopaminergas da base do sistema nervoso central, principalmente a subestriata.Quais são as fases da Doença de Parkinson?Inicial, moderada, grave e avançada.Quais são as principais características motoras da Doença de Parkinson?Atenção, tremor, desacordão, rigidez, bradicinesia, postural atonia.Quais são as principais características cognitivas da Doença de Parkinson?Transtorno de memória, atenção, cognição executiva, memória visual e vocabulário.Quais são as principais características neurológicas da Doença de Parkinson?Paresis leve, parkinsonismo, parkinsonismo grave, atrofia,","Pacientes com Doença de Parkinson experimentam dificuldade com tarefas visuais cotidianas, diplopia, julgamento incorreto de objetos/distâncias, alucinações visuais e sensibilidade ao contraste prejudicada."
Quais são as alterações da percepção na doença de ...,11.29,0.48,0.131,0.013,0.092,0.8,0.441,0.5,"Alterações na percepção, como distorções do tempo, ritmo e ritmo; percepção auditiva, visual, tátil, gustativa, olfativa, e do sentido de movimento, posição e orientação.O que é a ataxia e como está relacionada à DP?Ataxia é a perda da coordenação motora e do equilíbrio. No DP, ataxia pode afetar o movimento e a posição.Qual é o papel das células motoras e das sinapses na DP?Células motoras e sinapses são afetadas pela doença, levando a uma perda de controle muscular.Quais são as doenças neurológicas associadas à DP?DP pode estar associada a doenças como distúrbios da visão, distúrbios do sono, distúrbios cognitivos, demência, distúrbios psiquiátricos, distúrbios endocrinos e distúrb","DP apresenta anormalidades na visão de cores, visão de preto e branco, contraste e acuidade visual deteriorada."
Quais são sinais precoces importantes no diagnósti...,9.17,0.39,0.042,0.0,0.042,0.4,0.231,0.5,"Sinal de desvio de visão, apraxia, agnosia, disartria, ataxia, apraxia ideomotora, ataxia, disartria, apraxia ideomotora, ataxia, agnosia.Quais são os sinais do sistema auditivo na DCL?Aptidão auditiva diminui, agnosia, disartria, apraxia.Quais são os sinais do sistema visual na DCL?Ataxia, disartria, apraxia, agnosia.Qual é a característica de DCL em comparação com demência senil?DCL é caracterizada por apraxia, ataxia, agnosia, disartria.Qual é a etiologia da DCL?Causa por distúrbios de desenvolvimento cerebral.Quais são as causas genéticas da",Deficiências de capacidade visuoespacial e visuoperceptual.
Quais alterações no processamento visual cortical ...,13.41,0.41,0.051,0.0,0.051,0.125,0.071,0.5,"Alterações na VIS1, VIS2, VIS5, VIS7, VIS9, TEO1, TEO2, TPR1, TPR2, TPR3, TPR4, TPR5, TPR6, TPR7, TPR8, TPR9, TPR10, TPR11, TPR12, TPR13, TPR14, TPR15, TPR16, TPR17, TPR18, TPR19, TPR20, TPR21, TPR22, TPR23, TPR24, TPR25, TPR26, TPR27, TPR28, TPR29, TPR30, TPR31, TPR32, TPR33, TPR34, TPR35, TPR36, TPR37, TPR38, TPR39, TPR40, TPR41, TPR42, TPR43, TPR","Pacientes sintomáticos apresentam alteração no processamento cortical visual, com diminuição na seletividade de resposta e discriminação de formas e cenas."
Quais são algumas das referências citadas no texto...,82.25,0.99,0.061,0.0,0.04,0.4,0.237,0.5,"Miller, E. F. (1994). O conceito de cognição. Boston: Allyn & Bacon.Sowards, J. (1999). O conceito de cognição. Boston: Allyn & Bacon.Sperry, R. W. (1999). O conceito de cognição. Boston: Allyn & Bacon.Vygotsky, L. S. (1997). A formação da cognição. Boston: Allyn & Bacon.Qual é a principal questão proposta no texto?Quais são as implicações da pesquisa sobre cognição na prática clínica?","Referências incluem trabalhos de Roberto Lento, Eric Kandel, Ramsey R., Carla Dalmaz, Jorge Quillfeld, Maria Elisa Calcagnotto, EEM Stewart, FT Hartmann, Y Morgenstern, e David Wolk."
"Qual é a diferença entre ""memória"" e ""memórias"" na...",2.5,2.72,0.171,0.069,0.137,0.833,0.462,0.5,"Memória é um termo singular que se refere à capacidade de lembrar experiências passadas, enquanto ""memórias"" é um termo plural que denota diferentes tipos de experiências ou memórias específicas.Qual é a importância das memórias em relação à aprendizagem social e emocional?Memórias são cruciais para formar experiências e emoções, influenciando a tomada de decisões e comportamentos. Elas ajudam a criar a identidade e o autoconhecimento.Qual é a diferença entre memórias declarativas e não declarativas?Memórias declarativas envolvem o conhecimento de experiências passadas e podem ser verbalizadas. Memórias não declarativas são memórias automáticas, como habilidades e tarefas.Como é que a memória é armazenada na mente?A memória é armazenada como estruturas mentais, que são organizadas em redes neurais e podem ser acessadas, modificadas ou perdidas.Qual é a importância da memória em relação ao desenvolvimento","""Memória"" refere-se a um mecanismo de armazenamento, enquanto ""memórias"" são experiências individuais armazenadas."
Quais são os dois tipos de memória com base na nat...,4.29,0.33,0.039,0.013,0.039,0.286,0.171,0.5,"Memória declarativa e memória não declarativa.Qual é a função da memória declarativa?Memorizar fatos, eventos e habilidades.A memória não declarativa é essencial para o desenvolvimento da linguagem.Quais são os subtipos da memória não declarativa?Memória sensorial, memória de ação e memória de aprendizagem.Quais são as características da memória sensorial e da memória de ação?Memória sensorial é breve e sensorial, enquanto a memória de ação é recordando ações executadas.Quais são as características da memória de aprendizagem e da memória declarativa?Memória de aprendizagem é associativa, enquanto a memória declarativa é associativa e dependente de estratégias de aprendizado.O que é a memória sensorial?Memória sensorial é recordando sensações sensoriais de curto prazo.O que é a memória de ação?",Memória objetiva e subjetiva.
Quais regiões do cérebro são envolvidas na memória...,4.1,6.78,0.222,0.152,0.196,0.556,0.349,0.5,"Memória de longa duração envolve o lobo temporal e a amígdala, enquanto a memória de curto prazo envolve o córtex pré-frontal e o córtex temporal.Qual é a diferença fundamental entre a memória de curto prazo e a memória de longa duração?A memória de curto prazo é temporária e não requer atenção, enquanto a memória de longa duração é permanente e exige atenção.O que é necessário para a retenção da memória de longa duração?O reconhecimento da utilidade ou relevância é necessário para a retenção da memória de longa duração.Qual é a relação entre o córtex pré-frontal e a memória de longo prazo?O córtex pré-frontal é fundamental para a formação da memória de longo prazo.Qual é a relação entre a amígdala e a memória de longo prazo?A amígdala é fundamental para a formação da memória de longo prazo, especialmente para emoções","A memória de longa duração envolve o hipocampo e regiões associativas límbicas do lobo temporal medial. A memória de curto prazo é conhecida como memória de trabalho, mas as regiões específicas não são mencionadas no texto."
Qual é o papel do córtex préfrontal na memória de ...,2.97,2.79,0.161,0.101,0.161,1.0,0.56,0.5,"O córtex préfrontal é fundamental para a tomada de decisões e planejamento.O córtex préfrontal está associado a quais problemas de saúde mental?Atenção deficiente, distúrbios do pensamento, demência, autismo, esquizofrenia, transtorno de déficit de atenção.Quais são os dois tipos de memória de trabalho?Memória de trabalho serial e simultâneo.Qual é o papel da memória de trabalho serial em processos cognitivos?Permite a realização de tarefas em ordem, envolvendo atenção seletiva.Qual é o papel da memória de trabalho simultânea em processos cognitivos?Processa tarefas simultaneamente, requer atenção.Como a atenção seletiva afeta o desempenho no trabalho?Atenção seletiva permite focar em tarefas específicas, melhorando a eficiência.Qual é a relação entre atenção e atenção seletiva?Aten","O córtex préfrontal é crucial para a memória de trabalho, como demonstrado em estudos com macacos."
Qual é o processo necessário para a codificação pr...,5.1,1.03,0.123,0.079,0.123,0.714,0.408,0.5,"A codificação profunda requer atenção plena, repetição, e um processo de codificação elaborada.Qual é a importância da codificação elaborada na codificação profunda?A codificação elaborada ajuda a construir uma estrutura robusta de informações, aumentando a facilidade e a velocidade de recuperação da memória.Quais são as duas formas de codificação na memória?A codificação na memória pode ser visual ou auditiva.Qual é a diferença entre codificação visual e auditiva?A codificação visual envolve imagens, enquanto a codificação auditiva envolve sons.O que é a memória de trabalho e quais são suas duas formas?A memória de trabalho é a capacidade de usar informações, e pode ser de alta ou baixa capacidade.Qual é a importância da memória de trabalho em um contexto educacional?A memória de trabalho permite a aprendizagem e o desenvolvimento de habilidades, sendo crucial para o aprendizado.","Codificação profunda requer atenção, motivação e conexão com informações existentes."
Qual função é realizada pelo lobo temporal medial ...,14.24,1.26,0.095,0.048,0.083,0.625,0.384,0.5,"A memória declarativa, incluindo memória de eventos e conhecimento.Quais são os dois tipos de memória declarativa mencionados?Memória de eventos e memória de conhecimento.Qual tipo de memória permite recordar experiências passadas?Memória de eventos.Qual é a função do lobo temporal lateral e do córtex parietal posterior na memória?Memória de reconhecimento.O que é a memória de reconhecimento?Memória de reconhecer informações.Qual é a forma de memória que não requer atenção para a memória?Memória de memória semiauditiva.O que é a memória semiauditiva?Memória de reconhecer sons ou sons sem lembrança.Qual é a forma de memória que requer atenção para a memória?Memória de memória visual.Qual é a forma de memória que requer atenção para a memória?Memória de memória","Contribui para a consolidação profunda, evocação e memória de trabalho."
Qual região do cérebro é responsável pela forma te...,2.01,1.61,0.116,0.047,0.092,1.0,0.613,0.5,"O córtex temporal é responsável pela forma temporária de armazenamento de memórias.Qual parte do sistema nervoso é responsável pela modulação do estado de consciência?A medula oblongata, particularmente a base do tronco cerebral, é responsável pela modulação do estado de consciência.Qual região do cérebro é responsável pela modulação do estado de consciência e está relacionada a processos de atenção?A medula oblongata, particularmente a base do tronco cerebral, é responsável pela modulação do estado de consciência e está relacionada a processos de atenção.Qual é a relação entre o sistema nervoso central e o sistema nervoso periférico?O sistema nervoso central é responsável pela regulação de atividades do sistema nervoso periférico.Qual é o papel do sistema nervoso em o controle motor e sensorial?O sistema nervoso é responsável pelo controle motor e sensorial.Quais são as funções do",O lobo temporal medial é responsável pelo armazenamento temporário de memórias.
Qual área do córtex está relacionada à memória sem...,8.77,0.4,0.051,0.0,0.034,0.375,0.232,0.5,O córtex parietal ventral e a área 37 do córtex pré-frontal.Qual é o papel das células piramidais em um neurônio?Emitem um impulso elétrico.Qual é o papel das células de Muller en um sistema nervoso?Emitem um impulso elétrico.Quais são as duas formas de comunicação no sistema nervoso?Sinaptotaxia e sinaptotaxia.Qual é a função da sinaptotaxia?Acrior o sistema nervoso.Qual é a função da sinaptotaxia?Fatoriza o sistema nervoso.Qual é o resultado da sinaptotaxia e da sinaptotaxia em um sistema nervoso?O sistema nervoso se torna mais eficiente.Qual é o resultado de uma sinaptotaxia e uma sinaptotax,"Neocórtex, incluindo lobos temporal lateral e ventral."
Que tipos de Priming foram descritos no texto?...,3.17,0.62,0.054,0.014,0.054,0.2,0.117,0.5,"Priming de estímulo, Priming de estímulo e Priming de objeto.Qual é o resultado do Priming de estímulo em relação à memória?O Priming de estímulo leva a um aumento na taxa de reconhecimento do estímulo.O Priming de estímulo é influenciado por qual tipo de experiência anterior?Experiência anterior com estímulo.Qual é o efeito do Priming de objeto no reconhecimento do objeto?O Priming de objeto aumenta a taxa de reconhecimento do objeto.Qual é a diferença entre Priming de estímulo e Priming de objeto em termos de estímulo?Priming de estímulo envolve um estímulo sensorial, enquanto Priming de objeto envolve um estímulo visual.O Priming de estímulo é uma forma de Priming de estímulo.Não, o Priming de estímulo é uma forma de Priming de objeto.Qual",Priming conceitual e Priming sensorial.
Qual é o papel do córtex extraestriatal no process...,3.96,1.95,0.19,0.068,0.168,1.0,0.561,0.5,"O córtex extraestriatal é fundamental para o processamento de informações sensoriais, controle motor, e modulação de funções executivas.Como a atenção está relacionada à memória e à aprendizagem?A atenção é crucial para focar na informação relevante, influenciando diretamente o processo de aprendizagem e a codificação da memória.Quais são as duas formas de atenção mencionadas?Aprimulação e monitoramento.Quais são as consequências de uma atenção ineficaz?Pode levar a um desempenho cognitivo ruim e afetar a capacidade de aprender e lembrar.Como a cognição é afetada pelo estado emocional?O estado emocional pode influenciar a atenção e o processamento de informações, afetando a cognição.Qual é o papel das emoções no processo cognitivo?As emoções podem afetar a atenção, a memória e a tomada de decisão, levando a respostas mais rápidas","O córtex extraestriatal é envolvido no aprendizado progressivo e na formação de memórias, especialmente em relação às memórias intrínsecas e hábitos."
Qual papel desempenha o sono na consolidação das m...,8.09,0.71,0.169,0.045,0.124,0.667,0.375,0.5,"O sono ajuda na consolidação das memórias, especialmente para experiências memoráveis.Quais são as fases do sono e o que cada uma representa?O sono é dividido em fases não-REM e REM. Fases não-REM incluem ciclo de sono, enquanto a fase REM é quando as pessoas experimentam sonhos.O sono é necessário para a consolidação das memórias?Sim, o sono é essencial para a consolidação das memórias, com as fases não-REM sendo mais importantes.Como as condições de sono influenciam a capacidade de aprender?Distúrbios do sono, como insônia, afetam negativamente a capacidade de aprender, especialmente com a exposição a estímulos.Qual é a relação entre a privação de sono e o desempenho de tarefas?A privação de sono pode prejudicar o desempenho de tarefas, especialmente aquelas que requerem atenção.Qual é a importância da","O sono influencia a transformação da memória temporária em memórias estáveis, afetando memórias emocionais, declarativas e processuais."
Quais são os benefícios do sono na consolidação da...,5.97,6.01,0.167,0.126,0.167,0.833,0.486,0.5,"O sono ajuda na consolidação da memória de aprendizado, especialmente a memória declarativa, e facilita a reorganização da memória, levando a uma melhor retenção de informações.Quais são os efeitos da privação de sono na memória de aprendizado?A privação de sono prejudica a consolidação da memória de aprendizado, levando a uma memória deteriorada e dificuldades em reorganizar a memória.Qual é o impacto da privação de sono no aprendizado de novas habilidades?A privação de sono afeta negativamente o aprendizado de novas habilidades, resultando em uma memória declarativa deteriorada.Quais são os efeitos da privação de sono no aprendizado de novas habilidades?A privação de sono impede o aprendizado de novas habilidades, afetando a memória declarativa.Qual é a diferença entre a memória declarativa e a memória não declarativa?A memória declarativa é a capacidade de recordar informações específicas, enquanto a memória","O sono ajuda na consolidação da memória de aprendizado, facilitando aative reativação e a redução da demanda atencional."
Qual é o impacto de não seguir um ciclo circadiano...,10.25,0.54,0.033,0.0,0.033,0.714,0.418,0.5,"A falta de adequação a um ciclo circadiano pode afetar a aprendizagem cognitiva, especialmente na fase de atividade do ciclo.O sono e o sono profundo são cruciais para a otimização da aprendizagem cognitiva, especialmente na fase de atividade do ciclo.Qual é a relação entre o sono e o desempenho na avaliação de tarefas de memória?O sono é fundamental para o desenvolvimento da memória, e a privação de sono pode prejudicar o desempenho na avaliação de tarefas de memória.Qual é a importância da privação de sono e do sono profundo em um ambiente de aprendizagem?A privação de sono e o sono profundo são cruciais para o desempenho em ambientes de aprendizagem, sendo essenciais para a otimização da aprendizagem cognitiva.Qual é a contribuição do sono para o processamento cognitivo e a tomada de decisões?O sono é necessário para o processamento cognitivo e a tomada de decisões, facilitando a síntese e","Erro no aprendizado, perda cognitiva, interferência no processamento visuoespacial."
Qual é o papel das microglias no sistema nervoso c...,7.07,0.39,0.096,0.0,0.053,0.889,0.526,0.5,"Microglias ajudam a regular a resposta do sistema nervoso central, garantindo que não se sobrecarreguem durante atividades cognitivas.Quais são as consequências da privação de sono para o processamento de informações?A privação de sono reduz a capacidade de processamento de informações, levando a um desempenho reduzido em tarefas cognitivas.Qual é o impacto da privação de sono na função executiva e na capacidade de atenção seletiva?A privação de sono afeta negativamente a função executiva e a capacidade de atenção seletiva, embora a privação de sono de 12 a 24 horas possa melhorar o desempenho em tarefas de atenção seletiva.Como a privação de sono afeta a capacidade de tomada de decisão?A privação de sono diminui a capacidade de tomada de decisão, afetando a capacidade de avaliar diferentes opções e tomar decisões informadas.Qual é o impacto da privação de sono no","As microglias modulam sinapses no SNC, liberando interleucinas e fator de necrose tumoral, que estão relacionadas à regulação química do aprendizado."
Quais citocinas liberadas por células T ativadas e...,2.58,0.71,0.061,0.031,0.061,1.0,0.906,0.5,"Citocinas como IL-2, IL-4 e IFN-γ liberadas por células T e monócitos infiltrantes.Quais citocinas liberadas por células T ativadas e monócinos infiltrantes contribuem para o desenvolvimento de memórias durante a atividade cognitiva?IL-2, IL-4 e IFN-γ liberadas por células T e monócinos infiltrantes.Quais citocinas liberadas por células T ativadas e monócinos infiltrantes contribuem para o desenvolvimento de memórias durante a atividade cognitiva?IL-2, IL-4 e IFN-γ liberadas por células T e monócinos infiltrantes.Quais citocinas liberadas por células T ativadas e monócinos infiltrantes contribuem para o desenvolvimento de memórias durante a atividade cognitiva?IL-2, IL-4 e IFN-γ liberadas por células",IL-4 e IL-10.
Quais conceitos são abordados no artigo de Kumar s...,8.44,0.36,0.062,0.038,0.062,0.375,0.233,0.5,"O artigo discute a diferença entre memórias de conhecimento e memórias semânticas.Qual é a diferença entre memórias de conhecimento e memórias semânticas?Memórias de conhecimento são memórias de eventos concretos, enquanto memórias semânticas envolvem memórias abstratas.Qual é o papel das memórias abstratas em nossa vida cotidiana?As memórias abstratas são importantes para a compreensão de conceitos e ideias.Quais são as duas formas de memórias abstratas mencionadas?Memorias abstratas são subdivididas em memórias de conceitos e memórias de ideias.Qual é a diferença entre memórias de conceitos e memórias de ideias?Memórias de conceitos envolvem memórias abstratas, enquanto memórias de ideias envolvem memórias abstratas e memórias de conhecimento.Quais são as três formas de memórias abstratas mencionadas?Memórias","Metodologia, modelos e desafios atuais da memória semântica."
Qual é a definição da prática em termos de interaç...,7.56,0.9,0.188,0.045,0.133,0.667,0.376,0.5,"A prática é a capacidade de criar experiências e resultados do mundo através da ação, adaptando-se às mudanças ambientais.Qual é o papel do movimento na prática?O movimento é essencial na prática, pois permite a interação e a adaptação ao ambiente.Quais são os dois tipos de movimento na prática?Movimento sensorial e motor.Qual é a diferença entre os dois tipos de movimento?Movimento sensorial envolve os sentidos, enquanto movimento motor é a ação física.Qual é a importância do movimento em uma criança?O movimento é fundamental para o desenvolvimento da criança, influenciando habilidades motoras e sensoriais.Qual é o papel das habilidades motoras e sensoriais na prática?As habilidades motoras e sensoriais são essenciais para a interação e adaptação do mundo, permitindo a realização das tarefas e experimentos.Qual é o papel da percepção sensorial e","Prática é a habilidade que envolve pensamento consciente, conceitualização e organização da interação com o mundo, incluindo movimentos, funções sensoriais e motoras."
Quais áreas cerebrais estão envolvidas no controle...,3.02,1.09,0.109,0.074,0.097,0.375,0.222,0.5,"Aílea espinhal e córtex motor primário.Quais são as principais funções do córtex pré-frontal e do córtex parietal?O córtex pré-frontal é responsável pela tomada de decisão e o córtex parietal está envolvido no processamento de informações sensoriais.Qual é o papel do córtex temporal na percepção do som e na memória?O córtex temporal é responsável pela percepção do som e a memória.Quais áreas são responsáveis pelo processamento de informações sensoriais, processamento de informações visuales, processamento de informações auditivas, processamento de informações olfativas e processamento de informações gustativas?Córtex sensorial, córtex visual, córtex auditivo, córtex olfativo, córtex gustativo.Qual é a função do córtex pré-frontal em relação à tomada de decisão e como está relacionado ao córtex parietal?","O córtex motor, o córtex somatossensorial e o cerebelo."
Quais são alguns exemplos de disfunção psicomotora...,5.93,1.95,0.081,0.0,0.054,0.4,0.291,0.5,"Disfunção psicomotora pode incluir ataxia, apraxia, distonia, parkinsonismo, ataxia, ataxia, ataxia, ataxia, ataxia, ataxia, ataxia, ataxia, ataxia, ataxia, ataxia, ataxia, ataxia, ataxia, ataxia, ataxia, ataxia, ataxia, ataxia, ataxia, ataxia, ataxia, ataxia, ataxia, ataxia, ataxia, ataxia, ataxia, ataxia, ataxia, ataxia, ataxia, ataxia, ataxia, ataxia, ataxia, ataxia, ataxia, ataxia, ataxia, ataxia, ataxia, ataxia, ataxia,","Apraxia, ataxia, disartria; relacionados a Lesões cerebrais, Doença de
Alzheimer, acidente vascular cerebral, demência frontotemporal, esclerose
multipla, parkinsonismo."
Qual é o resultado de apraxia de planejamento em c...,14.21,0.48,0.123,0.0,0.092,0.8,0.45,0.5,"Dificuldade em executar tarefas que envolvem planejamento.O que é uma distúrbão da linguagem de Frota?Dificuldade na articulação de palavras.O que é uma distúrbão da linguagem de Broca?Dificuldade na articulação de palavras, com a fala fluida.Qual é a diferença entre apraxia e ataxia em termos de movimento?Apraxia: Dificuldade em executar tarefas, sem perda de movimento. Ataxia: Dificuldade ou perda de movimento.Qual é o tratamento para distúrbões motoras?Terapia ocupacional, terapia linguística e fisioterapia.Qual é a causa principal de distúrbões motoras em crianças?Transtornos genéticos, lesões, infecções, paralisia cerebral, distúrbões neurológicas, atrofia cerebral, dem","Incapacidade ou ambiguidade no planejamento de atos motor, afetando a execução adaptada de ações."
Quais áreas do cérebro são envolvidas na produção ...,2.77,0.72,0.09,0.045,0.075,0.125,0.072,0.5,"O córtex pré-frontal medial, o córtex motor, o córtex pré-frontal lateral, a ínsula, o córtex parietal, o córtex temporal, o tálamo, o tronco encefálico, a medula oblonga, a subcórtex basal.Quais são os sinais para a perda de função cortical visível no exame neurológico?Sinais de agnosia, apraxia, apraxia ideomotora, ataxia.Quais são os sinais para a perda de função subcortical visível no exame neurológico?Sinais de ataxia, apraxia, agnosia, distúrbios do estado de consciência, parkinsonismo, parévio-motonia, demência.Qual é a importância de entender os processos de aprendizagem em neurociência cognitiva?Para desenvolver estratégias de","A área motora primária (M1), área pré-motora e córtex pré-frontal."
Qual é a principal via do comando motor humano e s...,7.67,0.82,0.137,0.035,0.137,0.333,0.222,0.5,"A via corticospinal, controlando movimentos voluntários.Descreva a via corticorruotador.Controles reflexos e movimentos involuntários.Qual é a função da via corticospinal?Controles reflexos, movimentos voluntários, coordenação muscular.Qual é a via corticorruotador e sua função?Controles reflexos, movimentos involuntários.Qual é a via corticospinal e sua função?Controles reflexos, movimentos voluntários, coordenação muscular.Qual é a via corticorotador?Controles reflexos, movimentos involuntários.Qual é a via corticospinal e sua função?Controles reflexos, movimentos voluntários, coordenação muscular.Qual é a via corticorruotador e sua função?Controles reflexos, movimentos involuntários.Qual",Via piramidal controla movimentos voluntários e precisos; divide-se em controle dos movimentos distais e proximais.
Qual é a função do sistema nervoso autônomo?...,2.0,1.26,0.136,0.055,0.122,0.8,0.465,0.5,"Controle das funções corporais involuntárias.Quais são as principais subcategorias do sistema nervoso central?Sistema nervoso em camadas, sistema nervoso em camadas superior e inferior.O sistema nervoso em camadas superior inclui qual sub-sistema?Sistema nervoso em camadas superior, sistema nervoso em camadas superior primário e secundário.Qual é a principal função do sistema nervoso em camadas primário?Receber estímulos e produzir respostas.O que é o sistema nervoso em camadas secundário?Controla as respostas executivas.Qual é a diferença entre sistema nervoso em camadas primário e secundário?O primário recebe estímulos, o secundário controla as respostas executivas.Quais são as duas partes do sistema nervoso em camadas inferior?Sistema nervoso em camadas inferior primário e","Controla funções corporais involuntárias como respiração, circulação sanguínea e digestão."
Quais são as principais características de uma cri...,10.45,0.43,0.104,0.0,0.081,0.286,0.16,0.5,"A criança com TEA apresenta déficits cognitivos, comportamentos inapropriados, dificuldades no desenvolvimento social, dificuldades no desenvolvimento motor, e se apresenta de forma atípica.Quais são os fatores de risco associados a TEA?Fatores de risco incluem condições de saúde mental da mãe, uso de drogas, condições psiquiátricas da mãe, diabetes, e uso de álcool, tabaco, ou drogas.Qual é a importância do diagnóstico precoce da TEA?O diagnóstico precoce é crucial para uma intervenção adequada e o desenvolvimento de estratégias de apoio adequadas.Quais são os desafios enfrentados pelos cuidadores em relação ao TEA?Os cuidadores enfrentam dificuldades em apoiar a criança, especialmente na educação, em relação às necessidades específicas do TEA.Qual é o papel do sistema educacional em apoiar crianças com TEA?O sistema educacional deve fornecer estratégias específicas de apoio","Falta coordenação de funções sensoriais, motoras, cognitivas, de linguagem, levando a prejuízos no comportamento e desenvolvimento."
Quais distúrbios são causados por lesões ou doença...,2.75,2.26,0.142,0.078,0.129,1.0,0.671,0.5,"Distúrbios motores, como a parálisis de Bell, afetam a capacidade de realizar tarefas motoras específicas.Quais distúrbios são causados por lesões ou doenças neurológicas, afetando a capacidade de realizar tarefas de pensamento, linguagem e processamento de informações?Distúrbios afasiais, como a afasia de Broca ou Wernicke, afetam a capacidade de realizar tarefas de pensamento, linguagem e processamento de informações.Qual distúrbio afeta a comunicação verbal e escrita, mas mantém a compreensão de linguagem?Distúrbio de afasia de Wernicke, afetando a comunicação verbal e escrita.Qual distúrbio afeta a fala, mas mantém a compreensão de linguagem?Distúrbio de afasia de Broca, afetando a fala.Quais distúrbios afetam a memória de trabalho e o processamento de informações?","A apraxia, resultante de lesões cerebrais ou doenças neurológicas, impede tarefas motoras coordenadas."
Quais são os sintomas e o processo diagnóstico da ...,3.89,1.79,0.207,0.09,0.148,0.833,0.482,0.5,"A apraxia ideomotora apresenta dificuldades em realizar tarefas, sem perda de consciência, agnosia ou apraxia ideognose. A avaliação diagnóstica inclui avaliação de motrição, agnosia e apraxia ideognose.Quais são os sinais e sintomas da agnosia ideognose?A agnosia ideognose é caracterizada por uma incapacidade de reconhecer objetos, mesmo com percepção visual intacta.Qual é o diagnóstico de agnosia ideognose com anoses?A agnosia ideognose com anoses é definida como agnosia ideognose com anoses, onde o paciente reconhece objetos, mas não pode identificar ou descrever suas propriedades.Qual é a agnosia ideognose agnosia ideognose com anoses?A agnosia ideognose agnosia ideognose com anoses é caracterizada por uma",A apraxia ideomotora afeta a capacidade de realizar movimentos complexos. O diagnóstico envolve avaliação de tarefas motrças específicas por um especialista.
Qual é uma característica da dispraxia verbal?...,3.04,1.4,0.07,0.035,0.07,0.5,0.279,0.5,"A incapacidade de produzir palavras adequadas.Quais são os dois tipos de agnosias visuais?Agnosia visoa primária e agnosia visoa associativa.Qual é o diagnóstico diferencial principal da agnosia visoa associativa?A agnosia visoa associativa é diferente da afasia por causa de distúrbios neurológicos diferentes.Qual é o diagnóstico diferencial principal da agnosia visoa primária?A agnosia visoa primária é diferente da afasia por causa de distúrbios neurológicos diferentes.Quais distúrbios neurológicos podem causar agnosia visoa primária?Distúrbios do córtex visual primário, parietal, temporal e leucoquecefaloceles.Qual é a principal característica da agnosia visoa associativa?Distúrbios",A incapacidade de articular palavras corretamente.
Quais são as consequências do comprometimento do c...,5.44,0.85,0.173,0.027,0.12,0.286,0.162,0.5,"A apraxia afeta a capacidade de realizar movimentos motorizados, afetando o planejamento, coordenação e execução de tarefas.Qual é a diferença entre apraxia ideomotora e ideacional?A apraxia ideomotora é incapacidade de realizar movimentos apropriados, enquanto a ideacional envolve dificuldade em executar tarefas complexas sem instrução.Qual é a importância da avaliação neuropsicológica na apraxia?A avaliação neuropsicológica ajuda a identificar a causa subjacente e a natureza da apraxia, o que é fundamental para a avaliação clínica e o planejamento de tratamento.Qual é o papel dos sistemas sensoriais no desenvolvimento da apraxia ideomotora?O desenvolvimento da apraxia ideomotora está relacionado aos sistemas sensoriais, pois a apraxia ideomotora é causada por lesões sensoriais.Quais são as principais",Comprometimento no controle motor causa dificuldade na execução de movimentos voluntários devido a problemas na transmissão de informações entre regiões cerebrais.
Qual é a forma mais elementar de comando motor coo...,5.4,0.25,0.0,0.0,0.0,1.0,0.688,0.5,"A forma mais elementar de comando motor coordenado é a agitação voluntária da extremidade, como um gesto.Quais são as duas formas elementares de comando motor?As duas formas elementares de comando motor são a agitação voluntária da extremidade e a agitação voluntária dos músculos.Qual é o comando motor fundamental para a agitação voluntária da extremidade?O comando motor fundamental para a agitação voluntária da extremidade é o comando motor da agitação voluntária da extremidade.Qual é o comando motor fundamental para a agitação voluntária dos músculos?O comando motor fundamental para a agitação voluntária dos músculos é o comando motor da agitação voluntária dos músculos.Quais são as formas elementares de agitação voluntária?As formas elementares de agitação voluntária são a agitação voluntária da extremidade e a agitação voluntária dos músculos.",Os arcos reflexos na medula espinal ou no tronco encefálico.
Quais efeitos as lesões do sistema nervoso central...,3.33,5.18,0.182,0.105,0.143,0.889,0.535,0.5,"Lesões no sistema nervoso central podem causar reflexos espinhais anormalmente altos ou baixos.O que causa a agnosia em um paciente com lesões do sistema nervoso central?Lesões do sistema nervoso central podem levar à agnosia.Quais são as características da agnosia?Agnosia é a incapacidade de reconhecer estímulos sem que as funções sensoriais e o processamento de informações sejam afetadas.Qual é a diferenciação entre agnosia e ataxia?A agnosia é a incapacidade de reconhecer estímulos, enquanto a ataxia é a falta de coordenação motora.Quais são os tipos de agnosia descritos?Existem agnosias de percepção, de identificação e de reconhecimento.Quais são as causas mais comuns de agnosia?Lesões do sistema nervoso central, como inf","Lesões do sistema nervoso central podem causar mudanças significativas na intensidade dos reflexos espinhais, que ajudam no diagnóstico de distúrbios neurológicos."
Qual é o mecanismo por trás do reflexo miotático i...,5.05,3.35,0.147,0.068,0.147,0.833,0.5,0.5,"O reflexo miotático inverso envolve a liberação de hormônio da glândula pineorrinal, causando a vasoconstrição das superfícies mucosas da boca e garganta.Qual é o efeito do reflexo miotático inverso na superfície mucosa da boca e garganta?O reflexo miotático inverso causa vasoconstrição nas superfícies mucosas da boca e garganta.Qual é a diferença entre a liberação de hormônio do reflexo miotático inverso e do reflexo salivatorius?O reflexo salivatorius é mediado por fibras motoras nervosas, enquanto o reflexo miotático inverso é mediado por hormônio.Qual é o mecanismo de liberação de hormônio no reflexo miotático inverso?O reflexo miotático inverso é mediado pela liberação de hormônio da glândula pineorrinal.","O reflexo miotático inverso envolve o relaxamento de um músculo sob força contrativa, regulando assim a força muscular."
Quais são as principais diferenças entre o reflexo...,7.23,2.36,0.216,0.092,0.17,0.714,0.418,0.5,"Reflexo miotático envolve a coapadragem dos músculos e o reflexo inverso envolve a relaxação dos músculos.Qual é o papel do sistema nervoso central e periférico no reflexo miotático?O sistema nervoso central é responsável pela resposta, enquanto o sistema nervoso periférico é responsável pela ação executada.Qual é a relação entre a estimulação do receptor e a resposta executada no reflexo miotático?A estimulação do receptor é seguida pela resposta executada.Quais são os tipos de estímulos que podem causar o reflexo miotático?Estímulos químicos, mecânicos e térmicos podem causar o reflexo miotático.Qual é o resultado de um estímulo agudo em um músculo?O músculo relaxa.Quais são os tipos de resposta muscular ao estímulo?A resposta muscular pode ser","O reflexo miotático inverso é dissináptico devido à transmissão por um interneurônio inibitório, levando ao relaxamento do músculo, enquanto o reflexo miotático é excitante, causando a contração muscular."
Quais são as funções dos reflexos de extensão cruz...,3.45,2.74,0.221,0.087,0.147,0.909,0.568,0.5,"Reflexos de extensão cruzada e retirada do flexor são essenciais para a manutenção da postura e a marcha.Quais são as principais áreas da cabeça e do tronco que contribuem para a coordenação muscular e a liberação de neurotransmissores?O córtex pré-frontal, córtex motor, medula espinal, medula oblongata, sistema nervoso central e sistema nervoso periférico.Qual é a função das vias sensoriais no sistema nervoso?Transmitir informações sensoriais.Como as vias sensoriais se dividem e quais são as funções das vias sensoriais e do sistema nervoso?Vias sensoriais dividem em vias sensoriais e do sistema nervoso. As vias sensoriais transmitem estímulos sensoriais, enquanto as vias do sistema nervoso transmitem estímulos motrônicos.Qual é a diferenciação entre a via","O reflexo de extensão cruzada aumenta o suporte postural, enquanto o reflexo de retirada do flexor facilita a contração do músculo flexor durante a marcha."
Qual papel os centros superiores desempenham nos r...,4.5,0.53,0.038,0.013,0.038,0.25,0.148,0.5,"Orientam, avaliam e ajustam os reflexos, garantindo que eles sejam adequados ao ambiente e à situação.Qual é o resultado de um reflexo de um indivíduo com déficit de atenção?O reflexo pode ter um resultado de ""fazer"" ou ""não fazer"" devido à falta de atenção.Qual é a diferença entre um reflexo de um indivíduo com déficit de atenção e um reflexo com uma resposta de ""fazer"" em um ambiente adequado?Um reflexo com uma resposta de ""fazer"" em um ambiente adequado indica uma resposta de um sistema neural.Qual é a importância dos reflexos em estudos de desenvolvimento?Reflexos fornecem informações sobre o desenvolvimento, incluindo a presença de déficits.Qual é a importância dos reflexos em estudos de desenvolvimento?Reflexos fornecem informações sobre o desenvolvimento, incluindo a presença de déficits.Qual é a importância dos reflex",Os centros superiores controlam e regulam continuamente os reflexos.
Quais são as funções principais do cerebelo no con...,13.51,0.86,0.117,0.036,0.117,0.5,0.281,0.5,"O cerebelo é responsável pela coordenação fina e precisa dos movimentos, incluindo a regulação da força e da velocidade.O que ocorre quando o motor cortex envia sinais para os músculos?Quando o motor cortex envia sinais para os músculos, eles se contraem para realizar movimentos.Qual é a função do córtex pré-frontal em relação ao movimento?O córtex pré-frontal é envolvido no planejamento e controle de movimentos, especialmente aqueles que são conscientes ou voluntários.Qual é o papel da via cortico-spinal em relação aos movimentos?A via cortico-spinal transmite sinais de controle motor da região motora anterior para os músculos.Como é formada a via corticospinal?A via corticospinal é formada por neurônios motor da região motora anterior que se conectam com neurônios motor em ganglios e neurônios motor em músculos.Qual é a função","O cerebelo prepara e controla movimentos harmoniosos, verificando a precisão do timing e da execução."
Quais são as três áreas importantes do cerebelo pa...,2.47,0.38,0.017,0.0,0.017,0.333,0.192,0.5,"Ato, prospecção e movimento.Qual é a função do sistema nervoso motor, e quais sistemas estão envolvidos?Movimento muscular, envolvendo sistema nervoso motor, sistema nervoso autonômico e sistema sensorial.Como o sistema nervoso motor coopera com o sistema nervoso sensorial e autonômico?Para o controle preciso de movimento, incluindo o feedback do sistema sensorial.Qual é a função da base cerebral e como está relacionada ao movimento?Controla o movimento dos membros superiores e do tronco.Quais são os tipos de apraxia e suas causas?Apraxia ideomotora, apraxia ideognosia, apraxia ideognosia ideomotora, apraxia ideognosia ideognosia.Quais são as diferenças entre apraxia ideognosia ideomotora e apraxia ideognosia ideognosia","Vestibulocerebelo, espinocerebelo e cerebrocerebelo."
Qual é a função do lobo floculonodular em relação ...,9.43,0.31,0.051,0.0,0.025,0.833,0.466,0.5,"O lobo floculonodular é responsável pelo equilíbrio e para estabilizar a postura.Qual é o papel do sistema vestibular na percepção de movimento?O sistema vestibular é fundamental na percepção de movimentos, incluindo o movimento de cabeça e o ritmo cardíaco.Qual é a importância da estimulação do sistema nervoso em relação ao desenvolvimento cognitivo?A estimulação do sistema nervoso, incluindo a estimulação visual e auditiva, é crucial para o desenvolvimento cognitivo, especialmente na regulação de emoções e na percepção.Quais são os dois tipos de movimentos e suas características?Movimentos são classificados em movimentos motores e movimentos reflexos, com movimentos reflexos sendo inerentes a estímulos específicos.Como é classificado o movimento em termos de controle?Movimentos são classificados em movimento voluntário, que é controlado conscientemente, e movimento involuntário, que não é controlado conscientemente",Regula ajustes posturais usando informações do labirinto vestibular.
Qual função é atribuída ao verme espinal e cerebra...,20.88,0.67,0.095,0.041,0.082,0.889,0.562,0.5,O verme espinal e cerebral controlam os músculos e o movimento.Qual é a função do sistema nervoso central e periférico?O sistema nervoso central e periférico é responsável por sinalizar e coordenar as funções musculares.Qual sistema é responsável por sinalizar e coordenar as funções musculares?Sistema nervoso central e periférico.Quais são as duas regiões do sistema nervoso central mencionadas?Córtex e medula espinhal.Qual sistema é mencionado para controle muscular e movimento?Sistema nervoso.Qual é a função do sistema nervoso em relação às atividades motoras e sensoriais?O sistema nervoso realiza atividades motoras e sensoriais.Qual é o papel do sistema nervoso em funções motoras e sensoriais?O sistema nervoso é responsável por funções motoras e sensoriais.Qual,"Controles os músculos proximais, postura, locomoção, movimento ocular e afeta distantias dos membros."
Quais estruturas no sistema nervoso são responsáve...,5.4,0.38,0.066,0.0,0.053,0.273,0.174,0.5,O tronco encefálico e a base da coluna cervical.Quais são as duas funções do sistema nervoso motor?Movimentar os músculos e controlar a atividade muscular.Qual é a resposta do sistema nervoso motor a uma estimulação elétrica?Movimento muscular.Qual é a função do sistema nervoso motor em relação à postura do tronco?Mantener a postura do tronco.Qual é a função do sistema nervoso motor em relação à postura do tronco cervical?Atribuir a postura do tronco cervical.Quais são as duas funções do sistema nervoso sensorial?Transmitir informações sensoriais e fornecer feedback para o sistema nervoso motor.Quais são as duas funções do sistema nervoso sensorial em relação ao tronco?Transmitir informações sensoriais e fornecer feedback.Quais são as duas funções do sistema,O espinocerebelo contribui para a suavidade e harmonia dos movimentos dos membros.
Quais funções os microcomplexos cerebelares desemp...,7.99,1.91,0.189,0.045,0.156,1.0,0.61,0.5,"Os microcomplexos cerebelares são envolvidos no controle do movimento, aprendizado motor e atividade mental.Quais regiões do cérebro estão envolvidas no processamento de informações sensoriais e motoras?O córtex parietal e córtex visual são responsáveis pelo processamento de informações sensoriais e motoras.Quais são as funções dos lobares sensoriais, sensoria-motor e executiva em relação ao processamento de informações sensoriais e motoras?O lobo sensorial processa informações sensoriais, o lobo sensoria-motor controla movimento e o lobo executiva é responsável pelo processamento de informações sensoriais e motoras.Quais funções o córtex pré-frontal e o córtex parietal executivas desempenham na tomada de decisão?O córtex pré-frontal executiva é responsável pelo planejamento, a tomada de decisão e o controle de impulsos, enquanto o córtex","Os microcomplexos cerebelares facilitam o aprendizado motor através da redução da atividade das fibras paralelas e detecem erros de movimento, enquanto também envolvem funções mentais semelhantes a processos motores."
Qual é a diferença marcante entre as lesões cerebe...,5.25,0.78,0.113,0.043,0.113,0.375,0.22,0.5,"As lesões cerebelares não afetam a consciência, mas podem afetar habilidades motoras, sensoriomotoras e de coordenação.Quais são os tipos de lesões cerebelares e suas causas?Lesões cerebelares agudas, causadas por traumas ou infecções, e lesões cerebelares crônicas, relacionadas a doenças genéticas, infecções ou uso de certos medicamentos.Como as lesões cerebelares afetam a coordenação e o movimento?As lesões cerebelares podem levar a ataxia, afetando a coordenação e o movimento.Qual é a função do córtex somatosensorial primário e como está relacionado às lesões cerebelares?O córtex somatosensorial primário processa informações sensoriais, incluindo estimulação tactorial. Lesões cerebelares podem afetar","Lesões cerebelares implicam erros dos movimentos, enquanto outras lesões levam à paralisia dos movimentos voluntários."
Quais são as funções executivas e sua importância ...,6.59,2.76,0.201,0.09,0.168,1.0,0.557,0.5,"As funções executivas envolvem planejamento, controle e tomada de decisão, essenciais para a autonomia.Qual é a relação entre desenvolvimento da autonomia e funções executivas?O desenvolvimento da autonomia está ligado ao aperfeiçoamento das funções executivas, sendo importante para a independência.Como as emoções influenciam as funções executivas?As emoções, especialmente emoções negativas, podem afetar o processo de tomada de decisão.Quais são os benefícios de uma autoconhecimento saudável?Enfrenta dificuldades, promove crescimento pessoal, e ajuda a desenvolver autonomia.Quais são os efeitos da privação de cuidados em crianças?Pode levar a desvantagens neuropsicológicas, dificuldades em desenvolvimento da autonomia e problemas de controle emocional.Qual é a importância do cuidado social na vida de um indivíduo?O cuidado social é fundamental para o desenvolvimento emocional e social, bem como para o desenvolvimento da autonomia.Qu","Funções executivas incluem habilidades de planejamento, organização, execução e controle, essenciais para a independência pessoal e sucesso acadêmico, profissional e social."
Quais problemas podem surgir se as funções executi...,3.89,1.47,0.172,0.05,0.147,0.273,0.166,0.5,"Dificuldades em planejamento, tomada de decisão, atenção, controle motor, memória, linguagem, atenção, memória e emoções.Quais são as funções executivas relacionadas a tarefas e habilidades?Planejamento, tomada de decisão, atenção, controle motor, memória, linguagem, atenção, memória e emoções.Quais são os dois tipos de habilidades executivas?Habilidades mentais e habilidades motoras.Quais áreas do cérebro são responsáveis por funções executivas?Córtex pré-frontal, córtex parietal, córtex temporal, córtex límbico, líbido-ventral, córtex pré-frontal e córtex parietal.Qual é a importância de entender as funções executivas em um contexto clínico?Auxilia na avaliação do desenvolvimento e na identificação de transtornos, como o TDA.Quais são os dois tipos de atenção?Atendimento ativo","Dificuldades em tarefas diárias, tomada de decisões, emoções e adaptação a novas situações."
Quais condições podem afetar a função executiva co...,2.75,0.38,0.049,0.013,0.049,0.7,0.414,0.5,"A idade, doenças neurológicas e transtornos psiquiátricos.O que é a flexibilidade cognitiva e qual papel desempenha na tomada de decisões?Flexibilidade cognitiva é a capacidade de adaptar-se a novas situações e fazer escolhas adequadas. Ela permite avaliar diferentes opções e selecionar a mais adequada.Qual é a importância do controle inibitório na tomada de decisão?O controle inibitório ajuda a controlar impulsos e impulsos, permitindo a tomada de decisões adequadas em momentos de pressão.Qual é a relação entre a função executiva e a cognição social?A função executiva afeta a cognição social, pois envolve habilidades de tomada de decisão, adaptação a novas situações e controle de impulsos, essenciais para a interação social.Quais são os fatores influentes na cognição social e tomada de decisão?Fatores influentes incluem cognição social,","Doenças neurodegenerativas, transtornos mentais, uso de drogas, envelhecimento."
Quais três habilidades cognitivas principais são i...,4.29,0.35,0.037,0.0,0.037,0.833,0.536,0.5,"Tempo de atenção, atenção seletiva e controle executivo.Quais funções executivas são consideradas independentes mas interagem em um processo?Tempo de atenção, atenção seletiva e controle executivo.O que é a cognição social e suas bases?A habilidade de interpretar a mentalidade, emoções e comportamentos de outros, baseada na teoria da mente.Qual é a teoria da mente e como é relacionada à cognição social?A teoria da mente é a capacidade de prever a ação e a mentalidade de outra pessoa. A cognição social é a interpretação da mentalidade e emoções com base na teoria da mente.Quais são as três funções executivas principais?Tempo de atenção, atenção seletiva e controle executivo.Quais são as três funções executivas principais que compõem o Modelo das Funções Executivas de Miyake e colaboradores?Tempo de atenção, atenção","Memória de trabalho, controle inibitório e flexibilidade mental."
Qual é a importância dos modelos teóricos das funç...,11.8,0.34,0.056,0.011,0.056,0.667,0.374,0.5,"Servem como base para entender a interação entre o cérebro e o ambiente na tomada de decisão.Qual é a diferença entre a teoria da tomada de decisão e a teoria da motivação?A tomada de decisão foca na escolha de ações com base em informações, enquanto a motivação foca na motivação de ação para alcançar objetivos.Quais são os dois aspectos da motivação mencionados?Motivação intrínseca e motivação extrínseca.Quais são os benefícios das funções executivas desenvolvidas?Aprimoram a resolução de problemas, a tomada de decisões e a gestão de tarefas.Qual é a relação entre a cognição social e as funções executivas?A cognição social ajuda a entender e responder às necessidades e emoções dos outros, influenciando a tomada de decisões e a motivação.Qual é a importância das funções executivas na tomada de decisão?",Orientar e organizar estratégias de avaliação e intervenção.
Qual método é usado para avaliar funções executiva...,3.27,0.36,0.044,0.03,0.044,0.727,0.502,0.5,"O Test de Autoavaliação de Habilidades e Estratégias de Enfrentamento.Qual é a importância da autoavaliação de habilidades em funções executivas?A autoavaliação de habilidades ajuda a avaliar a autoavaliação de habilidades e estratégias de enfrentamento.Qual é o papel da autoavaliação de estratégias de enfrentamento?Avalia a autoavaliação de estratégias de enfrentamento.Quais são as duas categorias de habilidades executivas mencionadas?Habilidades cognitivas e habilidades de planejamento.Qual é a relação entre habilidades executivas e habilidades cognitivas?Habilidades executivas envolvem habilidades cognitivas, mas não são as mesmas.Quais são as duas principais funções executivas?Enfrentamento de tarefas e planejamento.Quais são as duas principais funções de planejamento?Planejamento de tarefas e planejamento de atividades.",Questionários de autoavaliação.
Que vantagens e desvantagens apresenta a observaçã...,4.95,3.04,0.156,0.08,0.13,0.375,0.245,0.5,"Observação direta permite avaliar a função executiva em um ambiente natural, mas pode não capturar o desempenho total.Qual método é mais adequado para avaliar a função executiva em pacientes com demência?A avaliação de desempenho assistido em um ambiente controlado é mais adequada para avaliar a função executiva em demência.","Os pontos fortes incluem a avaliação em tempo real, mas pode ser influenciada pelos comportamentos e habilidades observados."
Quais metodologias fornecem insights sobre o uso d...,5.33,3.19,0.115,0.077,0.115,0.667,0.39,0.5,"Inquéritos, monitoramento, e amostras de atividade.Quais condições são consideradas em estudos sobre a cognição executiva?Conditões de baixo estímulo, alto estresse.Qual é o papel das habilidades executivas em ambientes naturais?Aprimoramento da aptidão para situações complexas e imprevisíveis.Quais são os benefícios de ambientes naturais para o desenvolvimento de habilidades executivas?Melhoram a aptidão para desafios não previsíveis.Qual é a relação entre a cognição executiva e a saúde mental?A cognição executiva afeta o comportamento, o aprendizado e a tomada de decisões, influenciando a saúde mental.Quais são os principais mecanismos envolvidos na cognição executiva?O controle de atenção, o planejamento, a tomada de decisão e a tomada de decisão.Qual é a importância do planejamento na",Avaliações de habilidades executivas em ambientes naturais e exames de imagem cerebral (fMRI).
Quais fatores influenciam a decisão de encaminhar ...,20.74,0.32,0.043,0.033,0.043,0.714,0.411,0.5,"A decisão de encaminhar um paciente a um especialista é baseada no conhecimento especializado do profissional, na avaliação do paciente, na adequação de recursos e na adequação de benefícios.Qual é o papel dos profissionais de saúde na tomada de decisão em saúde?Os profissionais de saúde têm o papel de avaliar a situação do paciente e fornecer o melhor cuidado possível, garantindo que a decisão de encaminhamento seja baseada em conhecimento especializado e em avaliação do paciente.Como a adequação de recursos pode afetar a decisão de encaminhamento?A adequação de recursos pode limitar ou facilitar a capacidade do sistema de saúde em fornecer cuidados especializados, influenciando a decisão de encaminhamento.Qual é o objetivo de encaminhamento em saúde mental?O objetivo do encaminhamento em saúde mental é garantir que o paciente receba cuidados especializados adequados para seu estado de saúde.Quais são as duas categorias de encaminhamento?As duas categorias de encaminhamento","Resultados da avaliação, objetivos de tratamento, comprometimento cognitivo atípico."
Quais são as formas de preservar e proteger as fun...,4.33,0.32,0.056,0.042,0.056,0.5,0.325,0.5,"Exercícios físicos, atividade social, monitoramento de cognição, monitoramento de saúde mental e monitoramento de demência.Quais são as condições relacionadas às funções executivas?Dementia, demência, desordens de funcionamento, demência, demência, demência, demência, demência, demência, demência, demência, demência, demência, demência, demência, demência, demência, demência, demência, demência, demência, demência, demência, demência, demência, demência, demência, demência, demência, demência, demência, demência, demência, demência, demência, demência, demência, demência, demência, demência, demência, demência, demência, demência, demência, demência, demência, demência, demência, demência, demência, dem","Exercício físico regular, incluindo exercícios aeróbicos."
Qual atividade pode ajudar a melhorar as funções e...,6.38,0.25,0.0,0.0,0.0,0.429,0.243,0.5,"Jogar quebra-cabeça ou jogos de tabuleiro como o Scrabble.Qual atividade é recomendada para melhorar a atenção e a memória?Praticar exercícios de atenção plena, como meditação ou yoga.Qual é um método para manter a atenção plena?Seguir um mantra, como a recitação de ""amanhã"".Quais são as vantagens da atenção plena?Melhora a atenção, o foco e a concentração.Qual é o impacto da atenção plena na cognição social?Aumenta a compreensão e a empatia.Como a atenção plena afeta a cognição emocional?Ajuda a gerenciar emoções, reduzir estresse e ansiedade.Qual é a relação entre atenção plena e cognição social?A atenção plena aprimora a cognição social, permitindo uma melhor interação social.Qual é a importância da atenção plena na cog",Treinamento cognitivo baseado em computador.
Quais são formas de preservar e melhorar as funçõe...,3.72,1.09,0.104,0.031,0.093,0.5,0.291,0.5,"Exercício físico, exercícios mentais, atividades sociais, saúde mental, exercícios de agilidade e força.Qual é a importância do exercício físico no desenvolvimento cognitivo?O exercício físico melhora a função cognitiva, a agilidade, a saúde mental, a memória, a atenção, o processamento de informações e a tomada de decisões.Qual é o impacto do exercício mental em indivíduos idosos?O exercício mental melhora a agilidade, a saúde mental, a memória, a atenção, o processamento de informações, a tomada de decisões e a função cognitiva.Qual é a relação entre atividades sociais e o desenvolvimento cognitivo?Atividades sociais ajudam a melhorar a agilidade, a saúde mental, a memória, a atenção, o processamento de informações, a tomada de decisões e a função cognitiva.Qual é a importância da saúde mental na preservação das funções executivas?A saúde mental é crucial para a preservação das","Exercício físico, alimentação saudável, sono adequado, treinamento cognitivo, redução do estresse, atividade mental."
